CrashReportId,ReportNumber,CrashDate,CrashTime,TypeOfCollision,Collision Type,StreetOrHighway,NearestIntersection,Officer,Badge,ReportDate,TypeOfRoadway,RoadSurfaceCondition,LightCondition,WeatherCondition,MannerofImpact,HitAndRun,TrafficControl,PersonCount,InjuryCount,MostSeriousInjury,NumberofVehicles,NumberOfLanes,Latitude,Longitude
925573,2025-00047721,2025-06-23,,Vehicle - Vehicle,,POINT ST,EDDY ST,Lucio Andreozzi,381,2025-06-28,"Two-Way, Divided, Positive Median Barrier",Dry,Dark - Lighted,Clear,Rear End(Front-to-Rear),No,Traffic Control Signal,4,0,No Injury,2,,41.81688,-71.40647
925552,2025-00047797,2025-06-23,1:41:00 PM,Vehicle - Parked Vehicle,,Washington St,EDDY ST,Alexander Wagoner,541,2025-06-27,"Two-Way , Not Divided",Dry,Daylight,Clear,"Sideswipe, Same Direction",No,No Controls,3,0,No Injury,2,,41.82407,-71.41332
925475,2025-00047782,2025-06-23,12:40:00 PM,Vehicle - Parked Vehicle,,WESTMINSTER ST,,Jason Clancy,999,2025-06-24,Unknown,Dry,Daylight,Clear,Unknown,No,Unknown,2,0,Unknown,2,,,
925476,2025-00047813,2025-06-23,2:29:00 PM,Vehicle - Object,,27 Payton St,,L. Quinilla,572,2025-06-24,"Two-Way , Not Divided",Dry,Daylight,Clear,"Sideswipe, Same Direction",No,No Controls,2,0,No Injury,1,2,,
925508,2025-00047716,2025-06-23,6:41:00 AM,Vehicle - Parked Vehicle,,TOBEY ST,BROADWAY ST,Victor Tavarez,564,2025-06-25,One-Way Trafficway,Dry,Daylight,Clear,Head-On (Front - to - Front),"Yes, M/V and Driver Left Scene",No Controls,2,0,Unknown,2,,41.81888,-71.43521
925502,2025-00047171,2025-06-22,8:08:00 PM,Vehicle - Parked Vehicle,,WASHINGTON ST,DEAN ST,Nicolas Lafazia,369,2025-06-25,"Two-Way , Not Divided",Dry,Daylight,Clear,Not a Collision Between Two Motor Vehicles in Transport,No,No Controls,3,0,No Injury,2,,41.81912,-71.42066
925473,2025-00047795,2025-06-22,5:36:00 PM,Vehicle - Parked Vehicle,,BROAD ST,BROAD ST,Jason Clancy,999,2025-06-24,Unknown,Dry,Dusk,Clear,Unknown,"Yes, M/V and Driver Left Scene",Unknown,1,0,Unknown,2,,41.81639,-71.41913
925485,2025-00048090,2025-06-22,6:26:00 PM,Vehicle - Parked Vehicle,,FAIRVIEW ST,MOUNT PLEASANT AVE,Jason Clancy,999,2025-06-24,"Two-Way , Not Divided",Dry,Dark - Unknown Lighting,Clear,Rear - to - Side,No,Unknown,2,0,Unknown,2,,41.82903,-71.44915
925478,2025-00047869,2025-06-22,12:00:00 PM,Vehicle - Parked Vehicle,,ASHBURTON ST,,Jason Clancy,999,2025-06-24,Unknown,Dry,Daylight,Clear,Unknown,"Yes, M/V and Driver Left Scene",Unknown,1,0,Unknown,2,,,
925520,2025-00047485,2025-06-22,3:03:00 PM,Vehicle - Parked Vehicle,,PRAIRIE AVE,SAYLES ST,Jose Cortorreal,604,2025-06-25,"Two-Way , Not Divided",Dry,Daylight,Clear,Unknown,"Yes, M/V and Driver Left Scene",No Controls,1,0,Unknown,2,,41.80315,-71.4138
925875,2025-00052756,2025-06-22,6:40:00 PM,Vehicle - Parked Vehicle,,ADMIRAL ST,,Jason Clancy,999,2025-07-09,Unknown,Dry,Daylight,Clear,"Sideswipe, Same Direction",No,Unknown,5,1,Complains Of Pain,2,,,
926465,2025-00047462,2025-06-22,11:59:00 AM,Vehicle - Parked Vehicle,,NARRAGANSETT BLVD,CALIFORNIA AVE,Waldorf Pognon,501,2025-07-30,"Two-Way , Not Divided",Dry,Daylight,Clear,Unknown,"Yes, M/V and Driver Left Scene",No Controls,1,0,No Injury,2,2,41.78935,-71.39611
925442,2025-00047342,2025-06-22,1:30:00 AM,Vehicle - Vehicle,,DEAN ST,UNNAMED_42,Jason Clancy,999,2025-06-23,Unknown,Dry,Dark - Unknown Lighting,Clear,Rear End(Front-to-Rear),No,Unknown,5,3,Complains Of Pain,2,,41.8304,-71.42757
925435,2025-00047320,2025-06-22,12:21:00 AM,Vehicle - Vehicle,,SERVICE ROAD 7,FEDERAL ST,Jason Clancy,999,2025-06-23,One-Way Trafficway,Dry,Dark - Unknown Lighting,Clear,"Sideswipe, Same Direction","Yes, M/V and Driver Left Scene",Unknown,1,0,Unknown,2,,41.82192,-71.42079
925459,2025-00047591,2025-06-22,9:11:00 PM,Vehicle - Vehicle,,BROAD ST,PEARL ST,Johansell Montilla,627,2025-06-23,"Two-Way, Divided, Unprotected (painted>4feet) Medium",Dry,Dark - Lighted,Clear,Angle (Front - to - Side) Opposite Direction,"Yes, M/V and Driver Left Scene",Traffic Control Signal,1,0,No Injury,2,,41.81475,-71.42095
925465,2025-00047439,2025-06-22,10:02:00 AM,Vehicle - Vehicle,,JOHN JAY PARTINGTON WAY,BROADWAY,Angel Garcia,656,2025-06-23,One-Way Trafficway,Dry,Daylight,Clear,Angle (Front - to - Side) Same Direction,No,Traffic Control Signal,3,0,No Injury,2,,,
925466,2025-00047451,2025-06-22,11:08:00 AM,Vehicle - Vehicle,,ATWELLS AVENUE,DAVE GAVITT WAY,Angel Garcia,656,2025-06-24,One-Way Trafficway,Dry,Daylight,Clear,Angle (Front - to - Side) Same Direction,No,Traffic Control Signal,2,0,No Injury,2,3,,
925394,2025-00047341,2025-06-22,2:08:00 AM,Vehicle - Pedestrian,Pedestrian,HILLCREST AVE,FREEDOM RD,Aidan Pendergast,651,2025-06-22,"Two-Way , Not Divided",Dry,Dark - Lighted,Clear,Not a Collision Between Two Motor Vehicles in Transport,"Yes, M/V and Driver Left Scene",No Controls,3,1,Non-Incapacitating,1,,41.83152,-71.45897
925395,2025-00047323,2025-06-22,1:16:00 AM,Vehicle - Parked Vehicle,,DORRANCE ST,WESTMINSTER ST,Lucas Ramalho,507,2025-06-22,"Two-Way , Not Divided",Dry,Dark - Lighted,Clear,Angle (Front - to - Side) Same Direction,No,Traffic Control Signal,3,0,No Injury,2,,41.82356,-71.41159
925398,2025-00047370,2025-06-22,1:46:00 AM,Vehicle - Vehicle,,MARSHALL ST,MEADER ST,Hector Viruet,614,2025-06-22,One-Way Trafficway,Dry,Dark - Lighted,Clear,Rear End(Front-to-Rear),"Yes, M/V and Driver Left Scene",No Controls,3,0,Unknown,3,,41.81777,-71.43197
925399,2025-00047352,2025-06-22,2:15:00 AM,Vehicle - Vehicle,,ALLENS AVE,OCONNELL ST,Alexandra Dzialo,616,2025-06-22,"Two-Way , Not Divided",Dry,Dark - Lighted,Clear,Angle (Front - to - Side) Same Direction,No,Unknown,4,0,No Injury,2,,41.80699,-71.40316
925392,2025-00047299,2025-06-22,12:25:00 AM,Vehicle - Parked Vehicle,,Chalkstone Ave,LEAH ST,Aidan Pendergast,651,2025-06-22,"Two-Way , Not Divided",Dry,Dark - Lighted,Clear,Rear End(Front-to-Rear),No,No Controls,2,1,Non-Incapacitating,2,,41.83251,-71.45171
925402,2025-00047437,2025-06-22,10:01:00 AM,Vehicle - Parked Vehicle,,BELLEVUE AVE,CRANSTON ST,Manuel Vlaun,551,2025-06-22,"Two-Way , Not Divided",Dry,Daylight,Clear,"Sideswipe, Same Direction",No,No Controls,2,0,No Injury,2,,41.80879,-71.43369
925403,2025-00047445,2025-06-22,10:38:00 AM,Vehicle - Vehicle,,ELMWOOD AVE,ADELAIDE AVE,Thomas Jones,160,2025-06-22,"Two-Way , Not Divided",Dry,Daylight,Clear,Angle (Front - to - Side) Opposite Direction,No,Traffic Control Signal,4,0,No Injury,2,,41.79589,-71.425
925405,2025-00047455,2025-06-22,11:39:00 AM,Vehicle - Vehicle,,DOYLE AVE,WILLIAM ELLERY PL,Thiago Gomes,532,2025-06-22,"Two-Way , Not Divided",Dry,Daylight,Clear,"Sidwswipe, Opposite Direction",No,No Controls,5,0,No Injury,2,3,41.83835,-71.4083
925406,2025-00047474,2025-06-22,1:27:00 PM,Vehicle - Parked Vehicle,,JUDITH ST,STERLING AVE,Domingo Diaz,519,2025-06-22,"Two-Way , Not Divided",Dry,Daylight,Clear,Angle (Front - to - Side) Same Direction,"Yes, M/V and Driver Left Scene",No Controls,1,0,Unknown,2,,41.81249,-71.44523
925407,2025-00047475,2025-06-22,1:26:00 PM,Vehicle - Parked Vehicle,,LEO AVE,SHEPARD AVE,John Benros,481,2025-06-22,"Two-Way , Not Divided",Dry,Daylight,Clear,Unknown,"Yes, M/V and Driver Left Scene",No Controls,1,0,Unknown,2,,41.85983,-71.42207
925412,2025-00047493,2025-06-22,3:26:00 PM,Vehicle - Vehicle,,MANTON AVE,TANYARD LN,Terrence Gibson,610,2025-06-22,"Two-Way , Not Divided",Dry,Daylight,Clear,Angle (Front - to - Side) Right Angle (Includes Broadside),No,No Controls,2,0,No Injury,2,,41.81752,-71.44409
925413,2025-00047509,2025-06-22,4:03:00 PM,Vehicle - Vehicle,,BROAD ST,BROAD ST,Jeffrey Gagnon,317,2025-06-22,"Two-Way , Not Divided",Dry,Daylight,Clear,Angle (Front - to - Side) Right Angle (Includes Broadside),No,Traffic Control Signal,6,2,Complains Of Pain,2,,41.81639,-71.41912
925416,2025-00047494,2025-06-22,3:32:00 PM,Vehicle - Parked Vehicle,,ALLENS AVE,NEW YORK AVE,Nicholas Manfredi,343,2025-06-22,"Two-Way , Not Divided",Dry,Daylight,Clear,Rear End(Front-to-Rear),No,No Controls,4,0,No Injury,2,,41.79092,-71.39663
925417,2025-00047557,2025-06-22,7:06:00 PM,Vehicle - Vehicle,,HAROLD ST,CHALKSTONE AVE,Atanael Lara,129,2025-06-22,"Two-Way , Not Divided",Dry,Daylight,Clear,Angle (Front - to - Side) Opposite Direction,No,Stop Signs,3,0,No Injury,2,,41.8324,-71.43934
925421,2025-00047495,2025-06-22,3:03:00 PM,Vehicle - Vehicle,,RAYMOND ST,DEAN ST,Ryan Fernandes,125,2025-06-22,"Two-Way, Divided, Positive Median Barrier",Dry,Daylight,Clear,Rear End(Front-to-Rear),"Yes, M/V and Driver Left Scene",Traffic Control Signal,1,0,No Injury,2,,41.8315,-71.42856
925423,2025-00047549,2025-06-22,6:50:00 PM,Vehicle - Vehicle,,BROAD ST,EDDY ST,Nicholas Manfredi,343,2025-06-22,"Two-Way , Not Divided",Dry,Daylight,Clear,Rear End(Front-to-Rear),No,Traffic Control Signal,3,0,No Injury,2,,41.78734,-71.40275
925424,2025-00047570,2025-06-22,7:42:00 PM,Vehicle - Vehicle,,SOUTH ST,RICHMOND ST,Kelsey Woodbine,633,2025-06-22,"Two-Way , Not Divided",Dry,Dark - Lighted,Clear,"Sidwswipe, Opposite Direction",No,No Controls,3,0,No Injury,2,,41.81732,-71.40799
925426,2025-00047432,2025-06-22,9:13:00 AM,Vehicle - Parked Vehicle,,21 Atwells Avenue,,Angel Garcia,656,2025-06-22,Unknown,Dry,Daylight,Clear,Rear End(Front-to-Rear),"Yes, M/V and Driver Left Scene",No Controls,2,0,No Injury,2,,,
925427,2025-00047632,2025-06-22,11:10:00 PM,Vehicle - Parked Vehicle,,BARROWS ST,DORCHESTER AVE,Brandon Macedo,177,2025-06-22,One-Way Trafficway,Dry,Dark - Lighted,Clear,"Sideswipe, Same Direction","Yes, M/V and Driver Left Scene",No Controls,1,0,Unknown,2,,41.81095,-71.45528
925428,2025-00047274,2025-06-21,10:43:00 PM,Vehicle - Parked Vehicle,,ORTOLEVA DR,MANTON AVE,Yeisua Jimenez,672,2025-06-23,"Two-Way , Not Divided",Dry,Dusk,Clear,Unknown,"Yes, M/V and Driver Left Scene",No Controls,1,0,Unknown,2,,41.82594,-71.45776
925425,2025-00047161,2025-06-21,7:42:00 PM,Vehicle - Vehicle,,STEEPLE STREET,MEMORIAL BLVD,Matthew Marwell,639,2025-06-22,"Two-Way , Not Divided",Dry,Daylight,Clear,Rear End(Front-to-Rear),No,Traffic Control Signal,3,0,No Injury,2,2,,
925422,2025-00047234,2025-06-21,10:14:00 PM,Vehicle - Pedestrian,Scooter,CRANSTON ST,DODGE ST,Michael Duffy,354,2025-06-22,"Two-Way , Not Divided",Dry,Dark - Lighted,Clear,"Sideswipe, Same Direction",No,No Controls,2,0,No Injury,1,,41.81504,-71.42522
925415,2025-00047196,2025-06-21,8:51:00 PM,Vehicle - Vehicle,,THURBERS AVE EXIT 18,THURBERS AVE,Jose Cortorreal,604,2025-06-22,One-Way Trafficway,Dry,Dark - Not Lighted,Clear,Rear End(Front-to-Rear),No,No Controls,5,1,Complains Of Pain,2,,41.80057,-71.4035
925404,2025-00047142,2025-06-21,6:37:00 PM,Vehicle - Vehicle,,CORNWALL ST,VANDEWATER ST,Gustavo Genao,135,2025-06-22,"Two-Way , Not Divided",Dry,Daylight,Clear,"Sideswipe, Same Direction","Yes, M/V and Driver Left Scene",No Controls,2,0,No Injury,2,,41.85208,-71.42933
925393,2025-00047277,2025-06-21,11:46:00 PM,Vehicle - Object,,MANTON AVE,BALTIMORE ST,Lucas Ramalho,507,2025-06-22,"Two-Way , Not Divided",Dry,Dark - Lighted,Clear,Not a Collision Between Two Motor Vehicles in Transport,No,No Controls,1,1,Complains Of Pain,1,,41.8306,-71.46358
925396,2025-00047267,2025-06-21,11:32:00 PM,Vehicle - Parked Vehicle,,PENN ST,TOBEY ST,Hector Viruet,614,2025-06-22,"Two-Way , Not Divided",Dry,Dark - Lighted,Clear,"Sideswipe, Same Direction",No,No Controls,3,0,No Injury,2,,41.82054,-71.43533
925397,2025-00047262,2025-06-21,11:01:00 PM,Vehicle - Parked Vehicle,,ALLENS AVE,OCONNELL ST,Alexandra Dzialo,616,2025-06-22,One-Way Trafficway,Dry,Dark - Lighted,Clear,Not a Collision Between Two Motor Vehicles in Transport,No,Unknown,2,0,No Injury,2,,41.80699,-71.40317
925378,2025-00046931,2025-06-21,1:36:00 AM,Vehicle - Object,,PRAIRIE AVE,DUDLEY ST,Vanessa Wilcox,197,2025-06-21,"Two-Way , Not Divided",Dry,Dark - Lighted,Clear,Not a Collision Between Two Motor Vehicles in Transport,No,No Controls,2,1,Complains Of Pain,1,,41.80979,-71.4157
925379,2025-00046975,2025-06-21,3:20:00 AM,Vehicle - Vehicle,,OCONNELL ST,ALLENS AVE,Alexandra Dzialo,616,2025-06-21,"Two-Way, Divided, Unprotected (painted>4feet) Medium",Dry,Dark - Lighted,Clear,"Sideswipe, Same Direction",No,Unknown,8,5,Complains Of Pain,2,,41.80749,-71.40339
925380,2025-00046983,2025-06-21,3:43:00 AM,Vehicle - Object,,Hartford Avenue,HARTFORD AVE,Ryan Whittemore,655,2025-06-21,"Two-Way , Not Divided",Dry,Dark - Lighted,Clear,Head-On (Front - to - Front),No,No Controls,1,0,No Injury,1,,41.81724,-71.44967
925471,2025-00047788,2025-06-21,8:00:00 AM,Vehicle - Vehicle,,BRANCH AVE,SILVER SPRING ST,Jason Clancy,999,2025-06-24,"Two-Way , Not Divided",Dry,Daylight,Clear,Rear End(Front-to-Rear),No,Unknown,2,0,Unknown,2,,41.84783,-71.41469
925457,2025-00047158,2025-06-21,7:35:00 PM,Vehicle - Vehicle,,MURRAY ST,POCASSET AVE,Peyton Ginolfi,657,2025-06-23,"Two-Way , Not Divided",Dry,Daylight,Clear,Rear End(Front-to-Rear),No,No Controls,4,0,No Injury,2,,41.80757,-71.45652
925436,2025-00047467,2025-06-21,8:00:00 PM,Vehicle - Pedestrian,Pedestrian,BROADWAY,GREENMAN LN,Jason Clancy,999,2025-06-23,Unknown,Dry,Dark - Unknown Lighting,Clear,"Sideswipe, Same Direction","Yes, M/V and Driver Left Scene",Unknown,1,1,Complains Of Pain,1,,41.82232,-71.41867
925437,2025-00047489,2025-06-21,9:50:00 PM,Vehicle - Vehicle,,ROGER WILLIAMS AVE,ELMWOOD AVE,Jason Clancy,999,2025-06-23,Unknown,Dry,Dark - Unknown Lighting,Clear,Rear End(Front-to-Rear),"Yes, M/V and Driver Left Scene",Unknown,1,0,Unknown,2,,41.78849,-71.4211
925438,2025-00047031,2025-06-21,10:06:00 AM,Vehicle - Vehicle,,BRANCH AVE,BRANCH AVE EXIT,John Benros,481,2025-06-23,"Two-Way , Not Divided",Dry,Daylight,Clear,Rear End(Front-to-Rear),No,No Controls,3,0,No Injury,2,,41.85291,-71.42609
925374,2025-00046903,2025-06-21,12:32:00 AM,Vehicle - Vehicle,,THURBERS AVE,I 95,Erik Lane,109,2025-06-21,One-Way Trafficway,Dry,Dark - Lighted,Clear,Other,No,No Controls,4,0,No Injury,2,,41.80041,-71.40368
925375,2025-00046194,2025-06-21,12:54:00 AM,Vehicle - Vehicle,,N MAIN ST,SMITH ST,Patrolwoman Viera,678,2025-06-21,One-Way Trafficway,Dry,Dark - Lighted,Clear,Angle (Front - to - Side) Same Direction,No,Traffic Control Signal,2,0,No Injury,2,,41.83127,-71.41054
925382,2025-00047038,2025-06-21,10:44:00 AM,Vehicle - Vehicle,,South Main,St. James,Martin Hames,536,2025-06-21,One-Way Trafficway,Dry,Daylight,Clear,"Sideswipe, Same Direction","Yes, M/V and Driver Left Scene",No Controls,2,0,No Injury,2,,,
925383,2025-00047061,2025-06-21,1:17:00 PM,Vehicle - Vehicle,,BROAD ST,BROAD ST,Thomas Jones,160,2025-06-21,"Two-Way, Divided, Positive Median Barrier",Dry,Daylight,Clear,Angle (Front - to - Side) Opposite Direction,No,Yield Signs,4,0,No Injury,2,,41.81359,-71.42166
925384,2025-00046964,2025-06-21,2:48:00 AM,Vehicle - Pedestrian,Pedestrian,SERVICE ROAD 7,SERVICE ROAD 7,Ptlm. Castagliuolo,351,2025-06-21,One-Way Trafficway,Dry,Dark - Lighted,Clear,Not a Collision Between Two Motor Vehicles in Transport,"Yes, M/V and Driver Left Scene",Traffic Control Signal,1,1,Incapacitating,1,,41.81966,-71.41982
925385,2025-00047085,2025-06-21,2:39:00 PM,Vehicle - Vehicle,,Bucklin St,MAWNEY ST,Tyler Calandra,418,2025-06-21,"Two-Way , Not Divided",Dry,Daylight,Clear,Other,No,No Controls,6,3,Complains Of Pain,2,,41.80346,-71.4277
925386,2025-00047096,2025-06-21,3:53:00 PM,Vehicle - Vehicle,,FRICKER ST,BROAD ST,Tyler Calandra,418,2025-06-21,"Two-Way , Not Divided",Dry,Daylight,Clear,Head-On (Front - to - Front),No,No Controls,3,1,Complains Of Pain,2,,41.81618,-71.42144
925387,2025-00047126,2025-06-21,5:32:00 PM,Vehicle - Vehicle,,SMITH ST,BRIGHTWOOD AVE,Robert Gaudiana,579,2025-06-21,"Two-Way , Not Divided",Dry,Daylight,Clear,Rear End(Front-to-Rear),No,No Controls,2,1,Complains Of Pain,2,,41.84715,-71.45414
925388,2025-00046987,2025-06-21,3:53:00 AM,Vehicle - Object,,BOND ST,CEDAR ST,Alexander Frias,669,2025-06-21,One-Way Trafficway,Dry,Dark - Lighted,Clear,Not a Collision Between Two Motor Vehicles in Transport,No,No Controls,1,0,No Injury,1,,41.82466,-71.42293
925389,2025-00047102,2025-06-21,4:04:00 PM,Vehicle - Vehicle,,S WATER ST,JAMES ST,Jared Guiot,608,2025-06-21,One-Way Trafficway,Dry,Daylight,Clear,Rear End(Front-to-Rear),"Yes, M/V and Driver Left Scene",No Controls,2,0,No Injury,2,,41.82052,-71.40424
925390,2025-00047168,2025-06-21,7:59:00 PM,Vehicle - Parked Vehicle,,S WATER ST,S WATER ST,Jared Guiot,608,2025-06-21,One-Way Trafficway,Dry,Daylight,Clear,"Sideswipe, Same Direction",No,No Controls,2,0,No Injury,2,,41.82279,-71.40643
925517,2025-00047266,2025-06-21,11:20:00 PM,Vehicle - Vehicle,,WESTMINSTER ST,SERVICE ROAD 8,Brandon Macedo,177,2025-06-25,"Two-Way , Not Divided",Dry,Dark - Lighted,Clear,Rear End(Front-to-Rear),"Yes, M/V and Driver Left Scene",Stop Signs,2,0,No Injury,2,,41.81917,-71.41795
925477,2025-00047833,2025-06-21,,Vehicle - Parked Vehicle,,BODELL AVE,,Jason Clancy,999,2025-06-24,"Two-Way , Not Divided",Dry,Unknown,Clear,Other,"Yes, M/V and Driver Left Scene",Unknown,1,0,Unknown,2,,41.81651,-71.45094
925490,2025-00047231,2025-06-21,10:07:00 PM,Vehicle - Vehicle,,ATWELLS AVE,TUXEDO AVE,Peyton Ginolfi,657,2025-06-24,"Two-Way , Not Divided",Dry,Dark - Lighted,Clear,Rear End(Front-to-Rear),"Yes, M/V and Driver Left Scene",No Controls,1,0,No Injury,2,,41.82451,-71.43822
925481,2025-00046616,2025-06-20,8:09:00 AM,Vehicle - Parked Vehicle,,FARRAGUT AVE,MONTGOMERY AVE,Victor Tavarez,564,2025-06-24,"Two-Way , Not Divided",Dry,Daylight,Clear,"Sideswipe, Same Direction",No,No Controls,3,0,No Injury,2,,41.78693,-71.40423
925514,2025-00046764,2025-06-20,5:02:00 PM,Vehicle - Vehicle,,ANGELL ST,BENEFIT ST,Luis Pelaez,336,2025-06-25,One-Way Trafficway,Dry,Daylight,Clear,"Sideswipe, Same Direction","Yes, M/V and Driver Left Scene",Traffic Control Signal,2,0,No Injury,2,,41.82752,-71.40763
925474,2025-00047810,2025-06-20,11:15:00 PM,Vehicle - Vehicle,,BROAD ST,CASS ST,Jason Clancy,999,2025-06-24,"Two-Way , Not Divided",Dry,Dark - Not Lighted,Clear,"Sideswipe, Same Direction",No,Unknown,2,0,Unknown,2,,41.79309,-71.40832
925526,2025-00048447,2025-06-20,,Vehicle - Parked Vehicle,,COLFAX ST,GORDON AVE,Jason Clancy,999,2025-06-26,Unknown,Dry,Daylight,Clear,Unknown,"Yes, M/V and Driver Left Scene",Unknown,1,0,Unknown,2,,41.79888,-71.41549
925550,2025-00048799,2025-06-20,12:23:00 PM,Vehicle - Parked Vehicle,,CENTRAL ST,PEARL ST,Jason Clancy,999,2025-06-27,Unknown,Dry,Daylight,Clear,Unknown,No,Unknown,2,0,Unknown,2,,41.81318,-71.42192
925377,2025-00046588,2025-06-20,6:19:00 AM,Vehicle - Vehicle,,THACKERY ST,ELMWOOD AVE,Vanessa Wilcox,197,2025-06-21,"Two-Way , Not Divided",Dry,Daylight,Clear,Head-On (Front - to - Front),No,No Controls,2,0,No Injury,2,,41.79226,-71.42229
925360,2025-00046708,2025-06-20,2:46:00 PM,Vehicle - Vehicle,,CHESTER AVE,TAYLOR ST,Cassidy Simanski,132,2025-06-20,"Two-Way, Divided, Unprotected (painted>4feet) Medium",Dry,Daylight,Clear,Angle (Front - to - Side) Right Angle (Includes Broadside),No,Stop Signs,4,1,Complains Of Pain,2,,41.8068,-71.41777
925361,2025-00046717,2025-06-20,3:17:00 PM,Vehicle - Vehicle,,PLAINFIELD ST,FARMINGTON AVE,Pedro Saravia,611,2025-06-20,"Two-Way , Not Divided",Dry,Daylight,Clear,Rear End(Front-to-Rear),"Yes, M/V and Driver Left Scene",No Controls,3,0,No Injury,2,,41.80702,-71.46417
925363,2025-00046780,2025-06-20,6:06:00 PM,Vehicle - Pedestrian,Bicycle,WESTMINSTER ST,HARKNESS ST,Evan Alarcon,131,2025-06-20,"Two-Way , Not Divided",Dry,Daylight,Clear,Not a Collision Between Two Motor Vehicles in Transport,No,No Controls,2,1,Complains Of Pain,1,,41.81628,-71.43396
925364,2025-00046760,2025-06-20,4:49:00 PM,Vehicle - Vehicle,,NORTH MAIN ST,7TH ST,Raymond Criner,340,2025-06-20,"Two-Way, Divided, Positive Median Barrier",Dry,Daylight,Clear,Other,No,Traffic Control Signal,4,3,Complains Of Pain,2,,41.85332,-71.40103
925366,2025-00046706,2025-06-20,2:42:00 PM,Vehicle - Vehicle,,POTTERS AVE,ELMWOOD AVE,Raymond Criner,340,2025-06-20,"Two-Way , Not Divided",Dry,Daylight,Clear,Rear End(Front-to-Rear),"Yes, M/V and Driver Left Scene",Traffic Control Signal,3,0,No Injury,2,,41.80151,-71.42635
925367,2025-00046761,2025-06-20,4:50:00 PM,Vehicle - Vehicle,,440 SMITHFIELD AVE,,Ian Quinn,102,2025-06-20,Unknown,Dry,Daylight,Clear,Other,"Yes, M/V and Driver Left Scene",No Controls,1,0,Unknown,2,,,
925368,2025-00046814,2025-06-20,7:47:00 PM,Vehicle - Object,,23 Burlington Street,Bayard Street,Robert Raso,606,2025-06-20,"Two-Way , Not Divided",Dry,Daylight,Clear,Not a Collision Between Two Motor Vehicles in Transport,No,No Controls,1,0,No Injury,1,2,,
925369,2025-00046768,2025-06-20,5:14:00 PM,Vehicle - Vehicle,,F C GREENE MEMORIAL BLVD,VERNDALE AVE,Nicolas Lafazia,369,2025-06-20,"Two-Way , Not Divided",Dry,Daylight,Clear,Head-On (Front - to - Front),No,No Controls,5,2,Complains Of Pain,2,,41.78615,-71.4134
925373,2025-00046744,2025-06-20,4:21:00 PM,Vehicle - Vehicle,,POINT ST,EDDY ST,Elijah Perry,618,2025-06-21,"Two-Way, Divided, Unprotected (painted>4feet) Medium",Dry,Daylight,Clear,Rear End(Front-to-Rear),No,No Controls,4,0,No Injury,2,,41.81724,-71.40563
925343,2025-00046547,2025-06-20,1:12:00 AM,Vehicle - Vehicle,,SERVICE ROAD 8,FOUNTAIN ST,Shaolin Herr,556,2025-06-20,One-Way Trafficway,Dry,Dark - Lighted,Clear,Rear End(Front-to-Rear),"Yes, M/V and Driver Left Scene",No Controls,1,0,No Injury,2,,41.82052,-71.41924
925345,2025-00046575,2025-06-20,3:53:00 AM,Vehicle - Vehicle,,COLFAX ST,PRAIRIE AVE,Erik Lane,109,2025-06-20,"Two-Way, Divided, Unprotected (painted>4feet) Medium",Dry,Dark - Lighted,Clear,Angle (Front - to - Side) Right Angle (Includes Broadside),No,Stop Signs,4,1,Complains Of Pain,2,,41.79953,-71.41226
925349,2025-00046597,2025-06-20,7:04:00 AM,Vehicle - Pedestrian,Pedestrian,HARRIS AVE,ATWELLS AVE,Ptlm. Castagliuolo,351,2025-06-20,"Two-Way , Not Divided",Dry,Daylight,Clear,Not a Collision Between Two Motor Vehicles in Transport,No,Traffic Control Signal,2,1,Complains Of Pain,1,,41.82446,-71.4355
925353,2025-00046596,2025-06-20,6:45:00 AM,Vehicle - Vehicle,,BRANCH AVE,CHATHAM ST,Albert Pereira,111,2025-06-20,"Two-Way , Not Divided",Dry,Daylight,Clear,"Sidwswipe, Opposite Direction","Yes, M/V and Driver Left Scene",No Controls,2,0,No Injury,2,,41.84911,-71.41743
925354,2025-00046627,2025-06-20,9:11:00 AM,Vehicle - Vehicle,,NELLIE ST,ARGOL ST,Albert Pereira,111,2025-06-20,"Two-Way , Not Divided",Dry,Daylight,Clear,Head-On (Front - to - Front),No,No Controls,2,0,No Injury,2,,41.85807,-71.41344
925356,2025-00046656,2025-06-20,9:38:00 AM,Vehicle - Parked Vehicle,,51 SILVER SPRING STREET,COMMODORE ST,Brendan McKenna,314,2025-06-20,Unknown,Dry,Daylight,Clear,"Sideswipe, Same Direction","Yes, M/V and Driver Left Scene",No Controls,1,0,Unknown,2,,41.84563,-71.4176
925357,2025-00046612,2025-06-20,7:54:00 AM,Vehicle - Vehicle,,PLAINFIELD ST,ATWOOD ST,Damaris Sanchez,566,2025-06-20,"Two-Way , Not Divided",Dry,Daylight,Clear,Rear End(Front-to-Rear),"Yes, Driver Left Scene",Traffic Control Signal,7,0,No Injury,3,,41.81608,-71.44489
925358,2025-00046737,2025-06-20,4:06:00 PM,Vehicle - Parked Vehicle,,1 HOPPIN ST,,Ptlw. Martinez,146,2025-06-20,Unknown,Dry,Daylight,Clear,Not a Collision Between Two Motor Vehicles in Transport,"Yes, M/V and Driver Left Scene",No Controls,1,0,Unknown,2,,,