CrashReportId,ReportNumber,CrashDate,CrashTime,TypeOfCollision,Collision Type,StreetOrHighway,NearestIntersection,Officer,Badge,ReportDate,TypeOfRoadway,RoadSurfaceCondition,LightCondition,WeatherCondition,MannerofImpact,HitAndRun,TrafficControl,PersonCount,InjuryCount,MostSeriousInjury,NumberofVehicles,NumberOfLanes,Latitude,Longitude
925432,2025-00046718,2025-06-20,1:35:00 PM,Vehicle - Vehicle,,PROMENADE ST,DEAN ST,Jason Clancy,999,2025-06-23,Unknown,Dry,Daylight,Clear,Angle (Front - to - Side) Same Direction,No,Unknown,2,0,Unknown,2,,41.82929,-71.42646
925433,2025-00046808,2025-06-20,3:00:00 PM,Vehicle - Vehicle,,DODGE ST,BOOTH ST,Jason Clancy,999,2025-06-23,Unknown,Dry,Daylight,Clear,Rear End(Front-to-Rear),"Yes, M/V and Driver Left Scene",Unknown,1,0,Unknown,2,,41.81347,-71.42447
925400,2025-00046684,2025-06-20,12:48:00 PM,Vehicle - Vehicle,,US HWY 6 E,KILLINGLY ST,Michelle Nunez,140,2025-06-22,One-Way Trafficway,Dry,Daylight,Clear,Rear End(Front-to-Rear),No,Yield Signs,2,0,No Injury,2,,41.82192,-71.47019
925401,2025-00047069,2025-06-20,2:07:00 PM,Vehicle - Parked Vehicle,,E TRANSIT ST,GANO ST,George Pereira,421,2025-06-22,"Two-Way , Not Divided",Dry,Daylight,Clear,Unknown,"Yes, M/V and Driver Left Scene",No Controls,2,0,Unknown,2,,41.8218,-71.38979
925409,2025-00046811,2025-06-20,7:41:00 PM,Vehicle - Parked Vehicle,,WOODMAN ST/ BUCKLIN ST,BUCKLIN ST,Andrew Mitura,605,2025-06-22,"Two-Way , Not Divided",Dry,Daylight,Clear,Rear End(Front-to-Rear),"Yes, Driver Left Scene",No Controls,1,0,No Injury,2,,41.80846,-71.42773
925410,2025-00046710,2025-06-20,2:51:00 PM,Vehicle - Parked Vehicle,,POTTERS AVE,BROAD ST,Jose Cortorreal,604,2025-06-22,"Two-Way , Not Divided",Dry,Daylight,Clear,Unknown,"Yes, M/V and Driver Left Scene",No Controls,1,0,Unknown,2,,41.80318,-71.41803
925411,2025-00046820,2025-06-20,8:07:00 PM,Vehicle - Parked Vehicle,,BROAD ST,SACKETT ST,Jose Cortorreal,604,2025-06-22,"Two-Way , Not Divided",Dry,Daylight,Clear,"Sideswipe, Same Direction",No,No Controls,3,0,No Injury,2,,41.79558,-71.41141
925431,2025-00046394,2025-06-19,4:36:00 PM,Vehicle - Parked Vehicle,,387 Charles St,SILVER SPRING ST,Brian Aucoin,113,2025-06-23,"Two-Way , Not Divided",Dry,Daylight,Clear,Unknown,"Yes, M/V and Driver Left Scene",No Controls,3,0,Unknown,2,,41.84358,-71.41831
925450,2025-00047748,2025-06-19,7:30:00 PM,Vehicle - Vehicle,,ELMWOOD AVE,PUBLIC ST,Jason Clancy,999,2025-06-23,"Two-Way , Not Divided",Dry,Dark - Unknown Lighting,Clear,Other,No,Unknown,2,0,Unknown,2,,41.80217,-71.42614
925350,2025-00046438,2025-06-19,4:45:00 PM,Vehicle - Vehicle,,FILLMORE ST,ABE CT,Jason Clancy,999,2025-06-20,Unknown,Dry,Daylight,Clear,Unknown,"Yes, M/V and Driver Left Scene",Unknown,2,0,No Injury,2,,41.8372,-71.42231
925352,2025-00046474,2025-06-19,8:03:00 PM,Vehicle - Vehicle,,VALLEY ST,DEAN ST,Jason Clancy,999,2025-06-20,Unknown,Dry,Dark - Unknown Lighting,Clear,Rear End(Front-to-Rear),"Yes, M/V and Driver Left Scene",Unknown,4,0,No Injury,2,,41.83136,-71.42851
925346,2025-00046327,2025-06-19,11:58:00 AM,Vehicle - Pedestrian,Pedestrian,BROADWAY,KNIGHT ST,Brad McParlin,395,2025-06-20,"Two-Way , Not Divided",Dry,Daylight,Clear,Other,No,No Controls,2,1,Complains Of Pain,1,,41.8199,-71.42894
925337,2025-00046470,2025-06-19,8:25:00 PM,Vehicle - Parked Vehicle,,SALMON ST,KING ST,Jacob Mota,115,2025-06-19,"Two-Way , Not Divided",Dry,Dark - Lighted,Clear,Angle (Front - to - Side) Same Direction,"Yes, M/V and Driver Left Scene",No Controls,1,0,Unknown,2,,41.82418,-71.45466
925338,2025-00046485,2025-06-19,9:07:00 PM,Vehicle - Vehicle,,atwells avenue,VALLEY ST,Tyler Cargill,619,2025-06-19,"Two-Way , Not Divided",Dry,Dark - Lighted,Clear,Rear End(Front-to-Rear),No,Traffic Control Signal,4,0,No Injury,2,,41.82456,-71.43948
925340,2025-00046498,2025-06-19,9:48:00 PM,Vehicle - Vehicle,,Admiral Street,Gentian Avenue,Robert Raso,606,2025-06-20,"Two-Way , Not Divided",Dry,Dark - Lighted,Clear,Angle (Front - to - Side) Opposite Direction,No,Traffic Control Signal,3,0,No Injury,2,2,,
925341,2025-00046516,2025-06-19,11:15:00 PM,Vehicle - Vehicle,,WESTMINSTER ST,DEXTER ST,Ralph Abenante,511,2025-06-20,"Two-Way, Divided, Unprotected (painted>4feet) Medium",Dry,Dark - Lighted,Clear,Angle (Front - to - Side) Right Angle (Includes Broadside),"Yes, Driver Left Scene",No Controls,5,2,Fatal,2,,41.81659,-71.43134
925342,2025-00046520,2025-06-19,11:34:00 PM,Vehicle - Parked Vehicle,,BRIDGHAM ST,FALES ST,Carla Pineyro,661,2025-06-20,"Two-Way, Divided, Unprotected (painted>4feet) Medium",Dry,Dark - Lighted,Clear,Angle (Front - to - Side) Same Direction,"Yes, M/V and Driver Left Scene",No Controls,1,0,Unknown,2,,41.81275,-71.42456
925315,2025-00046273,2025-06-19,6:08:00 AM,Vehicle - Object,,WENDELL ST,CRANSTON ST,Angel Garcia,656,2025-06-19,"Two-Way, Divided, Unprotected (painted>4feet) Medium",Dry,Daylight,Clear,Head-On (Front - to - Front),No,No Controls,1,0,No Injury,1,,41.81146,-71.43157
925308,2025-00046265,2025-06-19,3:58:00 AM,Vehicle - Vehicle,,UNION AVE,WEBSTER AVE,Domenic Schiavulli,653,2025-06-19,"Two-Way , Not Divided",Dry,Dark - Lighted,"Fog, Smog, Smoke",Angle (Front - to - Side) Right Angle (Includes Broadside),"Yes, Driver Left Scene",Traffic Control Signal,2,2,Complains Of Pain,2,,41.80683,-71.44755
925326,2025-00046364,2025-06-19,2:57:00 PM,Vehicle - Vehicle,,IRVING AVE,BLACKSTONE BLVD,Raymond Criner,340,2025-06-19,One-Way Trafficway,Dry,Daylight,Clear,Angle (Front - to - Side) Right Angle (Includes Broadside),No,Stop Signs,4,1,Complains Of Pain,3,,41.83422,-71.38371
925327,2025-00046361,2025-06-19,2:42:00 PM,Vehicle - Pedestrian,Pedestrian,MEDWAY ST,WAYLAND AVE,Raymond Criner,340,2025-06-19,Unknown,Dry,Daylight,Clear,Not a Collision Between Two Motor Vehicles in Transport,"Yes, M/V and Driver Left Scene",No Controls,1,1,Complains Of Pain,1,,41.82924,-71.38906
925329,2025-00046388,2025-06-19,4:06:00 PM,Vehicle - Vehicle,,N MAIN ST,OLNEY ST,Patrick Hourahan,243,2025-06-19,"Two-Way, Divided, Positive Median Barrier",Dry,Daylight,Clear,"Sideswipe, Same Direction",No,Traffic Control Signal,4,0,No Injury,2,,41.83502,-71.40982
925332,2025-00046426,2025-06-19,6:22:00 PM,Vehicle - Pedestrian,Pedestrian,MESSER ST,KENWOOD ST,Raymond Criner,340,2025-06-19,"Two-Way , Not Divided",Dry,Daylight,Clear,Not a Collision Between Two Motor Vehicles in Transport,"Yes, M/V and Driver Left Scene",No Controls,2,1,Complains Of Pain,1,,41.81002,-71.43465
925333,2025-00046441,2025-06-19,7:05:00 PM,Vehicle - Vehicle,,Broadway,Dave Gavitt Way,Matthew Kelley,186,2025-06-19,"Two-Way , Not Divided",Dry,Dusk,Clear,Angle (Front - to - Side) Same Direction,No,Traffic Control Signal,2,0,No Injury,2,,41.82202,-71.41983
925334,2025-00046399,2025-06-19,4:53:00 PM,Vehicle - Vehicle,,SEABURY ST,HUNTINGTON AVE,Elijah Perry,618,2025-06-19,"Two-Way , Not Divided",Dry,Daylight,Clear,"Sideswipe, Same Direction",No,No Controls,3,0,No Injury,2,,41.80229,-71.43312
925335,2025-00046432,2025-06-19,6:37:00 PM,Vehicle - Object,,GLENBRIDGE AVE,MATTIE ST,Alexander Frias,669,2025-06-19,"Two-Way , Not Divided",Dry,Daylight,Clear,Not a Collision Between Two Motor Vehicles in Transport,No,No Controls,1,0,No Injury,1,,41.8215,-71.46083
925525,2025-00048399,2025-06-19,4:00:00 PM,Vehicle - Vehicle,,SMITHFIELD AVE,SILVER SPRING ST,Jason Clancy,999,2025-06-26,"Two-Way , Not Divided",Dry,Daylight,Clear,"Sideswipe, Same Direction","Yes, M/V and Driver Left Scene",Unknown,1,0,Unknown,2,,41.85673,-71.41086
925852,2025-00052635,2025-06-19,10:45:00 AM,Vehicle - Vehicle,,DUDLEY ST,GARAGE,Quincy Griffin,970,2025-07-08,Unknown,Dry,Daylight,Clear,Angle (Front - to - Side) Same Direction,No,No Controls,2,0,Unknown,2,,,
925505,2025-00048119,2025-06-18,7:30:00 PM,Vehicle - Parked Vehicle,,CHESTNUT ST,BASSETT ST,Jason Clancy,999,2025-06-25,"Two-Way , Not Divided",Dry,Dark - Unknown Lighting,Clear,"Sideswipe, Same Direction","Yes, M/V and Driver Left Scene",Unknown,2,0,No Injury,2,,41.81843,-71.41063
925328,2025-00046100,2025-06-18,5:29:00 PM,Vehicle - Vehicle,,POTTERS AVE,ELMWOOD AVE,Cassidy Simanski,132,2025-06-19,"Two-Way, Divided, Unprotected (painted>4feet) Medium",Dry,Daylight,Clear,Angle (Front - to - Side) Right Angle (Includes Broadside),No,Traffic Control Signal,2,0,No Injury,2,,41.80151,-71.42635
925317,2025-00045985,2025-06-18,10:53:00 AM,Vehicle - Vehicle,,101 PLAIN STREET,FRANK STREET,Flavio Tavares,371,2025-06-19,"Two-Way , Not Divided",Dry,Daylight,Cloudy,Other,No,No Controls,2,0,No Injury,2,,,
925291,2025-00046077,2025-06-18,3:41:00 PM,Vehicle - Vehicle,,OLNEYVILLE SQ,MANTON AVE,Terrence Gibson,610,2025-06-18,"Two-Way , Not Divided",Dry,Daylight,Clear,"Sideswipe, Same Direction","Yes, M/V and Driver Left Scene",No Controls,1,0,No Injury,2,,41.81698,-71.44359
925292,2025-00046082,2025-06-18,3:55:00 PM,Vehicle - Vehicle,,MEMORIAL BLVD,Steeple St,Matthew Kelley,186,2025-06-18,"Two-Way , Not Divided",Dry,Daylight,Cloudy,Angle (Front - to - Side) Same Direction,No,Traffic Control Signal,2,0,No Injury,2,,41.82667,-71.4107
925293,2025-00046087,2025-06-18,4:44:00 PM,Vehicle - Vehicle,,SILVER SPRING ST,SMITHFIELD AVE,Ptlm. Labutti,104,2025-06-18,"Two-Way , Not Divided",Dry,Daylight,Clear,"Sideswipe, Same Direction",No,Traffic Control Signal,4,0,No Injury,2,,41.85636,-71.41088
925295,2025-00046103,2025-06-18,5:44:00 PM,Vehicle - Vehicle,,ROGER WILLIAMS AVE,ELMWOOD AVE,Kyle Ludovici,390,2025-06-18,"Two-Way , Not Divided",Dry,Daylight,Clear,Rear End(Front-to-Rear),"Yes, M/V and Driver Left Scene",No Controls,1,0,No Injury,2,,41.78851,-71.42102
925296,2025-00046111,2025-06-18,6:02:00 PM,Vehicle - Vehicle,,CRANSTON ST,HUNTINGTON AVE,Cory Nicholls,609,2025-06-18,"Two-Way , Not Divided",Dry,Daylight,Clear,Rear End(Front-to-Rear),"Yes, M/V and Driver Left Scene",Traffic Control Signal,2,0,No Injury,2,,41.804,-71.43894
925297,2025-00046085,2025-06-18,4:23:00 PM,Vehicle - Vehicle,,CHAPIN AVE,SYCAMORE ST,Cory Nicholls,609,2025-06-18,"Two-Way , Not Divided",Dry,Daylight,Clear,"Sidwswipe, Opposite Direction","Yes, M/V and Driver Left Scene",No Controls,2,0,No Injury,2,,41.81188,-71.43299
925298,2025-00046114,2025-06-18,6:14:00 PM,Vehicle - Vehicle,,FROST STREET,CONCORD ST,Manuel Tueros,621,2025-06-18,"Two-Way , Not Divided",Dry,Daylight,Clear,Angle (Front - to - Side) Opposite Direction,No,Stop Signs,2,0,No Injury,2,,41.85191,-71.40417
925287,2025-00046066,2025-06-18,2:44:00 PM,Vehicle - Parked Vehicle,,11TH ST,HIGHLAND AVE,Michael Gammino,491,2025-06-18,"Two-Way , Not Divided",Dry,Daylight,Cloudy,"Sideswipe, Same Direction",No,No Controls,3,0,No Injury,2,,41.85523,-71.39719
925301,2025-00046149,2025-06-18,7:50:00 PM,Vehicle - Vehicle,,HUNTINGTON AVE,CALDER ST,Ralph Abenante,511,2025-06-18,"Two-Way , Not Divided",Dry,Dark - Lighted,Cloudy,"Sideswipe, Same Direction",No,No Controls,3,0,No Injury,2,,41.80068,-71.43085
925302,2025-00046135,2025-06-18,7:20:00 PM,Vehicle - Vehicle,,WOODBINE STREET,STEELE ST,Manuel Tueros,621,2025-06-18,"Two-Way , Not Divided",Dry,Daylight,Clear,"Sidwswipe, Opposite Direction","Yes, M/V and Driver Left Scene",No Controls,1,0,No Injury,2,,41.84578,-71.40562
925303,2025-00046137,2025-06-18,7:28:00 PM,Vehicle - Vehicle,,ELBOW ST,FRIENDSHIP ST,Ptlw. Martinez,146,2025-06-18,"Two-Way, Divided, Unprotected (painted>4feet) Medium",Dry,Daylight,Clear,Angle (Front - to - Side) Opposite Direction,"Yes, M/V and Driver Left Scene",No Controls,1,0,No Injury,2,,,
925304,2025-00046170,2025-06-18,8:23:00 PM,Vehicle - Vehicle,,Eddy Street,Willard Ave,Matthew Marwell,639,2025-06-18,"Two-Way , Not Divided",Dry,Dusk,Clear,Angle (Front - to - Side) Same Direction,No,No Controls,2,0,No Injury,2,2,,
925305,2025-00046167,2025-06-18,8:49:00 PM,Vehicle - Vehicle,,ALLENS AVE,BLACKSTONE ST,Lane,109,2025-06-18,"Two-Way, Divided, Unprotected (painted>4feet) Medium",Dry,Dark - Lighted,Clear,Angle (Front - to - Side) Right Angle (Includes Broadside),No,No Controls,5,1,Incapacitating,2,,41.8105,-71.4047
925307,2025-00046190,2025-06-18,10:37:00 PM,Vehicle - Parked Vehicle,,ATWELLS AVE,DE PASQUALE AVE,Hector Viruet,614,2025-06-19,"Two-Way , Not Divided",Dry,Dark - Lighted,Clear,Rear End(Front-to-Rear),"Yes, M/V and Driver Left Scene",No Controls,2,0,Unknown,2,,41.8236,-71.42707
925344,2025-00046086,2025-06-18,4:31:00 PM,Vehicle - Vehicle,,S WATER ST,,James Gaspar,683,2025-06-20,"Two-Way, Divided, Positive Median Barrier",Dry,Daylight,Clear,Angle (Front - to - Side) Same Direction,No,Other,2,0,No Injury,2,,41.81818,-71.40125
925359,2025-00046138,2025-06-18,7:28:00 PM,Vehicle - Vehicle,,425 Elmwood Ave,,Brandon McDonnell,620,2025-06-20,"Two-Way , Not Divided",Dry,Daylight,Clear,Angle (Front - to - Side) Same Direction,No,Stop Signs,2,0,No Injury,2,,,
925362,2025-00046132,2025-06-18,7:09:00 PM,Vehicle - Pedestrian,Pedestrian,EMPIRE ST,WASHINGTON ST,Ruben Morales,685,2025-06-20,"Two-Way , Not Divided",Dry,Daylight,Clear,Unknown,"Yes, M/V and Driver Left Scene",No Controls,2,0,No Injury,2,,41.82171,-71.41631
925440,2025-00047478,2025-06-18,12:03:00 PM,Vehicle - Vehicle,,GANO ST,WICKENDEN ST,Jason Clancy,999,2025-06-23,"Two-Way , Not Divided",Dry,Daylight,Clear,Rear End(Front-to-Rear),No,Unknown,3,1,Complains Of Pain,2,,41.82044,-71.38958
925348,2025-02546105,2025-06-18,5:41:00 PM,Vehicle - Vehicle,,DUDLEY ST,,Jason Clancy,999,2025-06-20,Unknown,Dry,Daylight,Clear,"Sideswipe, Same Direction",No,Unknown,3,0,Unknown,2,,,
925381,2025-00046040,2025-06-18,1:24:00 PM,Vehicle - Vehicle,,WASHINGTON ST,UNION ST,Lucio Andreozzi,381,2025-06-21,"Two-Way, Divided, Unprotected (painted>4feet) Medium",Dry,Daylight,Clear,Angle (Front - to - Side) Opposite Direction,"Yes, M/V and Driver Left Scene",Traffic Control Signal,2,0,No Injury,2,,41.8236,-71.414
925272,2025-00045912,2025-06-18,1:36:00 PM,Vehicle - Parked Vehicle,,LOCKWOOD ST,PROVIDENCE ST,Tyler Cargill,619,2025-06-18,One-Way Trafficway,Wet,Dark - Lighted,Rain,"Sideswipe, Same Direction",No,No Controls,4,0,No Injury,2,,41.81273,-71.41558
925275,2025-00045926,2025-06-18,4:58:00 AM,Vehicle - Pedestrian,Pedestrian,RUGGLES ST,CHALKSTONE AVE,Matthew Lombardi,674,2025-06-18,"Two-Way, Divided, Unprotected (painted>4feet) Medium",Wet,Dawn,Clear,Unknown,"Yes, M/V and Driver Left Scene",No Controls,2,0,No Injury,2,,41.83616,-71.42824
925276,2025-00045948,2025-06-18,7:31:00 AM,Vehicle - Pedestrian,Pedestrian,POTTERS AVE,BROAD ST,Raleek Byfield,375,2025-06-18,"Two-Way, Divided, Unprotected (painted>4feet) Medium",Dry,Daylight,"Fog, Smog, Smoke",Angle (Front - to - Side) Right Angle (Includes Broadside),No,Flashing Traffic Control Signal,2,1,Non-Incapacitating,1,,41.80299,-71.41885
925277,2025-00045941,2025-06-18,7:12:00 AM,Vehicle - Vehicle,,BLACKSTONE ST,PRAIRIE AVE,Hansel Ventura,570,2025-06-18,"Two-Way , Not Divided",Wet,Daylight,"Fog, Smog, Smoke","Sideswipe, Same Direction",No,Stop Signs,3,0,No Injury,2,,41.8093,-71.41588
925281,2025-00045951,2025-06-18,8:07:00 AM,Vehicle - Vehicle,,SMITHFIELD AVE,SMITHFIELD AVE,John Benros,481,2025-06-18,"Two-Way , Not Divided",Dry,Daylight,Clear,Rear End(Front-to-Rear),No,No Controls,2,1,Complains Of Pain,2,,41.85755,-71.41083
925284,2025-00045999,2025-06-18,11:35:00 AM,Vehicle - Animal,,EATON ST,ENFIELD AVE,Damaris Sanchez,566,2025-06-18,"Two-Way , Not Divided",Dry,Daylight,Clear,Not a Collision Between Two Motor Vehicles in Transport,No,No Controls,2,0,No Injury,1,,41.84365,-71.44727
925285,2025-00046012,2025-06-18,12:18:00 PM,Vehicle - Vehicle,,WESTMINSTER ST,EDDY ST,Raleek Byfield,375,2025-06-18,One-Way Trafficway,Dry,Daylight,Cloudy,Rear End(Front-to-Rear),No,Stop Signs,4,0,No Injury,2,,41.82312,-71.4123
925282,2025-00045767,2025-06-17,2:15:00 PM,Vehicle - Object,,40 POINT ST,EDDY ST,Lucio Andreozzi,381,2025-06-18,"Two-Way, Divided, Positive Median Barrier",Dry,Daylight,Clear,Angle (Front - to - Side) Right Angle (Includes Broadside),No,No Controls,2,0,No Injury,1,,41.81727,-71.40556
925278,2025-00045883,2025-06-17,10:09:00 PM,Vehicle - Vehicle,,ELMWOOD AVE,BRIDGHAM ST,Jason Clancy,999,2025-06-18,Unknown,Dry,Dark - Unknown Lighting,Clear,Rear End(Front-to-Rear),No,Unknown,2,0,Unknown,2,,41.81279,-71.42216
925279,2025-00045757,2025-06-17,1:37:00 PM,Vehicle - Parked Vehicle,,PAUL ST,WINDMILL ST,John Benros,481,2025-06-18,"Two-Way , Not Divided",Wet,Daylight,Rain,Unknown,"Yes, M/V and Driver Left Scene",No Controls,1,0,Unknown,2,,41.85511,-71.41905
925280,2025-00045735,2025-06-17,11:57:00 AM,Vehicle - Vehicle,,COLLEGE ST,WESTMINSTER ST,Lucio Andreozzi,381,2025-06-18,"Two-Way, Divided, Unprotected (painted>4feet) Medium",Dry,Daylight,Clear,Rear End(Front-to-Rear),No,Traffic Control Signal,2,0,No Injury,2,,41.8253,-71.40889
925274,2025-00045672,2025-06-17,6:04:00 AM,Vehicle - Vehicle,,CHALKSTONE AVE,GARFIELD AVE,Yeisua Jimenez,672,2025-06-18,"Two-Way , Not Divided",Wet,Dawn,"Fog, Smog, Smoke",Rear End(Front-to-Rear),No,No Controls,5,0,No Injury,2,,41.83383,-71.4328
925268,2025-00045770,2025-06-17,2:27:00 PM,Vehicle - Pedestrian,Pedestrian,Eaton Street,Malbone Street,Robert Raso,606,2025-06-17,"Two-Way , Not Divided",Wet,Daylight,Rain,Angle (Front - to - Side) Right Angle (Includes Broadside),"Yes, M/V and Driver Left Scene",No Controls,3,0,No Injury,2,,,
925269,2025-00045801,2025-06-17,4:59:00 PM,Vehicle - Vehicle,,KILLINGLY ST EXIT,EXIT  (RT 128),Brendan O'Brien,667,2025-06-17,"Two-Way , Not Divided",Wet,Daylight,Cloudy,Angle (Front - to - Side) Same Direction,No,No Controls,6,0,No Injury,2,,41.82156,-71.47002
925270,2025-00045820,2025-06-17,6:13:00 PM,Vehicle - Vehicle,,Westminster St,Stewar St,Matthew Kelley,186,2025-06-17,"Two-Way , Not Divided",Dry,Dusk,Cloudy,Angle (Front - to - Side) Right Angle (Includes Broadside),No,Traffic Control Signal,4,0,No Injury,2,,41.81861,-71.41928
925271,2025-00045838,2025-06-17,7:17:00 PM,Vehicle - Vehicle,,CHALKSTONE AVE,RIVER AVE,Lane,109,2025-06-17,"Two-Way, Divided, Unprotected (painted>4feet) Medium",Dry,Dusk,Cloudy,"Sidwswipe, Opposite Direction","Yes, M/V and Driver Left Scene",No Controls,2,0,No Injury,2,,41.8327,-71.43822
925259,2025-00045703,2025-06-17,10:21:00 AM,Vehicle - Parked Vehicle,,VALLEY ST,,Jason Clancy,999,2025-06-17,Unknown,Wet,Daylight,Clear,Unknown,No,Unknown,4,0,Unknown,2,,,
925260,2025-00045723,2025-06-17,10:45:00 AM,Vehicle - Parked Vehicle,,MIDDLE ST,ORANGE ST,Ptlw.  Kawejsza,118,2025-06-17,One-Way Trafficway,Wet,Daylight,Cloudy,"Sideswipe, Same Direction",No,No Controls,2,0,No Injury,2,,41.82363,-71.4109
925261,2025-00045737,2025-06-17,11:55:00 AM,Vehicle - Vehicle,,WAVERLY ST,DEXTER ST,Matthew LeClerc,180,2025-06-17,"Two-Way , Not Divided",Wet,Daylight,Cloudy,Angle (Front - to - Side) Right Angle (Includes Broadside),No,Stop Signs,2,0,No Injury,2,2,41.80681,-71.42896
925263,2025-00045747,2025-06-17,12:34:00 PM,Vehicle - Parked Vehicle,,THAYER ST,WATERMAN ST,Louis Gianfrancesco,350,2025-06-17,One-Way Trafficway,Wet,Daylight,Rain,"Sideswipe, Same Direction",No,No Controls,3,0,No Injury,2,1,41.82724,-71.40053
925264,2025-00045683,2025-06-17,7:46:00 AM,Vehicle - Vehicle,,PLAINFIELD STREET,RT 6 E,Tyler Houlihan,617,2025-06-17,"Two-Way, Divided, Unprotected (painted>4feet) Medium",Wet,Daylight,Rain,Rear End(Front-to-Rear),No,No Controls,4,0,No Injury,2,,41.8131,-71.45626
925265,2025-00045761,2025-06-17,1:58:00 PM,Vehicle - Vehicle,,BRANCH AVE,BRANCH AVE EXIT 24,Domingo Diaz,519,2025-06-17,"Two-Way, Divided, Positive Median Barrier",Wet,Daylight,Rain,Angle (Front - to - Side) Same Direction,No,Traffic Control Signal,4,0,No Injury,2,,41.84409,-71.40918
925266,2025-00045508,2025-06-17,4:12:00 PM,Vehicle - Parked Vehicle,,W FOUNTAIN ST,WINTER ST,Kelsa Heron,133,2025-06-17,Unknown,Dry,Daylight,Clear,Unknown,"Yes, M/V and Driver Left Scene",No Controls,2,0,Unknown,2,,41.81883,-71.42257
925355,2025-00045755,2025-06-17,1:33:00 PM,Vehicle - Parked Vehicle,,369 Douglas Ave,EATON ST,Ryan Anderson,107,2025-06-20,"Two-Way , Not Divided",Dry,Daylight,Clear,Other,"Yes, M/V and Driver Left Scene",No Controls,2,0,No Injury,2,,41.84065,-71.4271
925288,2025-00045826,2025-06-17,6:26:00 PM,Vehicle - Object,,PRARIE AVE,PUBLIC ST,Andrew Brodeur,158,2025-06-18,"Two-Way , Not Divided",Dry,Daylight,Clear,Not a Collision Between Two Motor Vehicles in Transport,No,No Controls,1,0,No Injury,1,2,,
925289,2025-00045835,2025-06-17,7:01:00 PM,Vehicle - Parked Vehicle,,OHIO AVE,EDDY ST,Nicholas Manfredi,343,2025-06-18,"Two-Way , Not Divided",Dry,Daylight,Clear,Rear End(Front-to-Rear),"Yes, M/V and Driver Left Scene",No Controls,1,0,No Injury,2,,41.78869,-71.40263
925318,2025-00045692,2025-06-17,8:36:00 AM,Vehicle - Vehicle,,THURBERS AVE EXIT 18,THURBERS AVE,Victor Tavarez,564,2025-06-19,One-Way Trafficway,Dry,Daylight,Cloudy,Rear End(Front-to-Rear),No,Yield Signs,2,0,No Injury,2,,41.80083,-71.40188
925323,2025-00045865,2025-06-17,9:25:00 PM,Vehicle - Vehicle,,ELMWOOD AVE,PARKIS AVE,Kelsa Heron,133,2025-06-17,"Two-Way , Not Divided",Dry,Dark - Lighted,Clear,Rear End(Front-to-Rear),No,No Controls,6,2,Complains Of Pain,3,,41.80882,-71.42462
925320,2025-00045388,2025-06-16,8:12:00 AM,Vehicle - Vehicle,,FRIENDSHIP ST,PINE ST,Gustavo Genao,135,2025-06-19,"Two-Way , Not Divided",Dry,Daylight,Clear,Angle (Front - to - Side) Same Direction,No,Traffic Control Signal,4,0,No Injury,2,,41.8164,-71.41581
925321,2025-00045562,2025-06-16,7:48:00 PM,Vehicle - Vehicle,,BROAD ST,PRINCETON AVE,Gustavo Genao,135,2025-06-19,"Two-Way , Not Divided",Dry,Daylight,Clear,Other,"Yes, M/V and Driver Left Scene",No Controls,2,0,No Injury,2,,41.80558,-71.41973
925347,2025-00046091,2025-06-16,10:50:00 AM,Vehicle - Vehicle,,ASHBURTON ST,RANDALL ST,Jason Clancy,999,2025-06-20,Unknown,Dry,Daylight,Clear,Other,No,Unknown,4,0,Unknown,2,,41.83607,-71.41229
925262,2025-00045389,2025-06-16,8:11:00 AM,Vehicle - Vehicle,,NELLIE ST,SELKIRK ST,John Benros,481,2025-06-17,"Two-Way , Not Divided",Dry,Daylight,Clear,Angle (Front - to - Side) Right Angle (Includes Broadside),No,Stop Signs,2,0,No Injury,2,,41.85737,-71.41083
925239,2025-00045452,2025-06-16,12:19:00 PM,Vehicle - Parked Vehicle,,ORCHARD PL,ORCHARD AVE,Louis Gianfrancesco,350,2025-06-16,"Two-Way, Not Divided With a Continuous Left Turn Lane",Dry,Daylight,Clear,Rear - to - Rear,No,No Controls,2,0,No Injury,2,2,41.83234,-71.38557
925250,2025-00045480,2025-06-16,2:21:00 PM,Vehicle - Vehicle,,BROOK ST,ARMSTRONG AVE,Kelsey Woodbine,633,2025-06-16,"Two-Way , Not Divided",Dry,Daylight,Clear,"Sideswipe, Same Direction",No,No Controls,3,0,No Injury,2,,41.81879,-71.39802
925251,2025-00045507,2025-06-16,4:01:00 PM,Vehicle - Vehicle,,POWER ST,GOVERNOR ST,Stephanie Teran,625,2025-06-16,"Two-Way, Divided, Unprotected (painted>4feet) Medium",Dry,Daylight,Clear,"Sidwswipe, Opposite Direction",No,No Controls,3,0,No Injury,2,,41.8236,-71.39336
925253,2025-00045482,2025-06-16,2:39:00 PM,Vehicle - Vehicle,,EDDY ST,THURBERS AVE,Jose Cortorreal,604,2025-06-16,"Two-Way , Not Divided",Dry,Daylight,Clear,Rear End(Front-to-Rear),No,Unknown,5,0,No Injury,2,,41.7999,-71.40583