CrashReportId,ReportNumber,CrashDate,CrashTime,TypeOfCollision,Collision Type,StreetOrHighway,NearestIntersection,Officer,Badge,ReportDate,TypeOfRoadway,RoadSurfaceCondition,LightCondition,WeatherCondition,MannerofImpact,HitAndRun,TrafficControl,PersonCount,InjuryCount,MostSeriousInjury,NumberofVehicles,NumberOfLanes,Latitude,Longitude
925254,2025-00045500,2025-06-16,4:02:00 PM,Vehicle - Vehicle,,BROAD ST,BROAD ST,Jose Cortorreal,604,2025-06-16,"Two-Way , Not Divided",Dry,Daylight,Clear,Other,No,No Controls,9,7,Complains Of Pain,5,,41.80361,-71.4191
925255,2025-00045650,2025-06-16,10:30:00 PM,Vehicle - Pedestrian,Pedestrian,CRANSTON ST,HUNTINGTON AVE,Lucas Ramalho,507,2025-06-17,"Two-Way , Not Divided",Dry,Dark - Lighted,Clear,Not a Collision Between Two Motor Vehicles in Transport,"Yes, M/V and Driver Left Scene",Traffic Control Signal,1,1,Complains Of Pain,1,,41.80376,-71.43922
925256,2025-00045325,2025-06-16,12:00:00 AM,Vehicle - Object,,60 Hartford Ave,,Alexis Rosales,682,2025-06-17,One-Way Trafficway,Dry,Dark - Lighted,Clear,Not a Collision Between Two Motor Vehicles in Transport,No,No Controls,2,0,No Injury,1,1,,
925257,2025-00045606,2025-06-16,10:21:00 PM,Vehicle - Vehicle,,142 Glenbridge Avenue,BARBARA ST,Ryan Whittemore,655,2025-06-17,"Two-Way , Not Divided",Dry,Dark - Lighted,Clear,Rear End(Front-to-Rear),"Yes, M/V and Driver Left Scene",No Controls,1,1,Complains Of Pain,2,,41.82108,-71.46093
925218,2025-00045327,2025-06-16,12:04:00 AM,Vehicle - Object,,CHARLES ST,ORMS ST,Ralph Abenante,511,2025-06-16,"Two-Way, Divided, Positive Median Barrier",Dry,Dark - Lighted,Cloudy,Not a Collision Between Two Motor Vehicles in Transport,No,Traffic Control Signal,1,0,No Injury,1,,41.83492,-71.41147
925221,2025-00044990,2025-06-16,12:50:00 AM,Vehicle - Vehicle,,AMHERST ST,PUTNAM ST,Cesar Franco,668,2025-06-16,"Two-Way , Not Divided",Dry,Dark - Lighted,Clear,"Sideswipe, Same Direction","Yes, M/V and Driver Left Scene",No Controls,1,0,No Injury,2,,41.82339,-71.44372
925223,2025-00045334,2025-06-16,12:30:00 AM,Vehicle - Pedestrian,Pedestrian,ACORN ST,SPRUCE ST,Hector Viruet,614,2025-06-16,"Two-Way , Not Divided",Dry,Dark - Lighted,Clear,"Sideswipe, Same Direction","Yes, M/V and Driver Left Scene",No Controls,3,0,No Injury,2,,41.82423,-71.42797
925224,2025-00045333,2025-06-16,12:28:00 AM,Vehicle - Parked Vehicle,,343 BROAD ST,BROAD ST,OFFICER Sesay,612,2025-06-16,Unknown,Dry,Dark - Lighted,Clear,Rear End(Front-to-Rear),"Yes, M/V and Driver Left Scene",No Controls,2,0,No Injury,2,,41.81345,-71.42175
925229,2025-00045401,2025-06-16,9:18:00 AM,Vehicle - Vehicle,,VEAZIE ST,BRANCH AVE,Christopher Hines,537,2025-06-16,"Two-Way , Not Divided",Dry,Daylight,Clear,Rear End(Front-to-Rear),No,Traffic Control Signal,8,0,No Injury,2,,41.85472,-71.43468
925231,2025-00045406,2025-06-16,9:51:00 AM,Vehicle - Pedestrian,Scooter,COLLEGE ST,MEMORIAL BLVD,Ptlm. Castagliuolo,351,2025-06-16,"Two-Way , Not Divided",Dry,Daylight,Clear,Not a Collision Between Two Motor Vehicles in Transport,No,Pavement Markings,3,1,Non-Incapacitating,1,,41.8254,-71.40852
925237,2025-00045337,2025-06-16,11:00:00 AM,Vehicle - Vehicle,,CRANSTON ST,HUNTINGTON AVE,Jason Clancy,999,2025-06-16,"Two-Way , Not Divided",Dry,Daylight,Clear,Rear End(Front-to-Rear),"Yes, M/V and Driver Left Scene",Unknown,2,0,Unknown,2,,41.80373,-71.43926
925242,2025-00045478,2025-06-16,2:13:00 PM,Vehicle - Vehicle,,1 Providence Pl,,Domingo Diaz,519,2025-06-16,"Two-Way , Not Divided",Dry,Daylight,Clear,Angle (Front - to - Side) Opposite Direction,"Yes, M/V and Driver Left Scene",No Controls,2,1,Complains Of Pain,2,,,
925243,2025-00045466,2025-06-16,1:21:00 PM,Vehicle - Parked Vehicle,,BATTEY ST,CARPENTER ST,Fernando Lopez,156,2025-06-16,"Two-Way , Not Divided",Dry,Daylight,Clear,"Sideswipe, Same Direction",No,No Controls,3,0,No Injury,2,,41.81944,-71.42498
925244,2025-00045488,2025-06-16,3:17:00 PM,Vehicle - Vehicle,,eddy st,EXIT 19  (RT ),Tyler Calandra,418,2025-06-16,"Two-Way , Not Divided",Dry,Daylight,Clear,Angle (Front - to - Side) Right Angle (Includes Broadside),No,No Controls,4,1,Complains Of Pain,2,,41.81051,-71.4072
925246,2025-00045499,2025-06-16,3:33:00 PM,Vehicle - Vehicle,,WESTMINSTER ST,STOKES ST,Terrence Gibson,610,2025-06-16,"Two-Way , Not Divided",Dry,Daylight,Clear,Angle (Front - to - Side) Opposite Direction,"Yes, M/V and Driver Left Scene",No Controls,1,0,No Injury,2,,41.81669,-71.44249
925247,2025-00045505,2025-06-16,3:48:00 PM,Vehicle - Vehicle,,CHARLES STREET,CHARLES ST,Manuel Tueros,621,2025-06-16,One-Way Trafficway,Dry,Daylight,Clear,"Sideswipe, Same Direction","Yes, M/V and Driver Left Scene",No Controls,1,0,No Injury,2,,41.8369,-71.41307
925227,2025-00045323,2025-06-15,11:54:00 PM,Vehicle - Pedestrian,Pedestrian,BROAD ST / BYFIELD ST,BROAD ST / BYFIELD ST,Lucas Oliveira,688,2025-06-16,"Two-Way , Not Divided",Dry,Dark - Lighted,Clear,"Sidwswipe, Opposite Direction","Yes, M/V and Driver Left Scene",No Controls,4,0,No Injury,2,,,
925222,2025-00045017,2025-06-15,1:54:00 AM,Vehicle - Parked Vehicle,,262 WARRINGTON,ELMWOOD,Lawrence TyHanson,684,2025-06-16,"Two-Way , Not Divided",Dry,Dark - Lighted,Clear,Head-On (Front - to - Front),No,No Controls,2,0,No Injury,2,,,
925219,2025-00044978,2025-06-15,12:23:00 AM,Vehicle - Vehicle,,broadway,VALLEY ST,Cesar Franco,668,2025-06-16,"Two-Way , Not Divided",Dry,Dark - Lighted,Clear,Angle - Direction Not Specified,No,No Controls,2,0,No Injury,2,,41.81683,-71.44102
925220,2025-00045227,2025-06-15,9:35:00 PM,Vehicle - Pedestrian,Pedestrian,VALLEY ST,WOLCOTT ST,Lucas Ramalho,507,2025-06-16,"Two-Way , Not Divided",Dry,Dark - Lighted,Clear,Not a Collision Between Two Motor Vehicles in Transport,"Yes, M/V and Driver Left Scene",No Controls,1,1,Complains Of Pain,1,,41.8291,-71.43312
925214,2025-00045175,2025-06-15,4:39:00 PM,Vehicle - Object,,Eaton St,ENFIELD AVE,Tyler Calandra,418,2025-06-15,"Two-Way , Not Divided",Dry,Daylight,Clear,Other,No,No Controls,2,2,Complains Of Pain,1,,41.84364,-71.44678
925216,2025-00045240,2025-06-15,7:58:00 PM,Vehicle - Vehicle,,WHITTIER AVE,GIFFORD ST,Ralph Abenante,511,2025-06-15,"Two-Way , Not Divided",Dry,Dawn,Cloudy,Rear End(Front-to-Rear),"Yes, M/V and Driver Left Scene",Stop Signs,3,1,Complains Of Pain,2,,41.81458,-71.44863
925217,2025-00045182,2025-06-15,4:58:00 PM,Vehicle - Parked Vehicle,,ORMS ST,DUKE ST,Ryan Fernandes,125,2025-06-15,"Two-Way, Divided, Unprotected (painted>4feet) Medium",Dry,Daylight,Clear,Unknown,"Yes, M/V and Driver Left Scene",No Controls,1,0,Unknown,2,,41.83332,-71.4249
925203,2025-00045000,2025-06-15,1:29:00 AM,Vehicle - Vehicle,,1052 Chalkstone ave,,Pedroangel Pena Campusano,677,2025-06-15,"Two-Way , Not Divided",Dry,Dark - Lighted,Clear,Head-On (Front - to - Front),No,No Controls,3,2,Complains Of Pain,2,,,
925205,2025-00045003,2025-06-15,1:38:00 AM,Vehicle - Parked Vehicle,,BELLEVUE AVE,BUCKLIN ST,Domenic Schiavulli,653,2025-06-15,"Two-Way , Not Divided",Dry,Dark - Lighted,Clear,Angle (Front - to - Side) Opposite Direction,"Yes, Driver Left Scene",No Controls,2,0,Unknown,2,,41.80711,-71.42512
925208,2025-00045052,2025-06-15,5:53:00 AM,Vehicle - Parked Vehicle,,MARIETTA ST,HALL ST,Matthew Lombardi,674,2025-06-15,"Two-Way , Not Divided",Dry,Daylight,Clear,Not a Collision Between Two Motor Vehicles in Transport,No,No Controls,2,0,No Injury,2,,41.85276,-71.41747
925210,2025-00045090,2025-06-15,11:34:00 AM,Vehicle - Vehicle,,ATWELLS AVE,DUTTON ST,Elizabeth Pedchenko,498,2025-06-15,"Two-Way , Not Divided",Dry,Daylight,Clear,Angle (Front - to - Side) Same Direction,No,No Controls,4,0,No Injury,2,,41.82526,-71.45261
925211,2025-00045098,2025-06-15,12:29:00 PM,Vehicle - Vehicle,,Eagle Street,ATWELLS AVE,Ybelis Gonzalez,376,2025-06-15,"Two-Way, Not Divided With a Continuous Left Turn Lane",Dry,Daylight,Clear,Rear End(Front-to-Rear),No,Traffic Control Signal,4,0,No Injury,2,,41.8245,-71.43548
925252,2025-00045254,2025-06-15,8:37:00 PM,Vehicle - Vehicle,,COLFAX ST,GORDON AVE,Jose Cortorreal,604,2025-06-16,"Two-Way , Not Divided",Dry,Dark - Lighted,Clear,"Sidwswipe, Opposite Direction",No,No Controls,3,0,No Injury,2,,41.79912,-71.41425
925240,2025-00045084,2025-06-15,10:53:00 AM,Vehicle - Parked Vehicle,,ANN ST,ARMSTRONG AVE,Raleek Byfield,375,2025-06-16,"Two-Way , Not Divided",Dry,Daylight,Clear,"Sideswipe, Same Direction",No,No Controls,3,0,No Injury,2,,41.81936,-71.39616
925241,2025-00045142,2025-06-15,1:32:00 PM,Vehicle - Vehicle,,PROVIDENCE PL,,Jason Clancy,999,2025-06-16,Unknown,Dry,Daylight,Clear,Angle (Front - to - Side) Same Direction,No,Unknown,2,0,Unknown,2,,,
925273,2025-00045018,2025-06-15,2:16:00 AM,Vehicle - Vehicle,,DEAN ST,CARPENTER ST,Karen Milian,673,2025-06-18,"Two-Way , Not Divided",Dry,Dark - Lighted,Clear,"Sidwswipe, Opposite Direction","Yes, Driver Left Scene",Stop Signs,1,0,No Injury,2,,,
925324,2025-00045140,2025-06-15,3:12:00 PM,Vehicle - Parked Vehicle,,EDDY ST,WASHINGTON AVE,Nicolas Lafazia,369,2025-06-19,"Two-Way , Not Divided",Dry,Daylight,Clear,Rear - to - Side,No,No Controls,2,0,No Injury,2,,41.78694,-71.40226
925720,2025-00050933,2025-06-15,3:30:00 PM,Vehicle - Parked Vehicle,,CHARLES ST,,Jason Clancy,999,2025-07-03,Unknown,Dry,Daylight,Clear,Rear - to - Side,No,Unknown,3,0,No Injury,2,,,
926043,2025-00045242,2025-06-15,8:19:00 PM,Vehicle - Parked Vehicle,,SPRUCE ST,CHEEVES ST,Kelsa Heron,133,2025-07-14,One-Way Trafficway,Dry,Dusk,Clear,Unknown,No,No Controls,2,0,Unknown,2,,41.8242,-71.42539
925533,2025-00044804,2025-06-14,12:19:00 PM,Vehicle - Vehicle,,ASHBURTON ST,I 95 S,D WILSON,123,2025-06-26,"Two-Way, Divided, Unprotected (painted>4feet) Medium",Dry,Daylight,Clear,Angle (Front - to - Side) Same Direction,No,No Controls,2,0,No Injury,2,,41.83725,-71.4148
925641,2025-00044840,2025-06-14,3:44:00 PM,Vehicle - Vehicle,,STATE HWY 10,CRANSTON ST,Kyle Ludovici,390,2025-06-30,"Two-Way, Not Divided With a Continuous Left Turn Lane",Dry,Daylight,Clear,"Sideswipe, Same Direction",No,No Controls,4,0,No Injury,2,,41.8038,-71.43917
925325,2025-00044899,2025-06-14,7:56:00 PM,Vehicle - Pedestrian,Pedestrian,ELMWOOD AVE,EXIT,Nicolas Lafazia,369,2025-06-19,"Two-Way , Not Divided",Dry,Daylight,Clear,"Sideswipe, Same Direction",No,Unknown,1,0,No Injury,1,,41.78096,-71.41992
925322,2025-00044799,2025-06-14,11:45:00 AM,Vehicle - Vehicle,,Hartford Ave,OPHELIA ST,Ajay Subramaniam,569,2025-06-19,"Two-Way , Not Divided",Dry,Daylight,Cloudy,Rear End(Front-to-Rear),No,No Controls,3,0,No Injury,2,,41.81935,-71.46415
925228,2025-00045130,2025-06-14,9:30:00 PM,Vehicle - Vehicle,,VEAZIE ST,CONCANNON ST,Jason Clancy,999,2025-06-16,Unknown,Dry,Dark - Unknown Lighting,Clear,Angle - Direction Not Specified,"Yes, M/V and Driver Left Scene",Unknown,2,0,Unknown,2,,41.85363,-71.43508
925185,2025-00044793,2025-06-14,11:13:00 AM,Vehicle - Parked Vehicle,,EAST TRANSIT ST,GOVERNOR ST,George Pereira,421,2025-06-14,"Two-Way , Not Divided",Wet,Daylight,Rain,Angle (Front - to - Side) Same Direction,"Yes, M/V and Driver Left Scene",No Controls,2,0,Unknown,2,,41.82152,-71.39355
925186,2025-00044792,2025-06-14,11:09:00 AM,Vehicle - Vehicle,,VANDEWATER ST,BRANCH AVE,Ryan Anderson,107,2025-06-14,"Two-Way , Not Divided",Wet,Daylight,Rain,Angle (Front - to - Side) Right Angle (Includes Broadside),"Yes, M/V and Driver Left Scene",No Controls,5,0,No Injury,2,,41.85354,-71.42889
925187,2025-00044796,2025-06-14,11:17:00 AM,Vehicle - Vehicle,,241 Wickenden St,,Michael Cifuentes,330,2025-06-14,"Two-Way , Not Divided",Dry,Daylight,Cloudy,Other,No,No Controls,3,0,No Injury,2,,41.81947,-71.39833
925188,2025-00044794,2025-06-14,11:13:00 AM,Vehicle - Vehicle,,1284 N. Main Street,WHITE ST,Jeann Lugo,543,2025-06-14,Unknown,Wet,Daylight,Clear,Rear - to - Side,No,No Controls,2,0,No Injury,2,,41.85522,-71.40025
925189,2025-00044788,2025-06-14,10:36:00 AM,Vehicle - Vehicle,,ETHAN ST,UNION AVE,Ptlm. Castagliuolo,351,2025-06-14,"Two-Way , Not Divided",Dry,Daylight,Rain,Angle (Front - to - Side) Right Angle (Includes Broadside),No,Stop Signs,2,1,Complains Of Pain,2,,41.80733,-71.45948
925190,2025-00044825,2025-06-14,2:19:00 PM,Vehicle - Vehicle,,RIVER AVE,SMITH ST,Ptlm. Castagliuolo,351,2025-06-14,"Two-Way , Not Divided",Wet,Daylight,Rain,Angle (Front - to - Side) Right Angle (Includes Broadside),No,Traffic Control Signal,7,6,Complains Of Pain,2,,41.84063,-71.44055
925191,2025-00044847,2025-06-14,4:33:00 PM,Vehicle - Parked Vehicle,,2ND ST,HIGHLAND AVE,Cory Nicholls,609,2025-06-14,Unknown,Wet,Daylight,Rain,Unknown,"Yes, M/V and Driver Left Scene",No Controls,1,0,Unknown,2,,41.85056,-71.40265
925192,2025-00044838,2025-06-14,3:35:00 PM,Vehicle - Vehicle,,WATERMAN ST,GANO ST,Kelsey Woodbine,633,2025-06-14,"Two-Way , Not Divided",Wet,Daylight,Cloudy,Angle (Front - to - Side) Right Angle (Includes Broadside),No,No Controls,2,0,No Injury,2,,41.82818,-71.39075
925193,2025-00044853,2025-06-14,5:14:00 PM,Vehicle - Vehicle,,CHARLES ST,RANDALL ST,Patrick Hourahan,243,2025-06-14,One-Way Trafficway,Wet,Daylight,Cloudy,"Sideswipe, Same Direction",No,Stop Signs,2,0,No Injury,2,,41.83636,-71.41189
925194,2025-00044856,2025-06-14,4:55:00 PM,Vehicle - Parked Vehicle,,BRIDGE ST,INDIA ST,Kelsey Woodbine,633,2025-06-14,One-Way Trafficway,Wet,Daylight,Cloudy,Rear - to - Side,"Yes, M/V and Driver Left Scene",No Controls,1,0,Unknown,2,,41.8184,-71.4021
925196,2025-00044874,2025-06-14,6:36:00 PM,Vehicle - Vehicle,,NORTH MAIN ST,RANDALL ST,Patrick Hourahan,243,2025-06-14,"Two-Way, Divided, Positive Median Barrier",Dry,Daylight,Cloudy,"Sideswipe, Same Direction",No,Traffic Control Signal,3,0,No Injury,2,,41.83823,-71.40965
925197,2025-00044915,2025-06-14,9:09:00 PM,Vehicle - Vehicle,,BRANCH AVE,VANDEWATER ST,Lane,109,2025-06-14,"Two-Way, Divided, Unprotected (painted>4feet) Medium",Dry,Dark - Lighted,Clear,Rear End(Front-to-Rear),No,Traffic Control Signal,2,1,Complains Of Pain,2,,41.85361,-71.42857
925198,2025-00044882,2025-06-14,7:17:00 PM,Vehicle - Parked Vehicle,,CHAPIN AVE,PARADE ST,Kelsa Heron,133,2025-06-14,"Two-Way , Not Divided",Dry,Daylight,Clear,Rear End(Front-to-Rear),No,No Controls,2,0,No Injury,2,,41.81189,-71.43196
925199,2025-00044841,2025-06-14,3:45:00 PM,Vehicle - Vehicle,,SMITH ST,SMITH ST,Elijah Perry,618,2025-06-14,"Two-Way , Not Divided",Wet,Daylight,Rain,Unknown,No,No Controls,5,0,No Injury,2,,41.83296,-71.41996
925200,2025-00044910,2025-06-14,8:49:00 PM,Vehicle - Vehicle,,HAROLD STREET,CHALKSTONE AVE,Arthur Lima,126,2025-06-14,"Two-Way , Not Divided",Dry,Daylight,Clear,Head-On (Front - to - Front),"Yes, M/V and Driver Left Scene",No Controls,1,0,No Injury,2,,41.83232,-71.43932
925201,2025-00044927,2025-06-14,10:17:00 PM,Vehicle - Parked Vehicle,,CRANSTON ST,DEXTER ST,Brandon Macedo,177,2025-06-14,"Two-Way , Not Divided",Dry,Dark - Lighted,Clear,"Sideswipe, Same Direction","Yes, M/V and Driver Left Scene",No Controls,3,0,Unknown,2,2,41.81283,-71.42913
925202,2025-00044949,2025-06-14,11:14:00 PM,Vehicle - Vehicle,,99 N MAIN ST,STEEPLE ST,Carla Pineyro,661,2025-06-15,"Two-Way, Divided, Unprotected (painted>4feet) Medium",Dry,Dark - Lighted,Clear,Rear End(Front-to-Rear),No,No Controls,2,0,No Injury,2,2,41.82759,-71.40912
925176,2025-00044499,2025-06-13,1:45:00 PM,Vehicle - Vehicle,,LABAN STREET,DEWEY STREET,Patrolwoman Addai,513,2025-06-13,"Two-Way , Not Divided",Dry,Daylight,Clear,Angle (Front - to - Side) Opposite Direction,No,No Controls,3,1,Complains Of Pain,2,2,,
925177,2025-00044507,2025-06-13,2:45:00 PM,Vehicle - Vehicle,,ANDEM ST,CANTON ST,Arthur Lima,126,2025-06-13,"Two-Way , Not Divided",Dry,Daylight,Clear,Rear End(Front-to-Rear),"Yes, M/V and Driver Left Scene",No Controls,1,0,No Injury,2,,41.8305,-71.44318
925178,2025-00044555,2025-06-13,5:02:00 PM,Vehicle - Parked Vehicle,,LYNCH ST,CHALKSTONE AVE,Jessenia Montano,149,2025-06-13,"Two-Way, Divided, Unprotected (painted>4feet) Medium",Dry,Daylight,Clear,Not a Collision Between Two Motor Vehicles in Transport,No,No Controls,5,0,No Injury,2,,41.83229,-71.45234
925179,2025-00044562,2025-06-13,5:36:00 PM,Vehicle - Vehicle,,BRANCH AVE,NORTH MAIN ST,Patrick Hourahan,243,2025-06-13,"Two-Way , Not Divided",Dry,Daylight,Clear,"Sideswipe, Same Direction",No,Traffic Control Signal,5,0,No Injury,2,,41.84193,-71.40785
925180,2025-00044373,2025-06-13,2:11:00 AM,Vehicle - Vehicle,,DOUGLAS AVE,DOUGLAS AVE,Lane,109,2025-06-13,"Two-Way, Divided, Unprotected (painted>4feet) Medium",Dry,Dark - Lighted,Clear,Angle (Front - to - Side) Right Angle (Includes Broadside),No,No Controls,3,0,No Injury,2,,41.84945,-71.43293
925195,2025-00044512,2025-06-13,2:33:00 PM,Vehicle - Vehicle,,WEBSTER AVE,DORCHESTER AVE,Ruben Morales,685,2025-06-14,"Two-Way , Not Divided",Dry,Daylight,Clear,Angle (Front - to - Side) Right Angle (Includes Broadside),"Yes, M/V and Driver Left Scene",No Controls,3,0,No Injury,2,,,
925160,2025-00044378,2025-06-13,2:43:00 AM,Vehicle - Pedestrian,Pedestrian,BROAD STREET,HASKINS STREET,Tyler Houlihan,617,2025-06-13,"Two-Way, Divided, Unprotected (painted>4feet) Medium",Dry,Dark - Not Lighted,Cloudy,Not a Collision Between Two Motor Vehicles in Transport,No,No Controls,3,1,Non-Incapacitating,1,,41.81573,-71.4186
925163,2025-00044390,2025-06-13,5:59:00 AM,Vehicle - Vehicle,,FOCH AVE,FOCH AVE,Johusua Nazario Feliz,142,2025-06-13,"Two-Way , Not Divided",Dry,Daylight,Clear,Angle (Front - to - Side) Same Direction,"Yes, M/V and Driver Left Scene",Traffic Control Signal,2,0,No Injury,2,,41.8568,-71.41085
925168,2025-00044420,2025-06-13,9:26:00 AM,Vehicle - Vehicle,,Fillmore Street,Admiral Street,James Lanier,211,2025-06-13,"Two-Way, Divided, Unprotected (painted>4feet) Medium",Dry,Daylight,Clear,Angle (Front - to - Side) Right Angle (Includes Broadside),No,Pavement Markings,2,0,No Injury,2,1,,
925170,2025-00044408,2025-06-13,8:31:00 AM,Vehicle - Parked Vehicle,,Wickenden,Brook,Martin Hames,536,2025-06-13,"Two-Way , Not Divided",Dry,Daylight,Clear,"Sideswipe, Same Direction","Yes, M/V and Driver Left Scene",No Controls,2,0,No Injury,2,,,
925238,2025-00044526,2025-06-13,10:49:00 AM,Vehicle - Vehicle,,CRANSTON ST,,J. CLANCY,999,2025-06-16,"Two-Way , Not Divided",Dry,Daylight,Clear,Unknown,No,Unknown,1,0,Unknown,2,,,
925183,2025-00044618,2025-06-13,9:00:00 PM,Vehicle - Vehicle,,POINT ST,EDDY ST,Ptlw. Martinez,146,2025-06-13,"Two-Way, Divided, Positive Median Barrier",Dry,Dark - Lighted,Clear,Rear End(Front-to-Rear),"Yes, M/V and Driver Left Scene",Traffic Control Signal,2,0,No Injury,2,,,
925283,2025-00044485,2025-06-13,1:11:00 PM,Vehicle - Vehicle,,broadway,SERVICE ROAD 7,Brad McParlin,395,2025-06-18,"Two-Way , Not Divided",Dry,Daylight,Clear,Rear End(Front-to-Rear),No,No Controls,2,0,No Injury,2,,41.82183,-71.42089
925258,2025-00045429,2025-06-13,7:20:00 AM,Vehicle - Parked Vehicle,,324 Hope Street,ALUMNI AVE,Jonathan Leroux,424,2025-06-17,Unknown,Dry,Daylight,Clear,Rear - to - Rear,"Yes, M/V and Driver Left Scene",No Controls,1,0,No Injury,2,,41.83482,-71.40147
925408,2025-00044433,2025-06-13,10:50:00 AM,Vehicle - Vehicle,,CRANSTON ST,HANOVER ST,D WILSON,123,2025-06-22,"Two-Way, Divided, Unprotected (painted>4feet) Medium",Dry,Daylight,Clear,Rear End(Front-to-Rear),"Yes, M/V and Driver Left Scene",No Controls,1,0,No Injury,2,,41.8095,-71.43354
925453,2025-00044529,2025-06-13,4:00:00 PM,Vehicle - Vehicle,,KILLINGLY ST,HARTFORD AVE,Nathaniel Eastman,112,2025-06-23,"Two-Way , Not Divided",Dry,Daylight,Clear,Angle (Front - to - Side) Right Angle (Includes Broadside),No,Yield Signs,5,1,Complains Of Pain,2,,41.82011,-71.469
925454,2025-00044619,2025-06-13,9:03:00 PM,Vehicle - Vehicle,,UNION AVE,PROSCILLA AVE,Nathaniel Eastman,112,2025-06-23,"Two-Way , Not Divided",Dry,Dark - Lighted,Clear,Rear End(Front-to-Rear),No,No Controls,3,0,No Injury,2,,,
926115,2025-00044531,2025-06-13,4:02:00 PM,Vehicle - Vehicle,,union ave,POCASSET AVE,Brendan O'Brien,667,2025-07-17,"Two-Way , Not Divided",Dry,Daylight,Clear,Rear End(Front-to-Rear),No,No Controls,5,0,No Injury,2,,41.80639,-71.45714
925742,2025-00044475,2025-06-13,12:36:00 PM,Vehicle - Parked Vehicle,,157 WILLOW ST,ELLERY ST,D WILSON,123,2025-07-04,Unknown,Dry,Daylight,Clear,Not a Collision Between Two Motor Vehicles in Transport,"Yes, M/V and Driver Left Scene",No Controls,1,0,Unknown,2,,41.81376,-71.43847
925540,2025-00044266,2025-06-12,7:32:00 PM,Vehicle - Vehicle,,THURBERS AVE,BLUNDELL ST,Brandon McDonnell,620,2025-06-26,One-Way Trafficway,Dry,Daylight,Clear,Angle (Front - to - Side) Same Direction,No,No Controls,2,0,No Injury,2,,,
925290,2025-00044244,2025-06-12,6:52:00 PM,Vehicle - Vehicle,,PETTEYS AVE,GLENBRIDGE AVE,Terrence Gibson,610,2025-06-18,"Two-Way , Not Divided",Dry,Daylight,Clear,Rear End(Front-to-Rear),No,Traffic Control Signal,2,0,No Injury,2,,41.81898,-71.46158
925184,2025-00044135,2025-06-12,11:19:00 AM,Vehicle - Vehicle,,PLAINFIELD ST,EDNA ST,Jeann Lugo,543,2025-06-14,"Two-Way , Not Divided",Dry,Daylight,Clear,Angle (Front - to - Side) Opposite Direction,No,Stop Signs,4,0,No Injury,2,,41.81572,-71.44547
925209,2025-00044172,2025-06-12,2:05:00 PM,Vehicle - Vehicle,,387 Charles Street,SILVER SPRING ST,Brian Aucoin,113,2025-06-15,"Two-Way , Not Divided",Dry,Daylight,Clear,"Sidwswipe, Opposite Direction","Yes, M/V and Driver Left Scene",No Controls,1,0,Unknown,2,,41.84399,-71.41844
925226,2025-00045347,2025-06-12,1:30:00 AM,Vehicle - Object,,BROAD ST,BROAD ST,Lawrence TyHanson,684,2025-06-16,"Two-Way , Not Divided",Dry,Dark - Lighted,Clear,Head-On (Front - to - Front),No,No Controls,1,0,No Injury,1,,41.80634,-71.41997
925172,2025-00044238,2025-06-12,6:22:00 PM,Vehicle - Parked Vehicle,,35 Richmond Street,PINE ST,Scott Keenan,546,2025-06-13,One-Way Trafficway,Dry,Daylight,Clear,"Sidwswipe, Opposite Direction",No,No Controls,2,0,No Injury,2,1,41.82073,-71.41205
925161,2025-00044319,2025-06-12,10:33:00 PM,Vehicle - Vehicle,,BRANCH AVE,OPPER ST,Abdiel Mendez,652,2025-06-13,"Two-Way , Not Divided",Dry,Dark - Lighted,Clear,Rear End(Front-to-Rear),"Yes, M/V and Driver Left Scene",Traffic Control Signal,1,0,No Injury,2,,41.85173,-71.42336
925162,2025-00044321,2025-06-12,2:23:00 AM,Vehicle - Vehicle,,288 Kinsley Ave,,Pedroangel Pena Campusano,677,2025-06-13,"Two-Way , Not Divided",Dry,Dark - Lighted,Clear,Rear End(Front-to-Rear),"Yes, M/V and Driver Left Scene",No Controls,1,0,No Injury,2,,,
925141,2025-00044111,2025-06-12,9:38:00 AM,Vehicle - Object,,BELDEN ST,ELMWOOD AVE,Hansel Ventura,570,2025-06-12,"Two-Way, Divided, Positive Median Barrier",Dry,Daylight,Clear,Not a Collision Between Two Motor Vehicles in Transport,No,No Controls,2,0,No Injury,1,,41.79028,-71.42198
925142,2025-00044109,2025-06-12,9:34:00 AM,Vehicle - Vehicle,,FARM ST,FREESE ST,Jason Dennis,392,2025-06-12,"Two-Way , Not Divided",Dry,Daylight,Clear,Not a Collision Between Two Motor Vehicles in Transport,"Yes, M/V and Driver Left Scene",No Controls,4,0,Unknown,3,,41.83641,-71.44972
925144,2025-00044134,2025-06-12,11:25:00 AM,Vehicle - Vehicle,,Atwells Avenue,MONGENAIS ST,Igor Barbosa,114,2025-06-12,"Two-Way, Divided, Unprotected (painted>4feet) Medium",Dry,Daylight,Clear,Not a Collision Between Two Motor Vehicles in Transport,"Yes, M/V and Driver Left Scene",No Controls,1,0,Unknown,2,,41.82502,-71.44787