CrashReportId,ReportNumber,CrashDate,CrashTime,TypeOfCollision,Collision Type,StreetOrHighway,NearestIntersection,Officer,Badge,ReportDate,TypeOfRoadway,RoadSurfaceCondition,LightCondition,WeatherCondition,MannerofImpact,HitAndRun,TrafficControl,PersonCount,InjuryCount,MostSeriousInjury,NumberofVehicles,NumberOfLanes,Latitude,Longitude
925134,2025-00044015,2025-06-12,11:10:00 PM,Vehicle - Object,,121 julian st,AMHERST ST,Cesar Franco,668,2025-06-12,"Two-Way , Not Divided",Dry,Dark - Lighted,Clear,Not a Collision Between Two Motor Vehicles in Transport,"Yes, M/V and Driver Left Scene",No Controls,0,0,Unknown,1,,41.82277,-71.44491
925135,2025-00044072,2025-06-12,6:00:00 AM,Vehicle - Vehicle,,North Main St,N MAIN ST,Matthew Lombardi,674,2025-06-12,"Two-Way, Divided, Unprotected (painted>4feet) Medium",Dry,Daylight,Clear,Rear End(Front-to-Rear),No,Traffic Control Signal,3,0,No Injury,2,,41.84199,-71.40798
925147,2025-00044200,2025-06-12,4:11:00 PM,Vehicle - Vehicle,,CHARLES ST,SILVER SPRING ST,Matthew Labutti,104,2025-06-12,"Two-Way , Not Divided",Dry,Daylight,Clear,Rear End(Front-to-Rear),No,Traffic Control Signal,4,0,No Injury,2,,41.84469,-71.41867
925148,2025-00044182,2025-06-12,3:18:00 PM,Vehicle - Parked Vehicle,,Plain St,SALISBURY ST,Tyler Calandra,418,2025-06-12,"Two-Way , Not Divided",Dry,Daylight,Clear,Rear End(Front-to-Rear),No,No Controls,3,1,Complains Of Pain,2,,41.80594,-71.40973
925149,2025-00044190,2025-06-12,3:40:00 PM,Vehicle - Pedestrian,Pedestrian,WEYBOSSET ST,DORRANCE ST,Raymond Criner,340,2025-06-12,"Two-Way , Not Divided",Dry,Daylight,Clear,Not a Collision Between Two Motor Vehicles in Transport,No,Pavement Markings,3,1,Complains Of Pain,1,,41.82307,-71.41098
925150,2025-00044212,2025-06-12,4:54:00 PM,Vehicle - Parked Vehicle,,ALDRICH ST,EDDY ST,Nicholas Manfredi,343,2025-06-12,"Two-Way , Not Divided",Dry,Daylight,Clear,Angle (Front - to - Side) Opposite Direction,No,Stop Signs,3,1,Complains Of Pain,2,,41.79583,-71.40474
925151,2025-00044250,2025-06-12,6:59:00 PM,Vehicle - Vehicle,,NELLIE ST,SMITHFIELD AVE,Ptlm. Labutti,104,2025-06-12,"Two-Way , Not Divided",Dry,Daylight,Clear,Angle (Front - to - Side) Right Angle (Includes Broadside),No,No Controls,3,0,No Injury,2,,41.85737,-71.41083
925152,2025-00044257,2025-06-12,7:15:00 PM,Vehicle - Vehicle,,WASHINGTON ST,SERVICE ROAD 8,Cory Nicholls,609,2025-06-12,"Two-Way , Not Divided",Dry,Dusk,Clear,"Sideswipe, Same Direction",No,Traffic Control Signal,3,0,No Injury,2,,41.82021,-71.41885
925153,2025-00044271,2025-06-12,7:36:00 PM,Vehicle - Parked Vehicle,,Railroad St,EXCHANGE ST,Matthew Kelley,186,2025-06-12,One-Way Trafficway,Dry,Dusk,Clear,"Sideswipe, Same Direction",No,No Controls,5,0,No Injury,2,,41.8288,-71.41324
925154,2025-00044284,2025-06-12,8:47:00 PM,Vehicle - Vehicle,,SMITH ST,WABUN AVE,Lane,109,2025-06-12,"Two-Way, Divided, Unprotected (painted>4feet) Medium",Dry,Dusk,Clear,Rear End(Front-to-Rear),No,Traffic Control Signal,2,1,Complains Of Pain,2,,41.84067,-71.44064
925155,2025-00044222,2025-06-12,5:22:00 PM,Vehicle - Vehicle,,BROAD ST,BROAD ST,Cassidy Simanski,132,2025-06-12,"Two-Way , Not Divided",Dry,Daylight,Clear,Rear End(Front-to-Rear),No,No Controls,5,0,No Injury,2,,41.8142,-71.42127
925156,2025-00044313,2025-06-12,10:15:00 PM,Vehicle - Vehicle,,NIANTIC AVE,PAWNEE ST,Ptlm. Carias,127,2025-06-12,"Two-Way, Divided, Unprotected (painted>4feet) Medium",Dry,Dark - Lighted,Clear,"Sideswipe, Same Direction","Yes, M/V and Driver Left Scene",No Controls,4,0,No Injury,2,,41.79329,-71.43769
925158,2025-00044332,2025-06-12,11:18:00 PM,Vehicle - Parked Vehicle,,27 WENDALL ST,,Karen Milian,673,2025-06-13,One-Way Trafficway,Dry,Dark - Lighted,Clear,"Sideswipe, Same Direction","Yes, Driver Left Scene",No Controls,3,0,No Injury,2,,,
925139,2025-00043908,2025-06-11,2:30:00 PM,Vehicle - Pedestrian,Scooter,PINE ST,,Jason Clancy,999,2025-06-12,Unknown,Dry,Daylight,Clear,Unknown,No,Unknown,2,0,Unknown,1,,,
925110,2025-00043782,2025-06-11,7:40:00 AM,Vehicle - Vehicle,,GALLATIN ST,KIPLING ST,Hansel Ventura,570,2025-06-11,"Two-Way , Not Divided",Dry,Daylight,Clear,Angle (Front - to - Side) Right Angle (Includes Broadside),No,No Controls,6,0,No Injury,2,,41.79423,-71.42309
925118,2025-00043863,2025-06-11,2:30:00 PM,Vehicle - Pedestrian,Pedestrian,BROADWAY,VALLEY ST,Tyler Calandra,418,2025-06-11,"Two-Way , Not Divided",Dry,Daylight,Clear,Not a Collision Between Two Motor Vehicles in Transport,"Yes, M/V and Driver Left Scene",No Controls,1,1,Complains Of Pain,1,,41.81683,-71.44101
925119,2025-00043879,2025-06-11,3:05:00 PM,Vehicle - Parked Vehicle,,CURTIS ST,BOSWORTH ST,Terrence Gibson,610,2025-06-11,"Two-Way , Not Divided",Dry,Daylight,Clear,Angle (Front - to - Side) Right Angle (Includes Broadside),No,No Controls,2,0,No Injury,2,,41.82194,-71.45013
925112,2025-00043837,2025-06-11,12:24:00 PM,Vehicle - Vehicle,,STEEPLE ST,CANAL ST,Ptlw. Kawejsza,118,2025-06-11,One-Way Trafficway,Dry,Daylight,Clear,Rear End(Front-to-Rear),No,Traffic Control Signal,3,0,No Injury,2,,41.82713,-71.40999
925113,2025-00043839,2025-06-11,12:59:00 PM,Vehicle - Vehicle,,BROAD ST,ELMA ST,Hansel Ventura,570,2025-06-11,"Two-Way , Not Divided",Dry,Daylight,Clear,Angle (Front - to - Side) Right Angle (Includes Broadside),No,Stop Signs,2,0,No Injury,2,,41.79692,-71.41307
925114,2025-00043829,2025-06-11,12:07:00 PM,Vehicle - Vehicle,,Manton Avenue,GREENWOOD ST,Igor Barbosa,114,2025-06-11,"Two-Way, Divided, Unprotected (painted>4feet) Medium",Dry,Daylight,Clear,"Sideswipe, Same Direction","Yes, M/V and Driver Left Scene",No Controls,4,0,No Injury,2,,41.82382,-71.45175
925115,2025-00043841,2025-06-11,1:05:00 PM,Vehicle - Vehicle,,CRANSTON ST,ANTHONY AVE,Matthew LeClerc,180,2025-06-11,"Two-Way , Not Divided",Dry,Daylight,Clear,Angle (Front - to - Side) Right Angle (Includes Broadside),No,No Controls,2,0,No Injury,2,3,41.8041,-71.43883
925121,2025-00043873,2025-06-11,3:10:00 PM,Vehicle - Vehicle,,Memorial Blvd,FRANCIS ST,Matthew Kelley,186,2025-06-11,"Two-Way , Not Divided",Dry,Daylight,Clear,Angle (Front - to - Side) Right Angle (Includes Broadside),No,Traffic Control Signal,3,1,Complains Of Pain,2,,41.82577,-71.41527
925122,2025-00043916,2025-06-11,5:10:00 PM,Vehicle - Object,,BURNS ST,ADMIRAL ST,Andrew Brodeur,158,2025-06-11,"Two-Way , Not Divided",Dry,Daylight,Clear,Not a Collision Between Two Motor Vehicles in Transport,No,No Controls,1,0,Unknown,1,1,,
925123,2025-00043896,2025-06-11,4:10:00 PM,Vehicle - Pedestrian,Pedestrian,EXCHANGE TERR,EXCHANGE ST,Raymond Criner,340,2025-06-11,"Two-Way , Not Divided",Dry,Daylight,Clear,Not a Collision Between Two Motor Vehicles in Transport,No,Pavement Markings,5,1,Complains Of Pain,1,,41.82611,-71.4116
925124,2025-00043937,2025-06-11,6:15:00 PM,Vehicle - Vehicle,,310 TWELLS AVE,,Sean Cooney,523,2025-06-11,"Two-Way , Not Divided",Dry,Daylight,Clear,"Sideswipe, Same Direction","Yes, M/V and Driver Left Scene",No Controls,1,0,No Injury,2,,,
925125,2025-00043931,2025-06-11,5:39:00 PM,Vehicle - Parked Vehicle,,ELMWOOD AVE,I 95 N,Kyle Ludovici,390,2025-06-11,One-Way Trafficway,Dry,Daylight,Clear,"Sideswipe, Same Direction","Yes, M/V and Driver Left Scene",No Controls,1,0,No Injury,2,,41.78684,-71.41995
925126,2025-00043944,2025-06-11,6:43:00 PM,Vehicle - Vehicle,,METCALF ST,SILVER SPRING ST,Ptlm. Labutti,104,2025-06-11,"Two-Way , Not Divided",Dry,Daylight,Clear,"Sideswipe, Same Direction","Yes, M/V and Driver Left Scene",No Controls,1,0,Unknown,2,,41.85099,-71.4136
925127,2025-00043885,2025-06-11,3:42:00 PM,Vehicle - Parked Vehicle,,WICKENDEN ST,HOPE ST,Luis Pelaez,336,2025-06-11,"Two-Way , Not Divided",Dry,Daylight,Clear,Angle (Front - to - Side) Right Angle (Includes Broadside),No,No Controls,4,0,No Injury,2,,41.81973,-71.39566
925128,2025-00043964,2025-06-11,7:42:00 PM,Vehicle - Vehicle,,PETTEYS AVE,NYE ST,Ralph Abenante,511,2025-06-11,"Two-Way, Divided, Unprotected (painted>4feet) Medium",Dry,Dark - Lighted,Clear,Rear End(Front-to-Rear),"Yes, M/V and Driver Left Scene",No Controls,1,1,Complains Of Pain,2,,41.81553,-71.46079
925129,2025-00043981,2025-06-11,9:08:00 PM,Vehicle - Vehicle,,WEBSTER AVE,PLAINFIELD ST,Brendan McKenna,314,2025-06-11,"Two-Way, Divided, Unprotected (painted>4feet) Medium",Dry,Dark - Unknown Lighting,Clear,"Sidwswipe, Opposite Direction","Yes, M/V and Driver Left Scene",Traffic Control Signal,2,0,No Injury,2,,41.81364,-71.45078
925130,2025-00043982,2025-06-11,9:09:00 PM,Vehicle - Parked Vehicle,,41 Marietta Street,342 Hawkins,Robert Raso,606,2025-06-11,Unknown,Dry,Dark - Not Lighted,Clear,Angle (Front - to - Side) Opposite Direction,"Yes, Driver Left Scene",No Controls,2,0,Unknown,2,,,
925131,2025-00044005,2025-06-11,10:21:00 PM,Vehicle - Parked Vehicle,,347 CHARLES STREET,EXIT  (RT ),David Monteiro,613,2025-06-12,Unknown,Dry,Dark - Lighted,Clear,Unknown,"Yes, M/V and Driver Left Scene",No Controls,1,0,No Injury,2,,41.84226,-71.41787
925132,2025-00044007,2025-06-11,10:45:00 PM,Vehicle - Vehicle,,589 PUBLIC ST,UPDIKE ST,Vanessa Wilcox,197,2025-06-11,"Two-Way , Not Divided",Dry,Dark - Lighted,Clear,Head-On (Front - to - Front),"Yes, M/V and Driver Left Scene",No Controls,3,0,No Injury,2,,41.80371,-71.42128
925145,2025-00043866,2025-06-11,3:00:00 PM,Vehicle - Vehicle,,POINT ST,S WATER ST,Jason Dennis,392,2025-06-12,"Two-Way , Not Divided",Dry,Daylight,Clear,"Sideswipe, Same Direction",No,No Controls,3,0,No Injury,2,,41.81864,-71.4017
925146,2025-00043848,2025-06-11,12:46:00 PM,Vehicle - Parked Vehicle,,SWISS ST,,Jason Clancy,999,2025-06-12,Unknown,Dry,Daylight,Clear,Other,No,Unknown,3,0,Unknown,2,,,
925174,2025-00044141,2025-06-11,5:50:00 PM,Vehicle - Pedestrian,Scooter,EAGLE ST,VALLEY ST,Jason Clancy,999,2025-06-13,Unknown,Dry,Daylight,Clear,Head-On (Front - to - Front),No,Unknown,4,1,Complains Of Pain,1,,41.82732,-71.43633
925171,2025-00044458,2025-06-11,6:30:00 AM,Vehicle - Vehicle,,JUNE ST,,Jason Clancy,999,2025-06-13,Unknown,Dry,Daylight,Clear,Rear - to - Side,No,Unknown,2,1,Complains Of Pain,2,,,
925169,2025-00043860,2025-06-11,2:06:00 PM,Vehicle - Vehicle,,ROGER WILLIAMS AVE,NARRAGANSETT AVE,Victor Tavarez,564,2025-06-13,"Two-Way , Not Divided",Dry,Daylight,Clear,Rear End(Front-to-Rear),No,Stop Signs,2,0,No Injury,2,,41.78852,-71.42346
925249,2025-00043966,2025-06-11,8:00:00 PM,Vehicle - Parked Vehicle,,LOWELL AVE,HARLAM ST,Peyton Ginolfi,657,2025-06-16,"Two-Way , Not Divided",Dry,Dawn,Clear,"Sideswipe, Same Direction",No,No Controls,3,0,No Injury,2,,41.81183,-71.45784
925904,2025-00043932,2025-06-11,6:17:00 PM,Vehicle - Vehicle,,ACADEMY AVE,NEWARK ST,Saramarie Cerullo,151,2025-07-09,"Two-Way, Divided, Unprotected (painted>4feet) Medium",Dry,Daylight,Clear,Head-On (Front - to - Front),No,Stop Signs,2,0,No Injury,2,,41.82544,-71.4434
926036,2025-00053606,2025-06-11,1:20:00 PM,Vehicle - Vehicle,,DAVE GAVITT,WASHINGTON ST,Jason Clancy,999,2025-07-14,One-Way Trafficway,Dry,Daylight,Clear,"Sideswipe, Same Direction",No,Unknown,2,0,Unknown,2,,,
925232,2025-00045423,2025-06-10,11:20:00 AM,Vehicle - Vehicle,,RIVER AVE,CHALKSTONE AVE,Quincy Griffin,970,2025-06-16,"Two-Way , Not Divided",Dry,Daylight,Clear,Rear End(Front-to-Rear),No,Traffic Control Signal,4,0,Unknown,2,,41.83264,-71.43856
925117,2025-00043735,2025-06-10,11:45:00 PM,Vehicle - Parked Vehicle,,80 DUDLEY ST,PLAIN ST,Cory Nicholls,609,2025-06-11,Unknown,Wet,Dark - Lighted,Rain,Unknown,No,No Controls,3,0,No Injury,2,,41.81026,-71.41094
925234,2025-00044568,2025-06-10,4:35:00 PM,Vehicle - Vehicle,,BUTLER AVE,ANGELL ST,Jason Clancy,999,2025-06-16,"Two-Way , Not Divided",Dry,Daylight,Clear,Rear End(Front-to-Rear),No,Unknown,3,1,Complains Of Pain,2,,41.83091,-71.38456
925212,2025-00043512,2025-06-10,7:36:00 AM,Vehicle - Vehicle,,RIVER AVE,SUNBURY ST,D WILSON,123,2025-06-15,"Two-Way , Not Divided",Dry,Daylight,Clear,"Sidwswipe, Opposite Direction",No,Stop Signs,4,0,No Injury,2,,41.85232,-71.43767
925215,2025-00043640,2025-06-10,4:19:00 PM,Vehicle - Vehicle,,ELMWOOD AVE,DABOLL ST,Johansell Montilla,627,2025-06-15,"Two-Way, Divided, Unprotected (painted>4feet) Medium",Dry,Daylight,Clear,Rear End(Front-to-Rear),"Yes, M/V and Driver Left Scene",No Controls,1,0,No Injury,2,,41.80427,-71.42553
925166,2025-00044391,2025-06-10,6:43:00 AM,Vehicle - Parked Vehicle,,WESTMINSTER ST,,Joel Ikuejamofo,143,2025-06-13,One-Way Trafficway,Dry,Daylight,Clear,"Sidwswipe, Opposite Direction","Yes, M/V and Driver Left Scene",No Controls,1,1,Complains Of Pain,2,,41.81741,-71.42234
925167,2025-00043587,2025-06-10,1:24:00 PM,Vehicle - Vehicle,,GENTIAN AVENUE,ADMIRAL STREET,Giuseppe Scarcello,485,2025-06-13,"Two-Way , Not Divided",Dry,Daylight,Cloudy,Angle (Front - to - Side) Right Angle (Includes Broadside),No,Traffic Control Signal,3,0,No Injury,2,,41.82565,-71.42712
925105,2025-00043715,2025-06-10,9:26:00 PM,Vehicle - Vehicle,,BRANCH AVE,VEAZIE ST,Brandon Macedo,177,2025-06-10,"Two-Way , Not Divided",Wet,Dark - Lighted,Clear,Rear End(Front-to-Rear),"Yes, M/V and Driver Left Scene",No Controls,4,0,No Injury,3,,41.85471,-71.43463
925109,2025-00043588,2025-06-10,12:15:00 PM,Vehicle - Vehicle,,BROADWAY,ATWELLS AVE,Jason Clancy,999,2025-06-11,"Two-Way , Not Divided",Wet,Daylight,Cloudy,Unknown,No,Unknown,3,0,Unknown,2,,41.82249,-71.41854
925138,2025-00043578,2025-06-10,12:59:00 PM,Vehicle - Vehicle,,MEMORIAL BLVD,WESTMINSTER ST,Lucio Andreozzi,381,2025-06-12,"Two-Way, Divided, Positive Median Barrier",Dry,Daylight,Clear,Rear End(Front-to-Rear),No,Traffic Control Signal,2,0,No Injury,2,,41.82526,-71.40894
925434,2025-00047108,2025-06-10,4:30:00 PM,Vehicle - Parked Vehicle,,387 CHARLES ST,,Jason Clancy,999,2025-06-23,Unknown,Dry,Daylight,Clear,Unknown,"Yes, M/V and Driver Left Scene",Unknown,2,0,Unknown,2,,,
925068,2025-00043473,2025-06-10,12:48:00 AM,Vehicle - Object,,MEMORIAL BLVD,COLLEGE ST,Kayla Facey,658,2025-06-10,"Two-Way , Not Divided",Wet,Dark - Lighted,Rain,Head-On (Front - to - Front),No,Traffic Control Signal,1,0,No Injury,1,,41.8253,-71.40882
925069,2025-00043510,2025-06-10,7:19:00 AM,Vehicle - Vehicle,,Branch Avenue,Wild Street,James Lanier,211,2025-06-10,"Two-Way, Divided, Unprotected (painted>4feet) Medium",Dry,Daylight,Clear,Angle (Front - to - Side) Right Angle (Includes Broadside),No,Stop Signs,3,0,No Injury,2,1,,
925072,2025-00043505,2025-06-10,6:52:00 AM,Vehicle - Vehicle,,BLACKSTONE BLVD,INTERVALE RD,Thiago Gomes,532,2025-06-10,"Two-Way, Divided, Positive Median Barrier",Dry,Daylight,Cloudy,Rear End(Front-to-Rear),No,No Controls,2,1,Complains Of Pain,2,2,41.84776,-71.38731
925077,2025-00043532,2025-06-10,9:39:00 AM,Vehicle - Vehicle,,POTTERS AVE,ELMWOOD AVE,Thomas Jones,160,2025-06-10,"Two-Way , Not Divided",Wet,Daylight,Cloudy,"Sidwswipe, Opposite Direction",No,Traffic Control Signal,3,1,Complains Of Pain,2,,41.80151,-71.42635
925081,2025-00043551,2025-06-10,11:11:00 AM,Vehicle - Vehicle,,BRANCH AVE,BRANCH AVE EXIT,Ptlm. Castagliuolo,351,2025-06-10,"Two-Way , Not Divided",Wet,Daylight,Rain,Angle (Front - to - Side) Right Angle (Includes Broadside),"Yes, Driver Left Scene",Traffic Control Signal,1,1,Non-Incapacitating,2,,41.85338,-71.42772
925082,2025-00043506,2025-06-10,6:53:00 AM,Vehicle - Vehicle,,ROSE AVE,ELMWOOD AVE,Michelle Chasse,264,2025-06-10,"Two-Way, Divided, Unprotected (painted>4feet) Medium",Dry,Daylight,Cloudy,Angle (Front - to - Side) Right Angle (Includes Broadside),No,Stop Signs,3,1,Complains Of Pain,2,,41.78428,-71.41877
925083,2025-00043557,2025-06-10,11:27:00 AM,Vehicle - Vehicle,,Aurora Street,BLUFF ST,Ybelis Gonzalez,376,2025-06-10,"Two-Way , Not Divided",Wet,Daylight,Rain,Other,No,No Controls,4,0,No Injury,2,,41.82792,-71.43714
925085,2025-00043601,2025-06-10,2:11:00 PM,Vehicle - Vehicle,,S WATER ST,,Atanael Lara,129,2025-06-10,"Two-Way , Not Divided",Wet,Daylight,Cloudy,"Sideswipe, Same Direction",No,No Controls,2,0,No Injury,2,,41.81791,-71.401
925095,2025-00043636,2025-06-10,4:31:00 PM,Vehicle - Vehicle,,KILLINGLY ST,US HWY 6 W,Terrence Gibson,610,2025-06-10,"Two-Way , Not Divided",Wet,Daylight,Rain,"Sideswipe, Same Direction",No,Traffic Control Signal,2,0,No Injury,2,,41.82216,-71.47035
925096,2025-00043635,2025-06-10,4:11:00 PM,Vehicle - Vehicle,,BRANCH AVE,WOODWARD RD,Jared Guiot,608,2025-06-10,"Two-Way , Not Divided",Wet,Daylight,Rain,Angle (Front - to - Side) Same Direction,No,No Controls,3,0,No Injury,2,,41.85343,-71.4279
925097,2025-00043634,2025-06-10,4:22:00 PM,Vehicle - Vehicle,,HARTFORD AVE EXIT,HARTFORD AVE,Alexander Frias,669,2025-06-10,One-Way Trafficway,Wet,Daylight,Cloudy,Rear End(Front-to-Rear),No,No Controls,2,0,No Injury,2,,41.81725,-71.44958
925098,2025-00043673,2025-06-10,6:38:00 PM,Vehicle - Pedestrian,Pedestrian,Killingly St,KILLINGLY ST,Tyler Calandra,418,2025-06-10,"Two-Way , Not Divided",Dry,Daylight,Rain,Other,No,No Controls,4,1,Complains Of Pain,1,,41.81408,-71.46186
925092,2025-00043618,2025-06-10,3:30:00 PM,Vehicle - Vehicle,,SMITHFIELD AVENUE,SMITHFIELD AVE,Manuel Tueros,621,2025-06-10,"Two-Way , Not Divided",Wet,Daylight,Rain,Rear End(Front-to-Rear),No,Traffic Control Signal,2,0,No Injury,2,,41.85432,-71.4037
925093,2025-00043632,2025-06-10,3:42:00 PM,Vehicle - Vehicle,,W RIVER ST,CROSS ST,Ptlm. Labutti,104,2025-06-10,"Two-Way , Not Divided",Wet,Daylight,Rain,Rear End(Front-to-Rear),No,No Controls,3,0,No Injury,2,,41.8406,-71.41578
925102,2025-00043686,2025-06-10,7:34:00 PM,Vehicle - Object,,DUDLEY STREET,EDDY STREET,Ralph Abenante,511,2025-06-10,"Two-Way, Divided, Unprotected (painted>4feet) Medium",Wet,Dark - Lighted,Cloudy,Not a Collision Between Two Motor Vehicles in Transport,No,No Controls,2,0,No Injury,1,,41.81071,-71.4078
925103,2025-00043698,2025-06-10,8:21:00 PM,Vehicle - Vehicle,,BUCKLIN ST,HAWTHORNE ST,Lucas Ramalho,507,2025-06-10,"Two-Way , Not Divided",Wet,Dark - Lighted,Rain,Angle (Front - to - Side) Right Angle (Includes Broadside),No,No Controls,5,1,Complains Of Pain,2,,41.80097,-71.42778
925104,2025-00043708,2025-06-10,9:06:00 PM,Vehicle - Parked Vehicle,,RIVER AVE,WARDLAW AVE,Ryan Fernandes,125,2025-06-10,"Two-Way, Divided, Unprotected (painted>4feet) Medium",Wet,Dark - Lighted,Cloudy,"Sideswipe, Same Direction",No,No Controls,3,0,No Injury,2,,41.84559,-71.43975
925140,2025-00043843,2025-06-09,6:30:00 PM,Vehicle - Vehicle,,CHAD BROWN ST,RUGGLES ST,Jason Clancy,999,2025-06-12,"Two-Way , Not Divided",Dry,Daylight,Clear,Other,No,Unknown,2,0,Unknown,2,,41.83861,-71.42802
925074,2025-00043386,2025-06-09,2:35:00 PM,Vehicle - Vehicle,,POTTERS AVE,,Jason Clancy,999,2025-06-10,"Two-Way , Not Divided",Dry,Daylight,Clear,Other,"Yes, M/V and Driver Left Scene",Unknown,3,0,Unknown,2,,,
925070,2025-00043401,2025-06-09,4:30:00 PM,Vehicle - Parked Vehicle,,CORINTH ST,SAVINGS ST,Jason Clancy,999,2025-06-10,"Two-Way , Not Divided",Dry,Daylight,Clear,Unknown,"Yes, M/V and Driver Left Scene",Unknown,1,0,Unknown,2,,41.79409,-71.41197
925045,2025-00043243,2025-06-09,8:47:00 AM,Vehicle - Parked Vehicle,,HAMLIN ST,ELMWOOD AVE,Michelle Nunez,140,2025-06-09,"Two-Way , Not Divided",Dry,Daylight,Clear,Unknown,"Yes, M/V and Driver Left Scene",No Controls,1,0,Unknown,2,,41.78072,-71.42016
925053,2025-00043235,2025-06-09,8:15:00 AM,Vehicle - Vehicle,,CANAL ST,MILL ST,Raleek Byfield,375,2025-06-09,One-Way Trafficway,Dry,Daylight,Clear,Angle (Front - to - Side) Right Angle (Includes Broadside),No,Stop Signs,4,0,No Injury,2,,41.8323,-71.41095
925055,2025-00043278,2025-06-09,10:53:00 AM,Vehicle - Object,,ATWELLS AVE,SEARS AVE,Raleek Byfield,375,2025-06-09,"Two-Way, Divided, Unprotected (painted>4feet) Medium",Dry,Daylight,Clear,Not a Collision Between Two Motor Vehicles in Transport,No,No Controls,2,1,Non-Incapacitating,1,,41.82494,-71.44607
925056,2025-00043265,2025-06-09,10:19:00 AM,Vehicle - Vehicle,,CANONCHET ST,BOLTON AVE,Jason Dennis,392,2025-06-09,"Two-Way , Not Divided",Dry,Daylight,Clear,Angle (Front - to - Side) Same Direction,No,Stop Signs,4,0,No Injury,2,,41.83556,-71.45049
925060,2025-00043330,2025-06-09,2:54:00 PM,Vehicle - Vehicle,,DEAN ST EXIT,DEAN ST,Tyler Calandra,418,2025-06-09,"Two-Way , Not Divided",Dry,Daylight,Clear,Rear End(Front-to-Rear),"Yes, M/V and Driver Left Scene",No Controls,5,4,Complains Of Pain,2,,41.82456,-71.42576
925061,2025-00043351,2025-06-09,3:30:00 PM,Vehicle - Vehicle,,HOPE ST,BLACKSTONE BLVD,Tyler Calandra,418,2025-06-09,"Two-Way , Not Divided",Dry,Daylight,Clear,"Sidwswipe, Opposite Direction","Yes, M/V and Driver Left Scene",No Controls,3,0,No Injury,2,,41.8567,-71.39122
925062,2025-00043362,2025-06-09,4:07:00 PM,Vehicle - Parked Vehicle,,FLORENCE ST,KOSSUTH ST,Peyton Ginolfi,657,2025-06-09,"Two-Way , Not Divided",Dry,Daylight,Clear,"Sideswipe, Same Direction","Yes, Driver Left Scene",No Controls,1,0,Unknown,2,,41.82199,-71.44591
925063,2025-00043331,2025-06-09,2:50:00 PM,Vehicle - Parked Vehicle,,30 N.Main Street,Waterman Street,Kelsey Woodbine,633,2025-06-09,One-Way Trafficway,Dry,Daylight,Cloudy,Angle - Direction Not Specified,No,No Controls,2,0,No Injury,2,2,,
925064,2025-00043337,2025-06-09,3:00:00 PM,Vehicle - Parked Vehicle,,FRIENDSHIP ST,SOMERSET ST,Matthew Carlone,602,2025-06-09,One-Way Trafficway,Unknown,Unknown,Clear,Unknown,"Yes, M/V and Driver Left Scene",No Controls,1,0,Unknown,2,,41.81234,-71.41866
925058,2025-00043314,2025-06-09,1:34:00 PM,Vehicle - Parked Vehicle,,Cranston St,FORD ST,Manuel Vlaun,551,2025-06-09,"Two-Way , Not Divided",Dry,Daylight,Clear,"Sideswipe, Same Direction",No,No Controls,4,0,No Injury,2,,41.81008,-71.43299
925066,2025-00043423,2025-06-09,8:02:00 PM,Vehicle - Vehicle,,10 MEMORIAL BLVD,FRANCIS ST,Christian Main,145,2025-06-09,"Two-Way, Divided, Positive Median Barrier",Dry,Dark - Lighted,Clear,Angle (Front - to - Side) Right Angle (Includes Broadside),No,No Controls,4,0,No Injury,2,,,
925033,2025-00043180,2025-06-09,1:07:00 AM,Vehicle - Parked Vehicle,,ATWELLS AVE,DEAN ST,Irving Liriano,631,2025-06-09,"Two-Way , Not Divided",Dry,Dark - Lighted,Clear,Rear - to - Rear,"Yes, M/V and Driver Left Scene",No Controls,1,0,No Injury,2,,41.82338,-71.42415
925034,2025-00043182,2025-06-09,1:13:00 AM,Vehicle - Object,,CARTER ST,HUNTINGTON AVE,Christopher Fernandez,623,2025-06-09,"Two-Way , Not Divided",Dry,Dark - Lighted,Clear,Head-On (Front - to - Front),No,No Controls,2,0,No Injury,1,,41.79988,-71.42921
925035,2025-00043190,2025-06-09,1:50:00 AM,Vehicle - Vehicle,,ATWELLS AVE,AMERICA ST,Irving Liriano,631,2025-06-09,"Two-Way , Not Divided",Dry,Dark - Lighted,Clear,"Sideswipe, Same Direction","Yes, M/V and Driver Left Scene",No Controls,3,0,No Injury,2,,41.82369,-71.42827
925036,2025-00043184,2025-06-09,1:25:00 AM,Vehicle - Object,,S WATER ST,,Lucas Ramalho,507,2025-06-09,One-Way Trafficway,Dry,Dark - Lighted,Clear,Not a Collision Between Two Motor Vehicles in Transport,No,Traffic Control Signal,2,0,No Injury,1,,41.81889,-71.40212