CrashReportId,ReportNumber,CrashDate,CrashTime,TypeOfCollision,Collision Type,StreetOrHighway,NearestIntersection,Officer,Badge,ReportDate,TypeOfRoadway,RoadSurfaceCondition,LightCondition,WeatherCondition,MannerofImpact,HitAndRun,TrafficControl,PersonCount,InjuryCount,MostSeriousInjury,NumberofVehicles,NumberOfLanes,Latitude,Longitude
925108,2025-00040750,2025-06-01,2:01:00 PM,Vehicle - Vehicle,,ADMIRAL ST,CHAD BROWN ST,Ryan Anderson,107,2025-06-11,"Two-Way , Not Divided",Dry,Daylight,Clear,Angle (Front - to - Side) Right Angle (Includes Broadside),No,Stop Signs,5,2,Complains Of Pain,2,,41.84222,-71.42149
924846,2025-00040991,2025-06-01,7:28:00 PM,Vehicle - Parked Vehicle,,ANGELL ST,BROWN ST,Jason Clancy,999,2025-06-02,One-Way Trafficway,Dry,Dark - Unknown Lighting,Clear,Rear End(Front-to-Rear),"Yes, M/V and Driver Left Scene",Unknown,1,0,Unknown,2,,41.82786,-71.40319
924849,2025-00040857,2025-06-01,9:03:00 PM,Vehicle - Parked Vehicle,,5 EXCHANGE ST,,Christian Main,145,2025-06-02,One-Way Trafficway,Dry,Dark - Lighted,Clear,Angle (Front - to - Side) Right Angle (Includes Broadside),No,No Controls,4,0,No Injury,2,,,
924860,2025-00040872,2025-06-01,9:56:00 PM,Vehicle - Vehicle,,BROAD ST,PARKIS AVE,Ruben Morales,685,2025-06-02,"Two-Way , Not Divided",Dry,Dark - Lighted,Clear,Rear End(Front-to-Rear),No,No Controls,2,0,No Injury,2,,41.80927,-71.42088
924861,2025-00040875,2025-06-01,9:42:00 PM,Vehicle - Pedestrian,Pedestrian,SEARLE STREET,OXFORD ST,Ruben Morales,685,2025-06-02,"Two-Way , Not Divided",Dry,Dark - Lighted,Clear,"Sideswipe, Same Direction","Yes, M/V and Driver Left Scene",No Controls,2,0,Unknown,2,,41.80305,-71.40747
924819,2025-00040787,2025-06-01,4:29:00 PM,Vehicle - Vehicle,,FRANCIS ST,GASPEE ST,Christian Main,145,2025-06-01,"Two-Way, Divided, Positive Median Barrier",Dry,Daylight,Clear,Rear End(Front-to-Rear),No,Traffic Control Signal,5,0,No Injury,2,4,,
924842,2025-00040874,2025-06-01,7:54:00 PM,Vehicle - Parked Vehicle,,ATWELLS AVE,,Jason Clancy,999,2025-06-02,Unknown,Dry,Daylight,Clear,Other,"Yes, M/V and Driver Left Scene",Unknown,3,0,Unknown,2,,,
924798,2025-00040673,2025-06-01,5:12:00 AM,Vehicle - Parked Vehicle,,TERRACE AVE,DORA ST,Johnson,622,2025-06-01,"Two-Way , Not Divided",Dry,Daylight,Clear,Rear End(Front-to-Rear),No,No Controls,2,0,No Injury,2,,41.80704,-71.45091
924802,2025-00040702,2025-06-01,10:10:00 AM,Vehicle - Vehicle,,CRANSTON ST,ANTHONY AVE,Matthew LeClerc,180,2025-06-01,"Two-Way , Not Divided",Dry,Daylight,Clear,Rear End(Front-to-Rear),No,No Controls,3,0,No Injury,2,2,41.80437,-71.43854
924804,2025-00040710,2025-06-01,10:27:00 AM,Vehicle - Object,,BROAD ST,PINE ST,Thomas Jones,160,2025-06-01,"Two-Way , Not Divided",Dry,Daylight,Clear,"Sidwswipe, Opposite Direction","Yes, M/V and Driver Left Scene",No Controls,2,1,Complains Of Pain,1,,41.81133,-71.42143
924805,2025-00040717,2025-06-01,11:37:00 AM,Vehicle - Vehicle,,broadway street,US HWY 6 W,Brad McParlin,395,2025-06-01,"Two-Way , Not Divided",Dry,Daylight,Clear,Rear End(Front-to-Rear),No,Traffic Control Signal,3,1,Complains Of Pain,2,,41.81728,-71.43955
924806,2025-00040712,2025-06-01,10:23:00 AM,Vehicle - Parked Vehicle,,POTTERS AVE,CRANSTON ST,Manuel Vlaun,551,2025-06-01,"Two-Way , Not Divided",Dry,Daylight,Clear,Not a Collision Between Two Motor Vehicles in Transport,"Yes, M/V and Driver Left Scene",No Controls,1,0,No Injury,2,,41.80503,-71.43772
924808,2025-00040721,2025-06-01,11:52:00 AM,Vehicle - Vehicle,,MESSER ST,OAK ST,Matthew LeClerc,180,2025-06-01,"Two-Way , Not Divided",Dry,Daylight,Clear,Angle (Front - to - Side) Right Angle (Includes Broadside),No,Stop Signs,5,0,No Injury,2,2,41.81489,-71.43675
924809,2025-00040727,2025-06-01,12:01:00 PM,Vehicle - Vehicle,,CRANSTON ST,SUPERIOR ST,Matthew LeClerc,180,2025-06-01,"Two-Way , Not Divided",Dry,Daylight,Clear,Angle (Front - to - Side) Right Angle (Includes Broadside),No,Stop Signs,4,0,No Injury,2,2,41.8104,-71.43264
924811,2025-00040735,2025-06-01,12:49:00 PM,Vehicle - Parked Vehicle,,288 Williams Street,,Martin Hames,536,2025-06-01,"Two-Way , Not Divided",Dry,Daylight,Clear,Rear - to - Side,"Yes, Driver Left Scene",No Controls,2,0,Unknown,2,,,
924812,2025-00040779,2025-06-01,3:53:00 PM,Vehicle - Vehicle,,BROAD ST,BROAD ST,Cory Nicholls,609,2025-06-01,"Two-Way , Not Divided",Dry,Daylight,Clear,Rear End(Front-to-Rear),No,Traffic Control Signal,2,0,No Injury,2,,41.79101,-71.40587
924813,2025-00040740,2025-06-01,1:22:00 PM,Vehicle - Pedestrian,Pedestrian,100 MANTON AVE,,Andrew Brodeur,158,2025-06-01,"Two-Way , Not Divided",Dry,Daylight,Clear,Not a Collision Between Two Motor Vehicles in Transport,No,No Controls,2,1,Complains Of Pain,1,,,
924814,2025-00040756,2025-06-01,2:31:00 PM,Vehicle - Vehicle,,BRANCH AVENUE,BRANCH AVE EXIT,Ian Quinn,102,2025-06-01,"Two-Way , Not Divided",Dry,Daylight,Clear,Rear End(Front-to-Rear),No,No Controls,3,0,No Injury,2,3,41.85247,-71.42508
924815,2025-00040744,2025-06-01,1:33:00 PM,Vehicle - Vehicle,,VALLEY ST,AMHERST ST,Andrew Brodeur,158,2025-06-01,"Two-Way , Not Divided",Dry,Daylight,Clear,Rear End(Front-to-Rear),No,No Controls,2,0,No Injury,2,2,,
924821,2025-00040798,2025-06-01,4:56:00 PM,Vehicle - Vehicle,,ELMWOOD AVE,LINDEN AVE,Raymond Criner,340,2025-06-01,"Two-Way, Divided, Positive Median Barrier",Dry,Daylight,Clear,Angle (Front - to - Side) Right Angle (Includes Broadside),No,Traffic Control Signal,7,2,Complains Of Pain,2,,41.78611,-71.41956
924822,2025-00040755,2025-06-01,2:51:00 PM,Vehicle - Vehicle,,BUTLER AVE,ANGELL ST,Luis Pelaez,336,2025-06-01,"Two-Way , Not Divided",Dry,Daylight,Clear,Rear End(Front-to-Rear),No,No Controls,6,0,No Injury,2,,41.83077,-71.3846
924823,2025-00040821,2025-06-01,6:20:00 PM,Vehicle - Vehicle,,WAYNE ST,CHALKSTONE AVE,Arthur Lima,126,2025-06-01,"Two-Way , Not Divided",Dry,Daylight,Clear,Angle (Front - to - Side) Opposite Direction,No,No Controls,3,1,Complains Of Pain,2,,41.83607,-71.41967
924824,2025-00040771,2025-06-01,3:30:00 PM,Vehicle - Parked Vehicle,,FONES ALY,THAYER ST,Luis Pelaez,336,2025-06-01,"Two-Way , Not Divided",Dry,Daylight,Clear,Not a Collision Between Two Motor Vehicles in Transport,No,No Controls,2,0,No Injury,2,,41.82771,-71.40034
924825,2025-00040815,2025-06-01,5:59:00 PM,Vehicle - Vehicle,,CHALKSTONE AVE,MANTON AVE,Jessenia Montano,149,2025-06-01,"Two-Way, Divided, Unprotected (painted>4feet) Medium",Dry,Daylight,Clear,Rear End(Front-to-Rear),No,Yield Signs,4,0,No Injury,2,,41.83392,-71.4667
924826,2025-00040880,2025-06-01,10:16:00 PM,Vehicle - Vehicle,,WILD STREET,BRANCH AVE,Tyler Cargill,619,2025-06-01,"Two-Way , Not Divided",Dry,Dark - Lighted,Clear,"Sidwswipe, Opposite Direction",No,No Controls,3,0,No Injury,2,,41.85499,-71.43773
924933,2025-00041437,2025-06-01,5:00:00 PM,Vehicle - Parked Vehicle,,moorefield st,POCASSET AVE,Alexander Frias,669,2025-06-04,"Two-Way , Not Divided",Dry,Daylight,Clear,Rear - to - Side,"Yes, M/V and Driver Left Scene",No Controls,1,0,No Injury,2,,41.80706,-71.45706
925023,2025-00040814,2025-06-01,6:07:00 PM,Vehicle - Vehicle,,NARRAGANSETT BLVD,MONTGOMERY AVE,Andrew Brodeur,158,2025-06-08,"Two-Way , Not Divided",Dry,Daylight,Clear,Rear End(Front-to-Rear),No,No Controls,2,0,No Injury,2,2,,
924844,2025-00040402,2025-05-31,7:43:00 AM,Vehicle - Parked Vehicle,,464 BROAD STREET,PINE STREET,Flavio Tavares,371,2025-06-02,"Two-Way, Divided, Unprotected (painted>4feet) Medium",Dry,Daylight,Clear,Rear End(Front-to-Rear),No,No Controls,2,0,No Injury,2,,,
924828,2025-00040590,2025-05-31,10:50:00 PM,Vehicle - Parked Vehicle,,CHAPON AVE,ELLERY ST,Karen Milian,673,2025-06-02,"Two-Way , Not Divided",Dry,Dark - Lighted,Clear,Rear - to - Rear,No,No Controls,2,0,No Injury,2,,,
924774,2025-00040418,2025-05-31,9:56:00 AM,Vehicle - Parked Vehicle,,SPRUCE ST,MCAVOY ST,Raleek Byfield,375,2025-05-31,"Two-Way , Not Divided",Dry,Daylight,Clear,"Sidwswipe, Opposite Direction",No,No Controls,3,1,Non-Incapacitating,2,,41.82452,-71.42981
924775,2025-00040423,2025-05-31,10:27:00 AM,Vehicle - Vehicle,,POINT ST,EDDY ST,Lucio Andreozzi,381,2025-05-31,"Two-Way, Divided, Positive Median Barrier",Dry,Daylight,Cloudy,Angle (Front - to - Side) Opposite Direction,No,Traffic Control Signal,4,2,Complains Of Pain,2,3,41.81687,-71.40648
924792,2025-00040585,2025-05-31,10:38:00 PM,Vehicle - Pedestrian,Pedestrian,BANCROFT ST,POCASSET AVE,Erik Lane,109,2025-06-01,"Two-Way , Not Divided",Dry,Dark - Lighted,Clear,Unknown,"Yes, M/V and Driver Left Scene",No Controls,2,1,Incapacitating,1,,41.81332,-71.44834
924793,2025-00040595,2025-05-31,10:57:00 PM,Vehicle - Vehicle,,MEMORIAL BLVD,EXCHANGE ST,David Monteiro,613,2025-06-01,"Two-Way , Not Divided",Dry,Dark - Lighted,Clear,Rear End(Front-to-Rear),No,Traffic Control Signal,5,0,No Injury,2,,41.8269,-71.41213
924794,2025-00040618,2025-05-31,11:59:00 PM,Vehicle - Vehicle,,STEEPLE ST,CANAL ST,David Monteiro,613,2025-06-01,One-Way Trafficway,Dry,Dark - Lighted,Clear,Rear End(Front-to-Rear),No,Traffic Control Signal,2,0,No Injury,2,,41.827,-71.41025
924796,2025-00040611,2025-05-31,11:51:00 PM,Vehicle - Vehicle,,CRANSTON ST,ALTHEA ST,Dondre Dacosta,662,2025-06-01,"Two-Way , Not Divided",Dry,Daylight,Clear,Not a Collision Between Two Motor Vehicles in Transport,"Yes, M/V and Driver Left Scene",No Controls,6,0,No Injury,2,,41.8077,-71.4351
924797,2025-00040462,2025-05-31,1:36:00 PM,Vehicle - Vehicle,,CANTON ST,PLEASANT VALLEY PKWY,Gehu Sanssouci,136,2025-05-31,"Two-Way , Not Divided",Dry,Daylight,Clear,Rear - to - Side,No,No Controls,3,1,Complains Of Pain,2,,41.83437,-71.4425
924782,2025-00040492,2025-05-31,3:39:00 PM,Vehicle - Parked Vehicle,,CHARLES ST,CHARLES ST,Jared Guiot,608,2025-05-31,"Two-Way , Not Divided",Wet,Daylight,Rain,"Sideswipe, Same Direction","Yes, M/V and Driver Left Scene",No Controls,1,0,Unknown,2,,41.85377,-71.42052
924783,2025-00040232,2025-05-31,5:41:00 PM,Vehicle - Vehicle,,EDDY ST,POINT ST,Cassidy Simanski,132,2025-05-31,"Two-Way, Divided, Unprotected (painted>4feet) Medium",Dry,Daylight,Clear,Angle (Front - to - Side) Right Angle (Includes Broadside),No,No Controls,5,0,No Injury,2,,41.81695,-71.40653
924784,2025-00040496,2025-05-31,3:52:00 PM,Vehicle - Vehicle,,THURBERS AVE,EDDY ST,Ruben Morales,685,2025-05-31,"Two-Way , Not Divided",Wet,Daylight,Cloudy,Angle (Front - to - Side) Opposite Direction,No,Traffic Control Signal,3,0,No Injury,2,,41.79994,-71.40584
924785,2025-00040495,2025-05-31,3:50:00 PM,Vehicle - Pedestrian,Pedestrian,CHALKSTONE AVE,DOUGLAS AVE,Raymond Criner,340,2025-05-31,One-Way Trafficway,Wet,Daylight,Rain,Not a Collision Between Two Motor Vehicles in Transport,No,Pavement Markings,5,1,Complains Of Pain,1,,41.83631,-71.42024
924786,2025-00040516,2025-05-31,5:04:00 PM,Vehicle - Vehicle,,ORMS STREET,STATE ST,Manuel Tueros,621,2025-05-31,"Two-Way , Not Divided",Dry,Daylight,Clear,Angle (Front - to - Side) Right Angle (Includes Broadside),No,Traffic Control Signal,2,2,Complains Of Pain,2,,41.83478,-71.41441
924787,2025-00040564,2025-05-31,8:48:00 PM,Vehicle - Vehicle,,S MAIN ST,S MAIN ST,Stephanie Teran,625,2025-05-31,One-Way Trafficway,Wet,Dark - Lighted,Rain,Rear End(Front-to-Rear),No,No Controls,2,0,No Injury,2,,41.82492,-71.40729
924789,2025-00040565,2025-05-31,8:56:00 PM,Vehicle - Vehicle,,PARK ROW E,PARK ROW,Stephen Sage,353,2025-05-31,"Two-Way, Divided, Unprotected (painted>4feet) Medium",Wet,Dark - Lighted,Rain,Rear - to - Side,No,No Controls,5,0,No Injury,2,,41.82858,-71.41165
924820,2025-00040497,2025-05-31,3:55:00 PM,Vehicle - Parked Vehicle,,E TRANSIT ST,GANO ST,Luis Pelaez,336,2025-06-01,"Two-Way , Not Divided",Wet,Daylight,Rain,"Sideswipe, Same Direction",No,No Controls,3,0,No Injury,2,,41.82175,-71.39043
924830,2025-00040446,2025-05-31,2:00:00 AM,Vehicle - Vehicle,,DEAN ST,KINSLEY AVE,Jason Clancy,999,2025-06-02,Unknown,Dry,Dark - Unknown Lighting,Clear,Rear End(Front-to-Rear),"Yes, M/V and Driver Left Scene",Unknown,1,1,Complains Of Pain,2,,41.82881,-71.42645
924834,2025-00040475,2025-05-31,11:30:00 AM,Vehicle - Vehicle,,POINT ST,EDDY ST,Jason Clancy,999,2025-06-02,"Two-Way , Not Divided",Dry,Daylight,Clear,Rear End(Front-to-Rear),"Yes, M/V and Driver Left Scene",Unknown,1,0,Unknown,2,,41.81685,-71.40652
924769,2025-00040415,2025-05-31,9:40:00 AM,Vehicle - Vehicle,,ASHMONT AVE,CAHILL ST,Igor Barbosa,114,2025-05-31,"Two-Way, Divided, Unprotected (painted>4feet) Medium",Dry,Daylight,Clear,Not a Collision Between Two Motor Vehicles in Transport,"Yes, M/V and Driver Left Scene",No Controls,1,0,Unknown,2,,41.80228,-71.40767
924771,2025-00040419,2025-05-31,10:03:00 AM,Vehicle - Parked Vehicle,,FORD ST,CRANSTON ST,Matthew LeClerc,180,2025-05-31,"Two-Way , Not Divided",Dry,Daylight,Clear,"Sideswipe, Same Direction",No,No Controls,3,0,No Injury,2,2,41.80999,-71.43317
924772,2025-00040420,2025-05-31,10:15:00 AM,Vehicle - Vehicle,,Potters Avenue,PLAIN ST,Igor Barbosa,114,2025-05-31,"Two-Way, Divided, Unprotected (painted>4feet) Medium",Dry,Daylight,Clear,Not a Collision Between Two Motor Vehicles in Transport,"Yes, M/V and Driver Left Scene",No Controls,1,0,Unknown,2,,41.80508,-71.41008
924777,2025-00040455,2025-05-31,1:20:00 PM,Vehicle - Vehicle,,HUXLEY AVE,ADMIRAL ST,Luis Garcia Colon,128,2025-05-31,"Two-Way , Not Divided",Dry,Daylight,Clear,Rear End(Front-to-Rear),No,No Controls,2,1,Complains Of Pain,2,,41.84676,-71.43265
924778,2025-00040463,2025-05-31,1:42:00 PM,Vehicle - Parked Vehicle,,RAILROAD ST,EXCHANGE ST,Ptlw. Kawejsza,118,2025-05-31,One-Way Trafficway,Dry,Daylight,Cloudy,"Sideswipe, Same Direction",No,No Controls,5,0,No Injury,2,,41.82893,-71.41309
924779,2025-00040275,2025-05-31,7:58:00 PM,Vehicle - Vehicle,,DOUGLAS AVE,DOUGLAS AVE,Mark Roman,120,2025-05-31,"Two-Way , Not Divided",Dry,Daylight,Clear,Rear End(Front-to-Rear),"Yes, M/V and Driver Left Scene",No Controls,1,0,No Injury,2,,41.83578,-71.41897
924780,2025-00040464,2025-05-31,1:55:00 PM,Vehicle - Vehicle,,BRANCH AVE,CHARLES ST,Raleek Byfield,375,2025-05-31,"Two-Way, Divided, Unprotected (painted>4feet) Medium",Dry,Daylight,Cloudy,Rear End(Front-to-Rear),No,No Controls,8,3,Complains Of Pain,3,,41.8504,-71.42028
925106,2025-00040090,2025-05-30,8:09:00 AM,Vehicle - Parked Vehicle,,bainbridge ave,BROADWAY,Brad McParlin,395,2025-06-11,"Two-Way , Not Divided",Dry,Daylight,Clear,Angle (Front - to - Side) Same Direction,No,No Controls,2,0,No Injury,2,,41.81718,-71.43567
924773,2025-00040138,2025-05-30,11:46:00 AM,Vehicle - Vehicle,,RESERVOIR AVENUE,NARRAGANSETT AVE,Eduar Espinal,386,2025-05-31,"Two-Way , Not Divided",Dry,Daylight,Clear,"Sideswipe, Same Direction",No,No Controls,3,0,No Injury,2,,41.79399,-71.42681
924770,2025-00040089,2025-05-30,8:03:00 AM,Vehicle - Vehicle,,DYER ST,PINE ST,Lucio Andreozzi,381,2025-05-31,"Two-Way, Divided, Positive Median Barrier",Dry,Daylight,Clear,"Sideswipe, Same Direction",No,Traffic Control Signal,3,0,No Injury,2,,41.82391,-71.40839
924755,2025-00040209,2025-05-30,4:20:00 PM,Vehicle - Parked Vehicle,,SASSAFRAS ST,SAVINGS ST,Andrew Brodeur,158,2025-05-30,"Two-Way , Not Divided",Dry,Daylight,Clear,Not a Collision Between Two Motor Vehicles in Transport,No,No Controls,2,0,No Injury,2,2,,
924756,2025-00040211,2025-05-30,4:28:00 PM,Vehicle - Vehicle,,ALLENS AVE,ERNEST ST,Nicholas Manfredi,343,2025-05-30,"Two-Way , Not Divided",Dry,Daylight,Clear,Not a Collision Between Two Motor Vehicles in Transport,"Yes, M/V and Driver Left Scene",No Controls,1,0,No Injury,2,,41.79463,-71.39787
924757,2025-00040185,2025-05-30,3:19:00 PM,Vehicle - Vehicle,,SMITH STREET,RUGGLES STREET,Ian Quinn,102,2025-05-30,"Two-Way , Not Divided",Dry,Daylight,Clear,Angle (Front - to - Side) Right Angle (Includes Broadside),No,Stop Signs,3,0,No Injury,2,2,,
924758,2025-00040177,2025-05-30,2:54:00 PM,Vehicle - Vehicle,,133 Daniel Ave,Daniel Ave / Dorchester Ave,Lucas Oliveira,688,2025-05-30,"Two-Way , Not Divided",Dry,Daylight,Clear,Angle (Front - to - Side) Right Angle (Includes Broadside),No,No Controls,5,0,No Injury,2,,,
924759,2025-00040199,2025-05-30,4:08:00 PM,Vehicle - Vehicle,,VALLEY STREET,DEAN ST,Ian Quinn,102,2025-05-30,"Two-Way , Not Divided",Dry,Daylight,Clear,Rear End(Front-to-Rear),No,No Controls,3,0,No Injury,2,3,41.83172,-71.42814
924760,2025-00040238,2025-05-30,5:54:00 PM,Vehicle - Vehicle,,MANTON AVE,ORTOLEVA DR,Colby Berciano,671,2025-05-30,"Two-Way , Not Divided",Dry,Daylight,Clear,Head-On (Front - to - Front),No,No Controls,3,0,No Injury,2,,41.82589,-71.45778
924761,2025-00040241,2025-05-30,5:42:00 PM,Vehicle - Vehicle,,ASHBURTON ST,CHARLES STREET,Manuel Tueros,621,2025-05-30,One-Way Trafficway,Dry,Daylight,Clear,Angle (Front - to - Side) Same Direction,No,No Controls,3,0,No Injury,2,,41.83638,-71.41304
924762,2025-00040278,2025-05-30,7:52:00 PM,Vehicle - Parked Vehicle,,CROMWELL ST,BUCKLIN ST,Domenic Schiavulli,653,2025-05-30,"Two-Way , Not Divided",Dry,Daylight,Clear,"Sideswipe, Same Direction","Yes, M/V and Driver Left Scene",No Controls,1,0,Unknown,2,,41.80882,-71.42527
924763,2025-00040194,2025-05-30,3:40:00 PM,Vehicle - Object,,PEARL ST,LOCKWOOD ST,Matthew Carlone,602,2025-05-30,"Two-Way , Not Divided",Dry,Daylight,Clear,Not a Collision Between Two Motor Vehicles in Transport,"Yes, Driver Left Scene",No Controls,0,0,Unknown,1,,41.81141,-71.41403
924764,2025-00040215,2025-05-30,4:42:00 PM,Vehicle - Parked Vehicle,,PLAIN ST,OLDHAM ST,Matthew Carlone,602,2025-05-30,Unknown,Dry,Daylight,Clear,Unknown,"Yes, M/V and Driver Left Scene",No Controls,1,0,No Injury,2,,41.81265,-71.41208
924765,2025-00040306,2025-05-30,10:08:00 PM,Vehicle - Vehicle,,BROAD ST,BROAD ST,Matthew Carlone,602,2025-05-30,"Two-Way , Not Divided",Dry,Dark - Lighted,Clear,Rear End(Front-to-Rear),"Yes, M/V and Driver Left Scene",Traffic Control Signal,1,0,No Injury,2,,41.81639,-71.41912
924766,2025-00040218,2025-05-30,4:51:00 PM,Vehicle - Vehicle,,PURITAN ST/ HUNTINGTON AVE,PURITAN ST,Andrew Mitura,605,2025-05-30,One-Way Trafficway,Dry,Daylight,Clear,Angle (Front - to - Side) Right Angle (Includes Broadside),No,No Controls,2,0,No Injury,2,,41.80326,-71.4381
924767,2025-00040313,2025-05-30,10:54:00 PM,Vehicle - Vehicle,,POTTERS AVE,HAMILTON ST,Vanessa Wilcox,197,2025-05-31,"Two-Way , Not Divided",Dry,Dark - Lighted,Clear,Head-On (Front - to - Front),No,Stop Signs,2,0,No Injury,2,,41.80188,-71.42265
924735,2025-00040074,2025-05-30,6:17:00 AM,Vehicle - Vehicle,,60 PINE STREET,,Tyler Houlihan,617,2025-05-30,"Two-Way , Not Divided",Dry,Dark - Not Lighted,Cloudy,Unknown,"Yes, M/V and Driver Left Scene",No Controls,1,0,Unknown,2,,41.70037,-71.55122
924737,2025-00040083,2025-05-30,7:31:00 AM,Vehicle - Vehicle,,Carpenter Street,CARGILL ST,Igor Barbosa,114,2025-05-30,"Two-Way, Divided, Unprotected (painted>4feet) Medium",Dry,Daylight,Clear,"Sideswipe, Same Direction",No,No Controls,4,0,No Injury,2,,41.82027,-71.42269
924746,2025-00040093,2025-05-30,7:58:00 AM,Vehicle - Parked Vehicle,,SPRINGFIELD ST,EUGENE ST,Damaris Sanchez,566,2025-05-30,"Two-Way, Not Divided With a Continuous Left Turn Lane",Dry,Daylight,Clear,"Sideswipe, Same Direction",No,No Controls,4,0,No Injury,2,,41.81893,-71.46503
924748,2025-00040101,2025-05-30,8:41:00 AM,Vehicle - Vehicle,,CHALKSTONE AVE,OAKLAND AVE,Jephte Wagnac,141,2025-05-30,"Two-Way , Not Divided",Dry,Daylight,Clear,Angle (Front - to - Side) Same Direction,No,No Controls,2,0,No Injury,2,,41.83414,-71.43046
924749,2025-00040095,2025-05-30,8:21:00 AM,Vehicle - Parked Vehicle,,PUBLIC ST,PRAIRIE AVE,Raleek Byfield,375,2025-05-30,"Two-Way, Divided, Unprotected (painted>4feet) Medium",Dry,Daylight,Clear,Not a Collision Between Two Motor Vehicles in Transport,No,Pavement Markings,2,1,Non-Incapacitating,2,,41.80538,-71.41552
924750,2025-00040104,2025-05-30,8:04:00 AM,Vehicle - Vehicle,,SUFFOLK ST,ADMIRAL ST,Jason Clancy,999,2025-05-30,"Two-Way , Not Divided",Dry,Daylight,Clear,Rear End(Front-to-Rear),No,Unknown,4,0,Unknown,2,,41.84318,-71.42256
924751,2025-00040109,2025-05-30,8:35:00 AM,Vehicle - Vehicle,,KILLINGLY ST EXIT,US HWY 6 E,Patrolwoman Addai,513,2025-05-30,One-Way Trafficway,Dry,Daylight,Clear,Rear End(Front-to-Rear),No,No Controls,3,0,No Injury,2,1,41.82097,-71.46952
924752,2025-00040148,2025-05-30,12:30:00 PM,Vehicle - Vehicle,,SERVICE ROAD 7 (JP),WASHINGTON ST,Raleek Byfield,375,2025-05-30,"Two-Way, Divided, Unprotected (painted>4feet) Medium",Dry,Daylight,Clear,Other,No,Pavement Markings,3,0,No Injury,2,,41.81969,-71.41985
924831,2025-00040445,2025-05-30,4:45:00 PM,Vehicle - Pedestrian,Pedestrian,PINE ST,PECK ST,Jason Clancy,999,2025-06-02,One-Way Trafficway,Dry,Dark - Unknown Lighting,Clear,"Sideswipe, Same Direction","Yes, M/V and Driver Left Scene",Unknown,2,0,Unknown,2,,41.8231,-71.40944
924843,2025-00040327,2025-05-30,10:24:00 AM,Vehicle - Vehicle,,ATWELLS AVE,MESSENGER ST,Jason Clancy,999,2025-06-02,"Two-Way , Not Divided",Dry,Daylight,Clear,Rear End(Front-to-Rear),No,Unknown,3,0,Unknown,2,,41.82347,-71.4252
924733,2025-00040056,2025-05-30,1:42:00 AM,Vehicle - Vehicle,,CHALKSTONE AVE,OSBORN ST,M. Suarez,689,2025-05-30,"Two-Way, Divided, Positive Median Barrier",Dry,Dark - Lighted,Clear,Head-On (Front - to - Front),"Yes, M/V and Driver Left Scene",No Controls,1,0,No Injury,2,,41.83549,-71.42462
924841,2025-00040163,2025-05-30,1:39:00 PM,Vehicle - Vehicle,,HUNTINGTON AVE,CRANSTON ST,Jason Clancy,999,2025-06-02,Unknown,Dry,Daylight,Clear,"Sideswipe, Same Direction","Yes, M/V and Driver Left Scene",Unknown,3,0,Unknown,2,,41.80379,-71.43915
924837,2025-00040480,2025-05-30,10:45:00 AM,Vehicle - Parked Vehicle,,PIKE ST,BENEFIT ST,Jason Clancy,999,2025-06-02,Unknown,Dry,Daylight,Clear,Unknown,"Yes, M/V and Driver Left Scene",Unknown,1,0,Unknown,2,,41.81861,-71.39908
924776,2025-00040115,2025-05-30,9:59:00 AM,Vehicle - Vehicle,,NELLIE ST,SELKIRK ST,John Benros,481,2025-05-31,"Two-Way , Not Divided",Dry,Daylight,Clear,Angle (Front - to - Side) Right Angle (Includes Broadside),No,No Controls,3,1,Complains Of Pain,2,,41.85737,-71.41084
924818,2025-00040226,2025-05-30,5:24:00 PM,Vehicle - Parked Vehicle,,WICKENDEN ST,BROOK ST,Luis Pelaez,336,2025-06-01,"Two-Way , Not Divided",Dry,Daylight,Clear,"Sideswipe, Same Direction","Yes, M/V and Driver Left Scene",No Controls,1,0,Unknown,2,,41.81947,-71.39831
924915,2025-00040191,2025-05-30,3:07:00 PM,Vehicle - Vehicle,,THURBERS AVE,I 95 S,Johansell Montilla,627,2025-06-04,One-Way Trafficway,Dry,Daylight,Clear,Rear End(Front-to-Rear),No,No Controls,4,0,No Injury,2,,41.80056,-71.40316
924971,2025-00040105,2025-05-30,9:02:00 AM,Vehicle - Vehicle,,BUTLER AVE,S ANGELL ST,Jeann Lugo,543,2025-05-30,"Two-Way , Not Divided",Dry,Daylight,Clear,Angle (Front - to - Side) Same Direction,No,Traffic Control Signal,5,0,No Injury,2,,41.82946,-71.38504
925299,2025-00039938,2025-05-29,5:25:00 PM,Vehicle - Vehicle,,VALLEY ST,ATWELLS AVE,Cerullo,151,2025-06-18,"Two-Way, Divided, Unprotected (painted>4feet) Medium",Dry,Daylight,Clear,Rear End(Front-to-Rear),No,Traffic Control Signal,2,0,No Injury,2,,41.82454,-71.43949
925721,2025-00050925,2025-05-29,5:30:00 PM,Vehicle - Vehicle,,BROAD ST,,Jason Clancy,999,2025-07-03,"Two-Way , Not Divided",Dry,Dusk,Clear,Unknown,No,Unknown,1,0,Unknown,2,,41.78606,-71.40176