CrashReportId,ReportNumber,CrashDate,CrashTime,TypeOfCollision,Collision Type,StreetOrHighway,NearestIntersection,Officer,Badge,ReportDate,TypeOfRoadway,RoadSurfaceCondition,LightCondition,WeatherCondition,MannerofImpact,HitAndRun,TrafficControl,PersonCount,InjuryCount,MostSeriousInjury,NumberofVehicles,NumberOfLanes,Latitude,Longitude
924739,2025-00039875,2025-05-29,10:24:00 AM,Vehicle - Parked Vehicle,,BROAD ST,BROAD ST,Jason Clancy,999,2025-05-30,"Two-Way , Not Divided",Wet,Daylight,Cloudy,Other,"Yes, M/V and Driver Left Scene",Other,4,0,Unknown,2,,41.81639,-71.41913
924742,2025-00039904,2025-05-29,1:04:00 PM,Vehicle - Vehicle,,CRANSTON ST,NIANTIC AVE,Jason Clancy,999,2025-05-30,"Two-Way , Not Divided",Wet,Daylight,Cloudy,Angle (Front - to - Side) Same Direction,"Yes, M/V and Driver Left Scene",Unknown,3,0,Unknown,2,,41.80345,-71.43984
924781,2025-00039959,2025-05-29,6:24:00 PM,Vehicle - Vehicle,,OLNEYVILLE SQ,HARTFORD AVE,Peyton Ginolfi,657,2025-05-31,"Two-Way , Not Divided",Dry,Daylight,Clear,"Sideswipe, Same Direction",No,No Controls,8,0,No Injury,2,,41.8167,-71.44379
924700,2025-00039775,2025-05-29,7:24:00 AM,Vehicle - Object,,LOCUST ST,KNOWLES ST,Thiago Gomes,532,2025-05-29,"Two-Way , Not Divided",Dry,Daylight,Cloudy,Other,No,No Controls,2,0,No Injury,1,2,41.84119,-71.40467
924696,2025-00039741,2025-05-29,12:32:00 AM,Vehicle - Parked Vehicle,,265 ATWELLS,,Antonio Valdez,659,2025-05-29,"Two-Way, Divided, Unprotected (painted>4feet) Medium",Wet,Dark - Lighted,Rain,Rear End(Front-to-Rear),"Yes, M/V and Driver Left Scene",No Controls,2,0,Unknown,2,,,
924704,2025-00039828,2025-05-29,10:46:00 AM,Vehicle - Parked Vehicle,,BROAD ST,W FRIENDSHIP ST,Raleek Byfield,375,2025-05-29,"Two-Way, Divided, Unprotected (painted>4feet) Medium",Dry,Daylight,Clear,"Sideswipe, Same Direction",No,Pavement Markings,3,0,No Injury,2,,41.80977,-71.42101
924706,2025-00039847,2025-05-29,12:10:00 PM,Vehicle - Vehicle,,SILVER SPRING ST,,Jason Clancy,999,2025-05-29,Unknown,Wet,Daylight,Cloudy,Rear - to - Side,"Yes, M/V and Driver Left Scene",Unknown,2,0,Unknown,2,,,
924708,2025-00039852,2025-05-29,12:22:00 PM,Vehicle - Parked Vehicle,,BOWDOIN ST,KOSSUTH ST,Joel Ikuejamofo,143,2025-05-29,"Two-Way , Not Divided",Wet,Daylight,Clear,Angle (Front - to - Side) Opposite Direction,No,No Controls,2,0,No Injury,2,,41.82267,-71.44314
924710,2025-00039858,2025-05-29,12:42:00 PM,Vehicle - Vehicle,,Prairie Ave,Chester Ave,Luis Quinilla,572,2025-05-29,"Two-Way , Not Divided",Wet,Daylight,Rain,Rear End(Front-to-Rear),No,No Controls,4,1,Complains Of Pain,2,,,
924712,2025-00039872,2025-05-29,1:31:00 PM,Vehicle - Vehicle,,Angell Street,WAYLAND AVE,Igor Barbosa,114,2025-05-29,"Two-Way, Divided, Unprotected (painted>4feet) Medium",Wet,Daylight,Rain,Not a Collision Between Two Motor Vehicles in Transport,"Yes, M/V and Driver Left Scene",No Controls,2,0,No Injury,2,,41.8302,-71.38766
924715,2025-00039907,2025-05-29,3:16:00 PM,Vehicle - Vehicle,,STEEPLE ST,MEMORIAL BLVD,Cassidy Simanski,132,2025-05-29,One-Way Trafficway,Dry,Daylight,Clear,Angle (Front - to - Side) Same Direction,No,Traffic Control Signal,3,0,No Injury,2,,41.82677,-71.41063
924716,2025-00039902,2025-05-29,2:58:00 PM,Vehicle - Vehicle,,1 ORMS STREET,STATE STREET,Joseph Madeira,552,2025-05-29,"Two-Way, Divided, Positive Median Barrier",Dry,Daylight,Clear,Rear End(Front-to-Rear),No,Traffic Control Signal,3,0,No Injury,2,4,41.83201,-71.41745
924717,2025-00039899,2025-05-29,2:42:00 PM,Vehicle - Vehicle,,Elmwood Ave,EXIT,Manuel Vlaun,551,2025-05-29,"Two-Way, Divided, Positive Median Barrier",Dry,Daylight,Clear,Angle (Front - to - Side) Opposite Direction,No,Traffic Control Signal,3,0,No Injury,2,,41.7827,-71.41916
924719,2025-00039916,2025-05-29,3:36:00 PM,Vehicle - Vehicle,,325 Huntington ave,,Pedroangel Pena Campusano,677,2025-05-29,One-Way Trafficway,Dry,Daylight,Cloudy,"Sideswipe, Same Direction","Yes, M/V and Driver Left Scene",No Controls,1,0,No Injury,2,,,
924721,2025-00039928,2025-05-29,4:14:00 PM,Vehicle - Parked Vehicle,,LLOYD AVE,THAYER ST,Kelsey Woodbine,633,2025-05-29,"Two-Way , Not Divided",Wet,Daylight,Cloudy,"Sideswipe, Same Direction","Yes, M/V and Driver Left Scene",No Controls,1,0,Unknown,2,,41.83149,-71.40067
924722,2025-00039921,2025-05-29,3:55:00 PM,Vehicle - Pedestrian,Pedestrian,PLAINFIELD ST,EDNA ST,Peyton Ginolfi,657,2025-05-29,"Two-Way , Not Divided",Wet,Daylight,Cloudy,Not a Collision Between Two Motor Vehicles in Transport,No,Traffic Control Signal,2,1,Complains Of Pain,1,,41.81594,-71.44511
924723,2025-00039920,2025-05-29,3:29:00 PM,Vehicle - Vehicle,,MANTON AVENUE,FRUIT HILL AVENUE,Giuseppe Scarcello,485,2025-05-29,"Two-Way , Not Divided",Dry,Daylight,Cloudy,"Sideswipe, Same Direction",No,Traffic Control Signal,3,0,No Injury,2,,41.82507,-71.43082
924724,2025-00039909,2025-05-29,2:58:00 PM,Vehicle - Vehicle,,NORTH MAIN STREET,SMITHFIELD AVE,Ricardo Sanchez,632,2025-05-29,"Two-Way , Not Divided",Dry,Daylight,Clear,Rear End(Front-to-Rear),No,No Controls,3,0,No Injury,2,2,41.85339,-71.40112
924725,2025-00039895,2025-05-29,2:43:00 PM,Vehicle - Vehicle,,MANTON AVE,DELAINE ST,Peyton Ginolfi,657,2025-05-29,"Two-Way , Not Divided",Wet,Daylight,Rain,Rear End(Front-to-Rear),No,No Controls,4,1,Complains Of Pain,2,,41.81782,-71.44448
924726,2025-00039940,2025-05-29,4:51:00 PM,Vehicle - Vehicle,,BROADWAY,HARRIS AVE,Pedro Saravia,611,2025-05-29,"Two-Way , Not Divided",Dry,Daylight,Clear,Angle (Front - to - Side) Same Direction,No,No Controls,3,2,Complains Of Pain,2,,41.81705,-71.44029
924727,2025-00039950,2025-05-29,5:41:00 PM,Vehicle - Vehicle,,ATLANTIC AVE,NIAGARA ST,D. Hernandez,148,2025-05-29,Unknown,Wet,Daylight,Clear,Not a Collision Between Two Motor Vehicles in Transport,"Yes, M/V and Driver Left Scene",No Controls,1,0,Unknown,2,,41.79939,-71.41614
924728,2025-00039968,2025-05-29,6:48:00 PM,Vehicle - Vehicle,,BROAD ST,BAKER ST,Terrence Gibson,610,2025-05-29,"Two-Way , Not Divided",Dry,Daylight,Clear,Rear End(Front-to-Rear),No,Traffic Control Signal,2,0,No Injury,2,,41.79268,-71.40781
924729,2025-00039911,2025-05-29,3:24:00 PM,Vehicle - Vehicle,,95 PLEASANT VALLEY PKY,W PARK ST,David Palumbo,106,2025-05-29,"Two-Way, Divided, Positive Median Barrier",Wet,Daylight,Rain,Rear End(Front-to-Rear),No,No Controls,4,0,No Injury,2,,41.83126,-71.42819
924730,2025-00040013,2025-05-29,10:46:00 PM,Vehicle - Vehicle,,BROADWAY,DEAN ST,Michael Duffy,354,2025-05-29,"Two-Way , Not Divided",Dry,Dark - Lighted,Clear,Rear End(Front-to-Rear),"Yes, M/V and Driver Left Scene",Traffic Control Signal,1,0,No Injury,2,,41.82138,-71.4226
924731,2025-00039764,2025-05-29,4:39:00 AM,Vehicle - Vehicle,,LAUREL HILL AVE,PLAINFIELD ST,Lawrence TyHanson,684,2025-05-29,"Two-Way , Not Divided",Dry,Dark - Lighted,Clear,Angle (Front - to - Side) Same Direction,"Yes, M/V and Driver Left Scene",No Controls,5,1,Complains Of Pain,2,,41.8132,-71.45548
924732,2025-00039779,2025-05-29,7:34:00 AM,Vehicle - Vehicle,,165 Killingly street,,Yeisua Jimenez,672,2025-05-29,"Two-Way, Not Divided With a Continuous Left Turn Lane",Dry,Daylight,"Fog, Smog, Smoke",Rear - to - Side,No,No Controls,6,0,No Injury,2,,,
924713,2025-00039488,2025-05-28,9:43:00 AM,Vehicle - Pedestrian,Pedestrian,PONAGANSETT AVE,BARDEN ST,Ajay Subramaniam,569,2025-05-29,"Two-Way , Not Divided",Dry,Daylight,Clear,Not a Collision Between Two Motor Vehicles in Transport,"Yes, M/V and Driver Left Scene",No Controls,2,0,Unknown,2,,41.81869,-71.4587
924714,2025-00039813,2025-05-28,2:13:00 PM,Vehicle - Vehicle,,ALLENS AVE,BAKER ST,Jason Clancy,999,2025-05-29,"Two-Way , Not Divided",Dry,Daylight,Clear,"Sideswipe, Same Direction","Yes, M/V and Driver Left Scene",Unknown,2,0,Unknown,2,,41.79388,-71.39761
924705,2025-00039539,2025-05-28,12:32:00 PM,Vehicle - Parked Vehicle,,LUZON AVE,WAYLAND AVE,George Pereira,421,2025-05-29,"Two-Way , Not Divided",Dry,Daylight,Clear,Rear - to - Side,"Yes, M/V and Driver Left Scene",No Controls,1,0,Unknown,2,,41.83692,-71.38979
924699,2025-00039711,2025-05-28,10:30:00 PM,Vehicle - Vehicle,,Whittaker St,Washington St,Luis Quinilla,572,2025-05-29,"Two-Way , Not Divided",Dry,Dark - Not Lighted,Rain,"Sideswipe, Same Direction","Yes, M/V and Driver Left Scene",No Controls,1,0,Unknown,2,2,,
924701,2025-00039527,2025-05-28,11:14:00 AM,Vehicle - Vehicle,,GANO ST,,J. Clancy,999,2025-05-29,Unknown,Dry,Daylight,Clear,Rear End(Front-to-Rear),No,Unknown,2,0,Unknown,2,,,
924702,2025-00039649,2025-05-28,3:52:00 PM,Vehicle - Vehicle,,OCONNELL ST,ALLENS AVE,Jason Clancy,999,2025-05-29,"Two-Way , Not Divided",Dry,Daylight,Clear,"Sideswipe, Same Direction","Yes, M/V and Driver Left Scene",Unknown,2,0,Unknown,2,,41.80749,-71.40339
924703,2025-00039682,2025-05-28,2:22:00 PM,Vehicle - Vehicle,,DEAN ST,PROMENADE ST,J. Clancy,999,2025-05-29,Unknown,Dry,Daylight,Clear,"Sideswipe, Same Direction","Yes, M/V and Driver Left Scene",Unknown,2,0,Unknown,2,,41.82923,-71.4266
924694,2025-00039718,2025-05-28,10:49:00 PM,Vehicle - Vehicle,,GANO ST,95 East,Vanessa Hull,648,2025-05-29,"Two-Way , Not Divided",Wet,Dark - Not Lighted,Rain,Angle (Front - to - Side) Opposite Direction,No,No Controls,2,0,No Injury,2,,,
924695,2025-00039725,2025-05-28,11:07:00 PM,Vehicle - Pedestrian,Pedestrian,Bucklin ST / Hanover ST,Bucklin ST / Hanover ST,Lucas Oliveira,688,2025-05-29,"Two-Way , Not Divided",Wet,Dark - Lighted,Rain,Rear End(Front-to-Rear),No,Unknown,2,0,No Injury,2,,,
924744,2025-00039893,2025-05-28,5:05:00 PM,Vehicle - Parked Vehicle,,WESTMINSTER ST,WEYBOSSET ST,J. CLANCY,999,2025-05-30,Unknown,Dry,Daylight,Clear,Unknown,"Yes, M/V and Driver Left Scene",Unknown,1,0,Unknown,2,,41.82514,-71.40956
924669,2025-00039476,2025-05-28,9:04:00 AM,Vehicle - Vehicle,,FORD ST,DEXTER ST,Mario Andrade,130,2025-05-28,"Two-Way, Divided, Positive Median Barrier",Dry,Daylight,Clear,Angle (Front - to - Side) Opposite Direction,No,No Controls,5,0,No Injury,2,,41.80865,-71.42818
924670,2025-00039496,2025-05-28,10:21:00 AM,Vehicle - Parked Vehicle,,ADELAIDE AVE,HAMILTON ST,Alexandra Dzialo,616,2025-05-28,Unknown,Dry,Daylight,Clear,Not a Collision Between Two Motor Vehicles in Transport,"Yes, M/V and Driver Left Scene",Unknown,1,0,Unknown,2,,41.7975,-71.4198
924671,2025-00039509,2025-05-28,11:12:00 AM,Vehicle - Vehicle,,THURBERS AVE,ALLENS AVE EXIT,Raleek Byfield,375,2025-05-28,One-Way Trafficway,Dry,Daylight,Clear,Rear End(Front-to-Rear),No,No Controls,4,0,No Injury,2,,41.80068,-71.40042
924672,2025-00039505,2025-05-28,10:50:00 AM,Vehicle - Vehicle,,Benedict St,CRANSTON ST,Manuel Vlaun,551,2025-05-28,"Two-Way , Not Divided",Dry,Daylight,Clear,Rear End(Front-to-Rear),No,Stop Signs,2,0,No Injury,2,,41.80539,-71.43738
924673,2025-00039516,2025-05-28,11:35:00 AM,Vehicle - Vehicle,,GALLUP ST,PRAIRIE AVE,Alexandra Dzialo,616,2025-05-28,"Two-Way , Not Divided",Dry,Daylight,Clear,Rear End(Front-to-Rear),No,Unknown,3,0,No Injury,2,,41.8,-71.41256
924676,2025-00039502,2025-05-28,8:50:00 AM,Vehicle - Vehicle,,BRANCH AVE EXIT,BRANCH AVE,Jason Clancy,999,2025-05-28,Unknown,Dry,Daylight,Clear,"Sideswipe, Same Direction","Yes, M/V and Driver Left Scene",Unknown,3,1,Non-Incapacitating,2,,41.84611,-71.41133
924681,2025-00039597,2025-05-28,3:50:00 PM,Vehicle - Vehicle,,N MAIN ST,10TH ST,Michael Gammino,491,2025-05-28,"Two-Way, Divided, Unprotected (painted>4feet) Medium",Dry,Daylight,Clear,Angle (Front - to - Side) Opposite Direction,"Yes, M/V and Driver Left Scene",No Controls,3,0,No Injury,2,,41.85588,-71.39998
924682,2025-00039612,2025-05-28,4:58:00 PM,Vehicle - Pedestrian,Pedestrian,N MAIN ST,SMITH ST,Tyler Calandra,418,2025-05-28,"Two-Way , Not Divided",Dry,Daylight,Clear,"Sideswipe, Same Direction",No,No Controls,3,1,Complains Of Pain,1,,41.83086,-71.4104
924683,2025-00039625,2025-05-28,5:22:00 PM,Vehicle - Vehicle,,SAN SOUCI DR,MANTON AVE,Tyler Calandra,418,2025-05-28,"Two-Way , Not Divided",Dry,Daylight,Clear,"Sideswipe, Same Direction",No,No Controls,5,2,Complains Of Pain,2,,41.81709,-71.44353
924684,2025-00039603,2025-05-28,4:20:00 PM,Vehicle - Parked Vehicle,,BROAD ST,MASSACHUSETTS AVE,Jason Dennis,392,2025-05-28,Unknown,Dry,Daylight,Clear,Rear - to - Rear,"Yes, M/V and Driver Left Scene",No Controls,1,0,No Injury,2,,41.78635,-71.40193
924685,2025-00039656,2025-05-28,7:08:00 PM,Vehicle - Vehicle,,MANTON AVE,RIDGEWAY AVE,Jessenia Montano,149,2025-05-28,"Two-Way, Divided, Unprotected (painted>4feet) Medium",Dry,Daylight,Clear,Rear End(Front-to-Rear),"Yes, M/V and Driver Left Scene",Other,1,0,No Injury,2,,41.82713,-71.46087
924686,2025-00039686,2025-05-28,8:35:00 PM,Vehicle - Pedestrian,Scooter,HAYWARD ST,LINDEN ST,Lucas Ramalho,507,2025-05-28,"Two-Way , Not Divided",Dry,Dark - Lighted,Clear,Not a Collision Between Two Motor Vehicles in Transport,No,No Controls,2,1,Non-Incapacitating,1,,41.81237,-71.42165
924687,2025-00039610,2025-05-28,4:53:00 PM,Vehicle - Vehicle,,ATLANTIC  AVENUE,NIAGARA STREET,Flavio Tavares,371,2025-05-28,"Two-Way , Not Divided",Dry,Daylight,Clear,Angle (Front - to - Side) Right Angle (Includes Broadside),No,Stop Signs,3,1,Complains Of Pain,2,,,
924688,2025-00039697,2025-05-28,9:16:00 PM,Vehicle - Vehicle,,BLACKSTONE ST,EDDY ST,Ralph Abenante,511,2025-05-28,"Two-Way, Divided, Unprotected (painted>4feet) Medium",Dry,Dark - Lighted,Cloudy,Angle (Front - to - Side) Right Angle (Includes Broadside),No,Stop Signs,4,0,No Injury,2,,41.81013,-71.40722
924690,2025-00039648,2025-05-28,6:12:00 PM,Vehicle - Parked Vehicle,,BORDEN ST,PLAIN ST,Jared Guiot,608,2025-05-28,Unknown,Dry,Daylight,Clear,Unknown,"Yes, M/V and Driver Left Scene",No Controls,1,0,Unknown,2,,41.81332,-71.4114
924691,2025-00039706,2025-05-28,9:47:00 PM,Vehicle - Vehicle,,GREENWICH ST,BUCKLIN ST,Lucas Ramalho,507,2025-05-28,"Two-Way , Not Divided",Wet,Dark - Lighted,Rain,Angle (Front - to - Side) Right Angle (Includes Broadside),"Yes, M/V and Driver Left Scene",Stop Signs,6,3,Complains Of Pain,2,,41.80232,-71.42765
924839,2025-00040157,2025-05-28,4:53:00 PM,Vehicle - Vehicle,,ATLANTIC AVE,NIAGARA ST,Quincy Griffin,970,2025-06-02,"Two-Way , Not Divided",Dry,Daylight,Clear,Unknown,No,Stop Signs,5,0,Unknown,2,,41.7986,-71.41872
924838,2025-00040878,2025-05-27,9:00:00 PM,Vehicle - Vehicle,,HARTFORD AVE,,Jason Clancy,999,2025-06-02,Unknown,Dry,Dark - Unknown Lighting,Clear,"Sideswipe, Same Direction",No,Unknown,2,0,Unknown,2,,,
924835,2025-00040166,2025-05-27,1:00:00 PM,Vehicle - Vehicle,,ROCHAMBEAU AVE,ELMGROVE AVE,Quincy Griffin,970,2025-06-02,"Two-Way , Not Divided",Dry,Daylight,Clear,Angle (Front - to - Side) Opposite Direction,No,Stop Signs,2,0,Unknown,2,,41.84658,-71.39133
924865,2025-00041232,2025-05-27,1:08:00 AM,Vehicle - Object,,CANAL ST,WASHINGTON ST,Lane,109,2025-06-03,One-Way Trafficway,Dry,Dark - Lighted,Clear,Not a Collision Between Two Motor Vehicles in Transport,No,No Controls,1,0,No Injury,1,,41.82669,-71.40953
924799,2025-00039163,2025-05-27,9:18:00 AM,Vehicle - Vehicle,,ALLENS AVE,TORONTO AVE,Victor Tavarez,564,2025-06-01,"Two-Way, Divided, Unprotected (painted>4feet) Medium",Dry,Daylight,Clear,Rear End(Front-to-Rear),"Yes, M/V and Driver Left Scene",No Controls,2,0,No Injury,2,,41.7924,-71.39712
924800,2025-00039253,2025-05-27,2:16:00 PM,Vehicle - Vehicle,,BABCOCK ST,BERNARD ST,Victor Tavarez,564,2025-06-01,"Two-Way , Not Divided",Dry,Daylight,Clear,Angle (Front - to - Side) Right Angle (Includes Broadside),No,No Controls,3,0,No Injury,2,,41.78922,-71.40801
924903,2025-00041620,2025-05-27,1:00:00 PM,Vehicle - Vehicle,,US HWY 6,HARRIS AVE,Jason Clancy,999,2025-06-04,Unknown,Dry,Daylight,Clear,Other,No,Unknown,2,0,Unknown,2,,41.81977,-71.4384
924675,2025-00039324,2025-05-27,5:27:00 PM,Vehicle - Vehicle,,ELM STREET,EDDY ST,Eduar Espinal,386,2025-05-28,"Two-Way , Not Divided",Dry,Daylight,Clear,"Sideswipe, Same Direction",No,No Controls,2,0,No Injury,2,,41.81818,-71.40765
924642,2025-00039192,2025-05-27,11:14:00 AM,Vehicle - Vehicle,,UNION AVE,UNION AVE EXIT,Ptlm. Castagliuolo,351,2025-05-27,"Two-Way , Not Divided",Dry,Daylight,Clear,Rear End(Front-to-Rear),No,Traffic Control Signal,5,0,No Injury,3,,41.80887,-71.43984
924644,2025-00039219,2025-05-27,12:43:00 PM,Vehicle - Vehicle,,CANDACE ST,CHALKSTONE AVE,Ptlm. Castagliuolo,351,2025-05-27,"Two-Way , Not Divided",Dry,Daylight,Clear,"Sideswipe, Same Direction",No,No Controls,3,0,No Injury,2,,41.83609,-71.42264
924647,2025-00039176,2025-05-27,10:23:00 AM,Vehicle - Parked Vehicle,,SILVER SPRING ST,LEDGE ST,Albert Pereira,111,2025-05-27,"Two-Way , Not Divided",Dry,Daylight,Clear,"Sideswipe, Same Direction",No,No Controls,3,0,No Injury,2,,41.85303,-71.41268
924649,2025-00039237,2025-05-27,1:31:00 PM,Vehicle - Vehicle,,CHALKSTONE AVE,ROWAN ST,Matthew LeClerc,180,2025-05-27,"Two-Way , Not Divided",Dry,Daylight,Clear,"Sidwswipe, Opposite Direction",No,No Controls,3,0,No Injury,2,2,41.83282,-71.4473
924651,2025-00039927,2025-05-27,12:56:00 PM,Vehicle - Vehicle,,Broadway,RINGGOLD ST,Mario Andrade,130,2025-05-27,"Two-Way, Divided, Positive Median Barrier",Dry,Daylight,Clear,Angle (Front - to - Side) Same Direction,No,No Controls,7,1,Complains Of Pain,3,,41.82121,-71.42335
924652,2025-00039241,2025-05-27,1:40:00 PM,Vehicle - Vehicle,,WOOD ST,MESSER ST,Ptlm. Castagliuolo,351,2025-05-27,"Two-Way , Not Divided",Dry,Daylight,Clear,Angle (Front - to - Side) Right Angle (Includes Broadside),No,Stop Signs,4,0,No Injury,2,,41.81247,-71.43593
924653,2025-00039239,2025-05-27,2:20:00 PM,Vehicle - Parked Vehicle,,MANTON AVE,HYAT ST,Damaris Sanchez,566,2025-05-27,"Two-Way , Not Divided",Dry,Daylight,Clear,Rear End(Front-to-Rear),"Yes, M/V and Driver Left Scene",No Controls,1,0,No Injury,2,,41.82123,-71.4482
924655,2025-00039276,2025-05-27,4:01:00 PM,Vehicle - Vehicle,,EAST FRANKLIN ST,POINT ST,Vanessa Wilcox,197,2025-05-27,One-Way Trafficway,Dry,Daylight,Clear,"Sideswipe, Same Direction",No,Traffic Control Signal,4,0,No Injury,2,,,
924656,2025-00039271,2025-05-27,3:15:00 PM,Vehicle - Vehicle,,625 Branch Ave,,Mark Roman,120,2025-05-27,"Two-Way , Not Divided",Dry,Daylight,Clear,Rear End(Front-to-Rear),"Yes, M/V and Driver Left Scene",No Controls,1,0,No Injury,2,,,
924659,2025-00039312,2025-05-27,4:52:00 PM,Vehicle - Vehicle,,HARTFORD AVE,HARTFORD AVE,Terrence Gibson,610,2025-05-27,"Two-Way , Not Divided",Dry,Daylight,Clear,Rear End(Front-to-Rear),No,No Controls,2,0,No Injury,2,,41.81729,-71.45016
924660,2025-00039297,2025-05-27,4:19:00 PM,Vehicle - Vehicle,,CLIFFORD ST,CLAVERICK ST,Vanessa Wilcox,197,2025-05-27,One-Way Trafficway,Dry,Daylight,Clear,Rear End(Front-to-Rear),No,No Controls,4,0,No Injury,2,,,
924661,2025-00039279,2025-05-27,3:35:00 PM,Vehicle - Vehicle,,BROADWAY,HARRIS AVE,Raymond Criner,340,2025-05-27,"Two-Way , Not Divided",Dry,Daylight,Clear,Head-On (Front - to - Front),No,Stop Signs,3,2,Complains Of Pain,2,,41.81705,-71.44029
924662,2025-00039285,2025-05-27,3:36:00 PM,Vehicle - Object,,HOLDEN ST,EDITH ST,Ryan Fernandes,125,2025-05-27,"Two-Way, Divided, Unprotected (painted>4feet) Medium",Dry,Daylight,Clear,Not a Collision Between Two Motor Vehicles in Transport,No,No Controls,2,1,Complains Of Pain,1,,41.82971,-71.41941
924663,2025-00039119,2025-05-27,2:01:00 AM,Vehicle - Vehicle,,POCASSET AVE,LOWELL AVE,Lane,109,2025-05-27,"Two-Way , Not Divided",Dry,Dark - Lighted,Clear,Rear End(Front-to-Rear),No,No Controls,4,1,Complains Of Pain,2,,41.80987,-71.45469
924664,2025-00039349,2025-05-27,6:29:00 PM,Vehicle - Vehicle,,FRANCIS ST,EXCHANGE TERRACE,Vanessa Wilcox,197,2025-05-27,Unknown,Dry,Daylight,Clear,Angle (Front - to - Side) Same Direction,"Yes, M/V and Driver Left Scene",No Controls,5,0,No Injury,2,,,
924665,2025-00039320,2025-05-27,5:20:00 PM,Vehicle - Vehicle,,INDIA ST,S MAIN ST,Luis Pelaez,336,2025-05-27,One-Way Trafficway,Dry,Daylight,Clear,"Sideswipe, Same Direction",No,No Controls,4,0,No Injury,2,,41.81676,-71.39815
924666,2025-00039379,2025-05-27,8:29:00 PM,Vehicle - Pedestrian,Pedestrian,MANTON AVE,PELHAM ST,Raymond Criner,340,2025-05-27,"Two-Way , Not Divided",Dry,Dark - Lighted,Clear,Not a Collision Between Two Motor Vehicles in Transport,"Yes, M/V and Driver Left Scene",Pavement Markings,3,1,Complains Of Pain,2,,41.82069,-71.44752
924667,2025-00039375,2025-05-27,8:10:00 PM,Vehicle - Object,,LEXINGTON AVE,HAMILTON ST,Lane,109,2025-05-27,"Two-Way , Not Divided",Dry,Dusk,Clear,Not a Collision Between Two Motor Vehicles in Transport,No,Other,3,1,Incapacitating,1,,41.79845,-71.42159
924668,2025-00039399,2025-05-27,9:53:00 PM,Vehicle - Vehicle,,SABIN ST,EMPIRE ST,Vanessa Wilcox,197,2025-05-27,One-Way Trafficway,Dry,Dark - Lighted,Clear,Angle (Front - to - Side) Right Angle (Includes Broadside),No,Person,5,0,No Injury,2,,41.823,-71.4174
924625,2025-00039109,2025-05-27,1:26:00 AM,Vehicle - Parked Vehicle,,196 EARLY ST,,Antonio Valdez,659,2025-05-27,"Two-Way, Divided, Unprotected (painted>4feet) Medium",Dry,Dark - Lighted,Clear,Rear - to - Side,"Yes, Driver Left Scene",No Controls,2,0,No Injury,2,,,
924629,2025-00039155,2025-05-27,9:09:00 AM,Vehicle - Vehicle,,KIPLING ST,GALLATIN ST,Thomas Jones,160,2025-05-27,"Two-Way , Not Divided",Dry,Daylight,Clear,"Sideswipe, Same Direction","Yes, M/V and Driver Left Scene",No Controls,1,0,No Injury,2,,41.79444,-71.42322
924631,2025-00039159,2025-05-27,9:03:00 AM,Vehicle - Vehicle,,94 Clym Street,Clym Street,James Lanier,211,2025-05-27,One-Way Trafficway,Dry,Daylight,Clear,Rear End(Front-to-Rear),"Yes, M/V and Driver Left Scene",No Controls,1,0,Unknown,2,1,,
924635,2025-00039150,2025-05-27,8:47:00 AM,Vehicle - Object,,CLADRASH'S AVE,FLORAL AVE,Ptlm. Castagliuolo,351,2025-05-27,"Two-Way , Not Divided",Dry,Daylight,Clear,Not a Collision Between Two Motor Vehicles in Transport,No,No Controls,2,0,No Injury,1,,41.78341,-71.40758
924740,2025-00039316,2025-05-27,5:11:00 PM,Vehicle - Vehicle,,ADELAIDE AVE,ELMWOOD AVE,Ptlw. Kawejsza,118,2025-05-30,"Two-Way, Divided, Positive Median Barrier",Dry,Daylight,Clear,Rear End(Front-to-Rear),No,Traffic Control Signal,5,0,No Injury,2,,41.79586,-71.4251
924741,2025-00039930,2025-05-27,1:30:00 PM,Vehicle - Vehicle,,CHALKSTONE AVE,ROSEBANK AVE,Jason Clancy,999,2025-05-30,"Two-Way , Not Divided",Dry,Daylight,Clear,Rear End(Front-to-Rear),"Yes, M/V and Driver Left Scene",Unknown,3,1,Complains Of Pain,2,,41.8339,-71.43335
924753,2025-00039261,2025-05-27,3:00:00 PM,Vehicle - Vehicle,,ELMWOOD AVE,FC GREEN MEMORIAL,Andrew Brodeur,158,2025-05-30,"Two-Way , Not Divided",Dry,Daylight,Clear,Rear End(Front-to-Rear),No,No Controls,3,0,No Injury,2,2,,
924754,2025-00039373,2025-05-27,8:07:00 PM,Vehicle - Vehicle,,WATERMAN ST,THAYER ST,Luis Pelaez,336,2025-05-30,One-Way Trafficway,Dry,Dark - Lighted,Clear,Angle (Front - to - Side) Right Angle (Includes Broadside),No,Traffic Control Signal,4,1,Complains Of Pain,2,,41.82728,-71.40054
924768,2025-00039131,2025-05-27,5:58:00 AM,Vehicle - Vehicle,,atwells ave,EAGLE ST,K Baxter,634,2025-05-31,"Two-Way , Not Divided",Dry,Daylight,Clear,Angle (Front - to - Side) Same Direction,No,Traffic Control Signal,2,0,No Injury,2,,41.82446,-71.43552