CrashReportId,ReportNumber,CrashDate,CrashTime,TypeOfCollision,Collision Type,StreetOrHighway,NearestIntersection,Officer,Badge,ReportDate,TypeOfRoadway,RoadSurfaceCondition,LightCondition,WeatherCondition,MannerofImpact,HitAndRun,TrafficControl,PersonCount,InjuryCount,MostSeriousInjury,NumberofVehicles,NumberOfLanes,Latitude,Longitude
924678,2025-00039291,2025-05-27,12:40:00 PM,Vehicle - Vehicle,,HARRIS AVE,,Jason Clancy,999,2025-05-28,Unknown,Dry,Daylight,Clear,Rear End(Front-to-Rear),"Yes, M/V and Driver Left Scene",Unknown,1,0,Unknown,2,,41.82469,-71.4347
925111,2025-00038896,2025-05-26,12:24:00 PM,Vehicle - Object,,BRANCH AVE,SILVER SPRING ST,Albert Pereira,111,2025-06-11,"Two-Way , Not Divided",Dry,Daylight,Clear,Angle (Front - to - Side) Same Direction,No,No Controls,1,0,No Injury,1,,41.84782,-71.41466
924679,2025-00039259,2025-05-26,11:30:00 AM,Vehicle - Parked Vehicle,,SILVER SPRING ST,,Jason Clancy,999,2025-05-28,Unknown,Dry,Daylight,Clear,Other,No,Unknown,2,0,Unknown,2,,,
924680,2025-00038894,2025-05-26,12:15:00 PM,Vehicle - Parked Vehicle,,Lowell Ave,LOWELL AVE,Ajay Subramaniam,569,2025-05-28,"Two-Way , Not Divided",Dry,Daylight,Clear,"Sideswipe, Same Direction",No,No Controls,3,0,No Injury,2,,41.8131,-71.45904
924709,2025-00039800,2025-05-26,2:05:00 AM,Vehicle - Vehicle,,UNION ST,WASHINGTON ST,Jason Clancy,999,2025-05-29,Unknown,Dry,Dark - Unknown Lighting,Clear,Rear End(Front-to-Rear),"Yes, M/V and Driver Left Scene",Unknown,5,0,Unknown,2,,41.82361,-71.41401
924720,2025-00039007,2025-05-26,7:57:00 PM,Vehicle - Parked Vehicle,,HUDSON ST,MESSER ST,Kelsa Heron,133,2025-05-29,"Two-Way , Not Divided",Dry,Dusk,Clear,"Sideswipe, Same Direction",No,No Controls,8,0,No Injury,2,,41.81318,-71.43543
924609,2025-00038847,2025-05-26,5:48:00 AM,Vehicle - Object,,HARRIS AVE,HARRIS AVE EXIT 22C,Matthew Lombardi,674,2025-05-26,"Two-Way, Divided, Unprotected (painted>4feet) Medium",Dry,Daylight,Clear,Not a Collision Between Two Motor Vehicles in Transport,No,No Controls,3,0,No Injury,1,,41.82747,-71.42109
924610,2025-00038872,2025-05-26,9:32:00 AM,Vehicle - Parked Vehicle,,Glenbridge Avenue,Barbara Street,Michelle Nunez,140,2025-05-26,"Two-Way , Not Divided",Dry,Daylight,Clear,Not a Collision Between Two Motor Vehicles in Transport,No,No Controls,2,0,No Injury,2,,,
924611,2025-00038869,2025-05-26,9:22:00 AM,Vehicle - Vehicle,,LINWOOD AVE,SORRENTO ST,Ptlm. Castagliuolo,351,2025-05-26,"Two-Way , Not Divided",Dry,Daylight,Clear,Rear End(Front-to-Rear),No,Stop Signs,4,0,No Injury,2,,41.80788,-71.43741
924612,2025-00038906,2025-05-26,1:07:00 PM,Vehicle - Vehicle,,POCASSET AVE,MAGNOLIA ST,Ptlm. Castagliuolo,351,2025-05-26,"Two-Way , Not Divided",Dry,Daylight,Clear,Angle (Front - to - Side) Right Angle (Includes Broadside),No,Traffic Control Signal,2,1,Complains Of Pain,2,,41.81192,-71.44995
924614,2025-00038945,2025-05-26,3:49:00 PM,Vehicle - Parked Vehicle,,ADELAIDE AVE,BROAD ST,M. Suarez,689,2025-05-26,"Two-Way , Not Divided",Dry,Daylight,Clear,Angle (Front - to - Side) Same Direction,"Yes, M/V and Driver Left Scene",No Controls,4,0,No Injury,2,,41.79884,-71.41549
924615,2025-00038927,2025-05-26,2:26:00 PM,Vehicle - Vehicle,,ATLANTIC AVE,BROAD ST,M. Suarez,689,2025-05-26,"Two-Way, Divided, Positive Median Barrier",Dry,Daylight,Clear,Angle (Front - to - Side) Same Direction,No,No Controls,4,0,No Injury,2,,41.79939,-71.41614
924617,2025-00038952,2025-05-26,4:21:00 PM,Vehicle - Object,,FREDERICK ST,CHALKSTONE AVE,Raymond Criner,340,2025-05-26,"Two-Way , Not Divided",Dry,Daylight,Clear,Not a Collision Between Two Motor Vehicles in Transport,No,No Controls,1,0,No Injury,1,,41.83452,-71.42888
924618,2025-00038932,2025-05-26,3:11:00 PM,Vehicle - Vehicle,,PELHAM ST,MANTON AVE,Serge Bouyssou,105,2025-05-26,"Two-Way , Not Divided",Dry,Daylight,Clear,Angle (Front - to - Side) Opposite Direction,No,Stop Signs,2,0,No Injury,2,,41.8209,-71.44776
924620,2025-00039033,2025-05-26,9:11:00 PM,Vehicle - Vehicle,,F C GREENE MEMORIAL BLVD,F C GREENE MEMORIAL BLVD,Erik Lane,109,2025-05-26,One-Way Trafficway,Dry,Dark - Lighted,Clear,Angle (Front - to - Side) Right Angle (Includes Broadside),"Yes, M/V and Driver Left Scene",No Controls,3,2,Complains Of Pain,2,,41.77396,-71.41387
924606,2025-00038811,2025-05-26,1:05:00 AM,Vehicle - Vehicle,,ARMINGTON AVE,ACADEMY AVE,Ralph Abenante,511,2025-05-26,"Two-Way , Not Divided",Dry,Dark - Lighted,Cloudy,Angle (Front - to - Side) Right Angle (Includes Broadside),No,No Controls,2,1,Non-Incapacitating,2,,41.82725,-71.44371
924640,2025-00039040,2025-05-26,9:20:00 PM,Vehicle - Vehicle,,ATWELLS AVE,JULIAN ST,Jason Clancy,999,2025-05-27,"Two-Way , Not Divided",Dry,Dark - Unknown Lighting,Clear,Unknown,"Yes, M/V and Driver Left Scene",Unknown,3,0,Unknown,2,,41.82484,-71.4445
924677,2025-00039504,2025-05-26,2:10:00 PM,Vehicle - Vehicle,,EDDY ST,,Jason Clancy,999,2025-05-28,Unknown,Dry,Daylight,Clear,Other,No,Unknown,1,0,No Injury,2,,,
924585,2025-00038426,2025-05-25,10:57:00 PM,Vehicle - Parked Vehicle,,24 joslin st,AMHERST ST,Cesar Franco,668,2025-05-25,"Two-Way , Not Divided",Dry,Dark - Lighted,Clear,Rear End(Front-to-Rear),No,No Controls,2,0,No Injury,2,,41.82408,-71.44657
924586,2025-00038497,2025-05-25,2:03:00 AM,Vehicle - Vehicle,,ATWELLS AVE,VALLEY ST,Johnson,622,2025-05-25,"Two-Way , Not Divided",Dry,Dark - Lighted,Clear,Head-On (Front - to - Front),No,No Controls,3,0,No Injury,2,,41.82456,-71.43948
924602,2025-00038749,2025-05-25,10:02:00 PM,Vehicle - Parked Vehicle,,173 lowell avenue,,Tyler Cargill,619,2025-05-25,"Two-Way , Not Divided",Dry,Dark - Lighted,Clear,"Sideswipe, Same Direction","Yes, M/V and Driver Left Scene",No Controls,1,0,Unknown,2,,,
924603,2025-00038737,2025-05-25,9:38:00 PM,Vehicle - Vehicle,,CANDACE ST,DOUGLAS AVE,Raymond Criner,340,2025-05-25,"Two-Way , Not Divided",Dry,Dark - Lighted,Clear,Angle (Front - to - Side) Right Angle (Includes Broadside),"Yes, M/V and Driver Left Scene",Stop Signs,2,1,Complains Of Pain,2,,41.83754,-71.42315
924604,2025-00038732,2025-05-25,9:19:00 PM,Vehicle - Vehicle,,SILVER SPRING ST,BRANCH AVE,Ralph Abenante,511,2025-05-25,"Two-Way, Divided, Unprotected (painted>4feet) Medium",Dry,Dark - Lighted,Cloudy,Angle (Front - to - Side) Right Angle (Includes Broadside),No,Traffic Control Signal,6,5,Incapacitating,2,,41.84784,-71.41471
924588,2025-00038510,2025-05-25,2:43:00 AM,Vehicle - Object,,Smith Street,SMITH ST,Matthew Lombardi,674,2025-05-25,"Two-Way, Divided, Unprotected (painted>4feet) Medium",Dry,Dark - Lighted,Clear,Not a Collision Between Two Motor Vehicles in Transport,No,No Controls,1,0,No Injury,1,,41.83611,-71.42906
924589,2025-00038575,2025-05-25,10:48:00 AM,Vehicle - Vehicle,,MESSER ST,CRANSTON ST,Matthew LeClerc,180,2025-05-25,"Two-Way , Not Divided",Dry,Daylight,Clear,Angle (Front - to - Side) Same Direction,"Yes, M/V and Driver Left Scene",No Controls,1,0,Unknown,2,2,41.80964,-71.43347
924590,2025-00038573,2025-05-25,10:40:00 AM,Vehicle - Vehicle,,LYNCH ST,YALE AVE,Kyana Williams,426,2025-05-25,"Two-Way , Not Divided",Dry,Daylight,Clear,Angle (Front - to - Side) Right Angle (Includes Broadside),No,Stop Signs,2,0,No Injury,2,,41.82677,-71.45219
924593,2025-00038577,2025-05-25,10:58:00 AM,Vehicle - Vehicle,,ELMWOOD AVE,BROAD ST,Hildenise Espanol,137,2025-05-25,"Two-Way, Divided, Positive Median Barrier",Dry,Daylight,Clear,Angle (Front - to - Side) Same Direction,No,Traffic Control Signal,4,0,No Injury,2,,41.81272,-71.42204
924594,2025-00038592,2025-05-25,12:15:00 PM,Vehicle - Object,,HUXLEY AVE,ADMIRAL ST,Yesenia Caba,549,2025-05-25,"Two-Way , Not Divided",Dry,Daylight,Clear,Not a Collision Between Two Motor Vehicles in Transport,No,No Controls,2,0,No Injury,1,,41.84676,-71.43265
924595,2025-00038621,2025-05-25,2:47:00 PM,Vehicle - Vehicle,,RANDALL ST,N MAIN ST,Cory Nicholls,609,2025-05-25,One-Way Trafficway,Dry,Daylight,Clear,"Sideswipe, Same Direction",No,Traffic Control Signal,2,0,No Injury,2,,41.83796,-71.40963
924596,2025-00038664,2025-05-25,5:21:00 PM,Vehicle - Parked Vehicle,,CHALKSTONE AVE,ACADEMY AVE,Atanael Lara,129,2025-05-25,"Two-Way , Not Divided",Dry,Daylight,Cloudy,"Sideswipe, Same Direction",No,No Controls,1,0,No Injury,2,,41.83237,-71.444
924600,2025-00038698,2025-05-25,7:13:00 PM,Vehicle - Vehicle,,SMITH ST,PECKHAM AVE,Atanael Lara,129,2025-05-25,"Two-Way , Not Divided",Dry,Daylight,Cloudy,Rear End(Front-to-Rear),No,Traffic Control Signal,3,0,No Injury,2,,41.84769,-71.45537
924623,2025-00038618,2025-05-25,2:39:00 PM,Vehicle - Parked Vehicle,,BROAD ST,BROAD ST,Johansell Montilla,627,2025-05-27,"Two-Way, Divided, Unprotected (painted>4feet) Medium",Dry,Daylight,Clear,"Sideswipe, Same Direction","Yes, M/V and Driver Left Scene",No Controls,1,0,Unknown,2,,41.79677,-71.41289
924613,2025-00038589,2025-05-25,11:59:00 AM,Vehicle - Vehicle,,405 POTTERS AVENUE,HAMILTON STREET,Flavio Tavares,371,2025-05-26,"Two-Way, Divided, Unprotected (painted>4feet) Medium",Dry,Daylight,Clear,Angle (Front - to - Side) Right Angle (Includes Broadside),No,No Controls,2,0,No Injury,2,,,
924743,2025-00039953,2025-05-25,12:10:00 PM,Vehicle - Vehicle,,PEMBROKE AVE,CHAD BROWN ST,Jason Clancy,999,2025-05-30,"Two-Way , Not Divided",Dry,Daylight,Clear,Rear End(Front-to-Rear),"Yes, M/V and Driver Left Scene",Unknown,4,0,Unknown,2,,41.83908,-71.43027
924711,2025-00039811,2025-05-24,4:30:00 PM,Vehicle - Vehicle,,CHAPMAN ST,VIRGINIA AVE,Jason Clancy,999,2025-05-29,"Two-Way , Not Divided",Dry,Daylight,Clear,Rear - to - Side,No,Unknown,2,0,Unknown,2,,41.79323,-71.39744
924601,2025-00038394,2025-05-24,8:39:00 PM,Vehicle - Parked Vehicle,,BROOK ST,GEORGE ST,Jared Guiot,608,2025-05-25,"Two-Way , Not Divided",Dry,Dark - Lighted,Clear,Rear End(Front-to-Rear),No,No Controls,2,0,No Injury,2,,41.82604,-71.39912
924605,2025-00038230,2025-05-24,9:56:00 AM,Vehicle - Vehicle,,DEXTER,LESTER,Vanessa Hull,648,2025-05-25,"Two-Way , Not Divided",Dry,Daylight,Clear,Angle (Front - to - Side) Same Direction,No,No Controls,3,0,No Injury,2,,,
924587,2025-00038284,2025-05-24,1:14:00 PM,Vehicle - Vehicle,,HARTFORD,PLAINFIELD,Vanessa Hull,648,2025-05-25,"Two-Way , Not Divided",Dry,Daylight,Clear,Rear End(Front-to-Rear),No,Traffic Control Signal,6,0,No Injury,2,,,
924674,2025-00038276,2025-05-24,12:47:00 PM,Vehicle - Vehicle,,HOPE ST,STIMSON AVE,Jeann Lugo,543,2025-05-28,"Two-Way , Not Divided",Dry,Daylight,Clear,Angle (Front - to - Side) Right Angle (Includes Broadside),No,No Controls,7,0,No Injury,2,,41.82976,-71.39843
924692,2025-00038268,2025-05-24,12:46:00 PM,Vehicle - Vehicle,,WESTMINSTER ST,STOKES ST,Carlos Gordillo Perez,144,2025-05-28,"Two-Way, Divided, Unprotected (painted>4feet) Medium",Dry,Daylight,Clear,Angle (Front - to - Side) Same Direction,No,No Controls,3,0,No Injury,2,,41.81668,-71.44237
924592,2025-00038279,2025-05-24,1:27:00 PM,Vehicle - Vehicle,,BROAD STREET,STANWOOD STREET,Flavio Tavares,371,2025-05-25,"Two-Way, Divided, Unprotected (painted>4feet) Medium",Dry,Daylight,Cloudy,Rear End(Front-to-Rear),No,No Controls,2,0,No Injury,2,,,
924564,2025-00038192,2025-05-24,3:10:00 AM,Vehicle - Object,,messer st,OAK ST,Domenic Schiavulli,653,2025-05-24,"Two-Way , Not Divided",Wet,Dark - Lighted,Rain,Not a Collision Between Two Motor Vehicles in Transport,"Yes, M/V and Driver Left Scene",No Controls,1,0,Unknown,1,,41.81536,-71.43689
924566,2025-00038178,2025-05-24,2:24:00 AM,Vehicle - Parked Vehicle,,288 Thayer st,,Alexis Rosales,682,2025-05-24,One-Way Trafficway,Dry,Dark - Lighted,Clear,Other,"Yes, M/V and Driver Left Scene",No Controls,2,1,Complains Of Pain,2,,,
924568,2025-00038215,2025-05-24,8:05:00 AM,Vehicle - Vehicle,,CHARLES ST EXIT 23,EXIT 23,Luis Garcia Colon,128,2025-05-24,One-Way Trafficway,Dry,Daylight,Clear,Rear End(Front-to-Rear),No,Stop Signs,5,1,Complains Of Pain,2,,41.83784,-71.41422
924569,2025-00038256,2025-05-24,12:56:00 PM,Vehicle - Parked Vehicle,,CRANSTON ST,ANTHONY AVE,Matthew LeClerc,180,2025-05-24,"Two-Way , Not Divided",Dry,Daylight,Clear,"Sidwswipe, Opposite Direction",No,No Controls,2,0,No Injury,2,2,41.80418,-71.43874
924570,2025-00037974,2025-05-24,1:47:00 PM,Vehicle - Vehicle,,EDDY ST,POINT ST,Lucio Andreozzi,381,2025-05-24,"Two-Way, Divided, Positive Median Barrier",Dry,Daylight,Clear,"Sideswipe, Same Direction",No,Traffic Control Signal,7,0,No Injury,2,,41.81669,-71.40641
924571,2025-00038286,2025-05-24,1:34:00 PM,Vehicle - Vehicle,,33 King St.,,Damaris Sanchez,566,2025-05-24,One-Way Trafficway,Dry,Daylight,Clear,"Sidwswipe, Opposite Direction",No,No Controls,2,1,Complains Of Pain,2,,,
924574,2025-00038323,2025-05-24,4:14:00 PM,Vehicle - Vehicle,,KINSLEY AVE,CHARLOTTE HOPE ST,John Benros,481,2025-05-24,One-Way Trafficway,Dry,Daylight,Clear,"Sideswipe, Same Direction",No,No Controls,2,1,Complains Of Pain,2,,41.82819,-71.42996
924575,2025-00038325,2025-05-24,4:24:00 PM,Vehicle - Object,,SMITH ST,FRANCIS ST,Tyler Calandra,418,2025-05-24,"Two-Way , Not Divided",Dry,Daylight,Clear,Other,No,No Controls,1,1,Complains Of Pain,1,,41.83181,-71.41615
924576,2025-00038338,2025-05-24,5:16:00 PM,Vehicle - Vehicle,,SMITHFIELD AVE,SMITHFIELD AVE,Ian Quinn,102,2025-05-24,"Two-Way , Not Divided",Dry,Daylight,Clear,Angle - Direction Not Specified,No,No Controls,3,0,No Injury,2,5,41.85725,-71.41082
924577,2025-00038326,2025-05-24,4:23:00 PM,Vehicle - Vehicle,,S ANGELL ST,WAYLAND AVE,Stephanie Teran,625,2025-05-24,One-Way Trafficway,Dry,Daylight,Clear,Angle (Front - to - Side) Same Direction,No,No Controls,4,0,No Injury,2,,41.82998,-71.38772
924578,2025-00038344,2025-05-24,5:42:00 PM,Vehicle - Vehicle,,Smithfield Ave.,SMITHFIELD AVE,Mark Roman,120,2025-05-24,"Two-Way , Not Divided",Dry,Daylight,Clear,"Sideswipe, Same Direction",No,No Controls,3,0,No Injury,2,,41.85627,-71.40941
924580,2025-00038354,2025-05-24,6:12:00 PM,Vehicle - Vehicle,,ANGELL ST,IVES ST,Stephanie Teran,625,2025-05-24,One-Way Trafficway,Dry,Daylight,Clear,Angle (Front - to - Side) Same Direction,No,No Controls,3,0,No Injury,2,,41.82915,-71.39325
924582,2025-00038375,2025-05-24,7:54:00 PM,Vehicle - Vehicle,,58 Pekin St.,,Mark Roman,120,2025-05-24,"Two-Way , Not Divided",Dry,Daylight,Clear,Angle (Front - to - Side) Same Direction,"Yes, M/V and Driver Left Scene",No Controls,1,0,No Injury,2,,,
924583,2025-00038418,2025-05-24,10:02:00 PM,Vehicle - Parked Vehicle,,MAWNEY ST,ELMWOOD AVE,David Monteiro,613,2025-05-24,Unknown,Dry,Dark - Lighted,Clear,Unknown,"Yes, M/V and Driver Left Scene",No Controls,1,0,No Injury,2,,41.80356,-71.42639
924584,2025-00038459,2025-05-24,11:51:00 PM,Vehicle - Vehicle,,BROAD ST,MOORE ST,Vanessa Wilcox,197,2025-05-25,"Two-Way , Not Divided",Dry,Dark - Lighted,Clear,Other,No,No Controls,6,0,No Injury,2,,,
924957,2025-00038335,2025-05-24,6:00:00 PM,Vehicle - Vehicle,,atwells ave,,Conor Fleurant,171,2025-06-05,"Two-Way , Not Divided",Dry,Daylight,Clear,Rear - to - Side,No,No Controls,2,0,No Injury,2,,,
924579,2025-00038099,2025-05-23,9:34:00 PM,Vehicle - Vehicle,,WESTMINSTER ST,SAWINS,Jeffrey Gagnon,317,2025-05-24,"Two-Way, Divided, Positive Median Barrier",Wet,Dark - Lighted,Rain,Rear End(Front-to-Rear),No,Traffic Control Signal,3,0,No Injury,3,,41.81747,-71.42193
924572,2025-00037981,2025-05-23,2:13:00 PM,Vehicle - Vehicle,,CHARLES ST,SILVER SPRING ST,John Benros,481,2025-05-24,Unknown,Dry,Daylight,Clear,Other,No,Traffic Control Signal,3,0,No Injury,2,,41.84481,-71.4187
924567,2025-00037867,2025-05-23,3:10:00 AM,Vehicle - Vehicle,,220 MESSER ST,,Alexis Rosales,682,2025-05-24,"Two-Way , Not Divided",Wet,Dark - Lighted,Rain,"Sidwswipe, Opposite Direction","Yes, M/V and Driver Left Scene",No Controls,1,0,No Injury,2,,,
924548,2025-00038018,2025-05-23,5:02:00 PM,Vehicle - Vehicle,,Memorial Blvd,EXCHANGE ST,Tyler Calandra,418,2025-05-23,"Two-Way , Not Divided",Wet,Daylight,Rain,Rear End(Front-to-Rear),No,No Controls,3,1,Complains Of Pain,2,,41.82689,-71.41222
924549,2025-00038022,2025-05-23,5:04:00 PM,Vehicle - Vehicle,,DUDLEY ST,PRAIRIE AVE,Matthew Carlone,602,2025-05-23,"Two-Way , Not Divided",Wet,Daylight,Rain,Angle (Front - to - Side) Right Angle (Includes Broadside),No,Stop Signs,2,0,No Injury,2,,41.80995,-71.41567
924550,2025-00037991,2025-05-23,2:50:00 PM,Vehicle - Vehicle,,N MAIN ST,N MAIN ST,Darlin Hernandez,148,2025-05-23,"Two-Way , Not Divided",Dry,Daylight,Clear,Rear End(Front-to-Rear),"Yes, M/V and Driver Left Scene",Traffic Control Signal,2,0,Unknown,2,,41.84199,-71.40798
924551,2025-00038050,2025-05-23,6:55:00 PM,Vehicle - Vehicle,,SMITHFIELD AVE,NELLIE ST,Ptlm. Labutti,104,2025-05-23,"Two-Way , Not Divided",Wet,Daylight,Rain,Rear End(Front-to-Rear),No,Yield Signs,2,1,Complains Of Pain,2,,41.85734,-71.41082
924552,2025-00038062,2025-05-23,7:26:00 PM,Vehicle - Vehicle,,CHALKSTONE AVE,ACADEMY AVE,Atanael Lara,129,2025-05-23,"Two-Way , Not Divided",Dry,Daylight,Rain,Rear End(Front-to-Rear),No,Traffic Control Signal,4,0,No Injury,2,,41.83243,-71.44442
924555,2025-00038055,2025-05-23,7:16:00 PM,Vehicle - Vehicle,,ORMS ST,STATE ST,Ralph Abenante,511,2025-05-23,"Two-Way, Divided, Positive Median Barrier",Wet,Dusk,Rain,Rear End(Front-to-Rear),No,No Controls,6,0,No Injury,2,,41.83484,-71.41304
924556,2025-00037987,2025-05-23,2:37:00 PM,Vehicle - Vehicle,,CHARLES ST,ORMS ST,Ricardo Sanchez,632,2025-05-23,"Two-Way , Not Divided",Wet,Daylight,Clear,"Sidwswipe, Opposite Direction",No,No Controls,3,0,No Injury,2,2,41.83513,-71.41152
924557,2025-00038082,2025-05-23,8:46:00 PM,Vehicle - Vehicle,,KILLINGLY ST,HARTFORD AVE,Terrence Gibson,610,2025-05-23,"Two-Way , Not Divided",Wet,Dark - Lighted,Rain,Angle (Front - to - Side) Opposite Direction,No,Traffic Control Signal,2,0,No Injury,2,,41.8199,-71.46888
924542,2025-00037901,2025-05-23,8:30:00 AM,Vehicle - Object,,CAMP ST,FOREST ST,Thiago Gomes,532,2025-05-23,"Two-Way , Not Divided",Dry,Daylight,Cloudy,Other,No,No Controls,3,0,No Injury,1,2,41.84362,-71.40231
924543,2025-00037964,2025-05-23,1:06:00 PM,Vehicle - Parked Vehicle,,KNIGHT ST,CARPENTER ST,Luis Garcia Colon,128,2025-05-23,"Two-Way , Not Divided",Dry,Daylight,Clear,Unknown,"Yes, M/V and Driver Left Scene",No Controls,1,0,No Injury,2,,41.8183,-71.42753
924544,2025-00037939,2025-05-23,11:45:00 AM,Vehicle - Vehicle,,WESTMINSTER ST,BROADWAY,Gustavo Genao,135,2025-05-23,"Two-Way , Not Divided",Dry,Daylight,Cloudy,"Sideswipe, Same Direction",No,Traffic Control Signal,4,0,No Injury,2,,41.81651,-71.44103
924545,2025-00037918,2025-05-23,10:20:00 AM,Vehicle - Vehicle,,ROGER WILLIAMS AVE,ELMWOOD AVE,Ptlm. Castagliuolo,351,2025-05-23,"Two-Way , Not Divided",Dry,Daylight,Clear,Rear End(Front-to-Rear),No,Traffic Control Signal,3,0,No Injury,2,,41.7885,-71.42103
924546,2025-00037972,2025-05-23,1:41:00 PM,Vehicle - Object,,JENKINS ST,WESTERN ST,Domingo Diaz,519,2025-05-23,"Two-Way , Not Divided",Dry,Daylight,Cloudy,Not a Collision Between Two Motor Vehicles in Transport,No,No Controls,3,0,No Injury,1,,41.84058,-71.40505
924559,2025-00038079,2025-05-23,8:33:00 PM,Vehicle - Parked Vehicle,,daniel ave,POCASSET AVE,Alexander Frias,669,2025-05-23,"Two-Way , Not Divided",Wet,Dark - Lighted,Clear,"Sideswipe, Same Direction","Yes, M/V and Driver Left Scene",No Controls,2,0,No Injury,2,,41.8094,-71.45582
924560,2025-00038094,2025-05-23,9:20:00 PM,Vehicle - Pedestrian,Pedestrian,THAYER ST,FONES ALY,Ralph Abenante,511,2025-05-23,"Two-Way , Not Divided",Wet,Dark - Lighted,Cloudy,Not a Collision Between Two Motor Vehicles in Transport,No,No Controls,5,1,Complains Of Pain,1,,41.82768,-71.40059
924561,2025-00038085,2025-05-23,8:52:00 PM,Vehicle - Pedestrian,Pedestrian,DOUGLAS AVE,ADMIRAL ST,Lucas Ramalho,507,2025-05-23,"Two-Way , Not Divided",Wet,Dark - Lighted,Rain,Not a Collision Between Two Motor Vehicles in Transport,No,Traffic Control Signal,2,1,Complains Of Pain,1,,41.84607,-71.42902
924562,2025-00038097,2025-05-23,9:29:00 PM,Vehicle - Pedestrian,Pedestrian,EXCHANGE TER,EXCHANGE ST,Lucas Ramalho,507,2025-05-24,"Two-Way , Not Divided",Wet,Dark - Lighted,Rain,Not a Collision Between Two Motor Vehicles in Transport,No,Traffic Control Signal,2,1,Non-Incapacitating,1,,41.82611,-71.4116
924563,2025-00038111,2025-05-23,10:20:00 PM,Vehicle - Vehicle,,BUCKLIN ST,HAWTHORNE ST,Lucas Ramalho,507,2025-05-24,"Two-Way , Not Divided",Wet,Dark - Lighted,Rain,Angle (Front - to - Side) Right Angle (Includes Broadside),No,No Controls,4,2,Non-Incapacitating,2,,41.80112,-71.42776
924533,2025-00037891,2025-05-23,7:54:00 AM,Vehicle - Parked Vehicle,,Messer st,CRANSTON ST,Manuel Vlaun,551,2025-05-23,"Two-Way , Not Divided",Dry,Dark - Lighted,"Sleet, Hail (Freezing Rain or Drizzle)",Not a Collision Between Two Motor Vehicles in Transport,"Yes, M/V and Driver Left Scene",No Controls,1,0,Unknown,2,,41.80976,-71.43383
924538,2025-00037915,2025-05-23,10:04:00 AM,Vehicle - Vehicle,,580 South Water,,Martin Hames,536,2025-05-23,One-Way Trafficway,Dry,Daylight,Clear,Angle (Front - to - Side) Same Direction,No,No Controls,2,0,No Injury,2,,,
924539,2025-00037934,2025-05-23,11:18:00 AM,Vehicle - Vehicle,,SERVICE ROAD 7,BROADWAY,Luis Garcia Colon,128,2025-05-23,"Two-Way , Not Divided",Dry,Daylight,Clear,"Sideswipe, Same Direction",No,No Controls,3,0,No Injury,2,,41.8219,-71.42079
924540,2025-00037942,2025-05-23,11:56:00 AM,Vehicle - Parked Vehicle,,Cranston St,BENEDICT ST,Manuel Vlaun,551,2025-05-23,"Two-Way , Not Divided",Dry,Daylight,Clear,Not a Collision Between Two Motor Vehicles in Transport,"Yes, M/V and Driver Left Scene",No Controls,2,0,No Injury,2,,41.80531,-71.43744
924637,2025-00038308,2025-05-23,3:00:00 PM,Vehicle - Parked Vehicle,,ALLENS AVE,ALLENS AVE,Jason Clancy,999,2025-05-27,"Two-Way , Not Divided",Dry,Daylight,Clear,Unknown,"Yes, M/V and Driver Left Scene",Unknown,1,0,Unknown,2,,41.7922,-71.39705
924654,2025-00039181,2025-05-23,10:45:00 PM,Vehicle - Parked Vehicle,,GLENBRIDGE AVE,HARTFORD AVE,Jason Clancy,999,2025-05-27,Unknown,Dry,Dark - Unknown Lighting,Clear,"Sideswipe, Same Direction","Yes, M/V and Driver Left Scene",Unknown,3,0,Unknown,2,,41.81899,-71.46157
924693,2025-00038090,2025-05-23,9:17:00 PM,Vehicle - Parked Vehicle,,1 Providence Place,PROMENADE ST,Yeisua Jimenez,672,2025-05-29,"Two-Way , Not Divided",Dry,Dark - Lighted,Clear,Unknown,"Yes, M/V and Driver Left Scene",No Controls,1,0,No Injury,2,,41.82784,-71.41762
924591,2025-00037944,2025-05-23,12:04:00 PM,Vehicle - Vehicle,,ATWELLS AVENUE,AMERICA ST,Hildenise Espanol,137,2025-05-25,"Two-Way , Not Divided",Dry,Daylight,Clear,Angle (Front - to - Side) Same Direction,No,Stop Signs,7,0,No Injury,2,,41.82369,-71.42827
924632,2025-00038235,2025-05-23,11:05:00 PM,Vehicle - Vehicle,,LLYOD AVE,,Jason Clancy,999,2025-05-27,Unknown,Dry,Dark - Unknown Lighting,Clear,Head-On (Front - to - Front),No,Unknown,2,0,Unknown,2,,,
924628,2025-00037970,2025-05-23,1:00:00 PM,Vehicle - Vehicle,,SOUTH ST,CHESTNUT ST,Jason Clancy,999,2025-05-27,"Two-Way , Not Divided",Dry,Daylight,Clear,Unknown,"Yes, M/V and Driver Left Scene",Unknown,2,0,Unknown,2,,41.81707,-71.4086