CrashReportId,ReportNumber,CrashDate,CrashTime,TypeOfCollision,Collision Type,StreetOrHighway,NearestIntersection,Officer,Badge,ReportDate,TypeOfRoadway,RoadSurfaceCondition,LightCondition,WeatherCondition,MannerofImpact,HitAndRun,TrafficControl,PersonCount,InjuryCount,MostSeriousInjury,NumberofVehicles,NumberOfLanes,Latitude,Longitude
924877,2025-00037990,2025-05-23,3:37:00 PM,Vehicle - Parked Vehicle,,RATHBONE ST,VALLEY ST,Saramarie Cerullo,151,2025-06-03,"Two-Way, Divided, Unprotected (painted>4feet) Medium",Dry,Daylight,Clear,Not a Collision Between Two Motor Vehicles in Transport,No,No Controls,2,0,No Injury,2,,41.83084,-71.42947
924878,2025-00037993,2025-05-23,3:30:00 PM,Vehicle - Vehicle,,eddy street,allens ave,Matthew Marwell,639,2025-06-03,"Two-Way , Not Divided",Dry,Daylight,Clear,Rear End(Front-to-Rear),No,No Controls,2,0,No Injury,2,2,,
924829,2025-00037900,2025-05-23,8:26:00 AM,Vehicle - Parked Vehicle,,PLAIN ST,OLDHAM ST,Michelle Nunez,140,2025-06-02,Unknown,Dry,Daylight,Clear,Rear - to - Side,No,No Controls,4,0,No Injury,2,,41.81258,-71.41206
925549,2025-00048934,2025-05-22,2:10:00 AM,Vehicle - Vehicle,,BROAD ST,BROAD ST,Jason Clancy,999,2025-06-27,"Two-Way , Not Divided",Dry,Dark - Unknown Lighting,Clear,Rear End(Front-to-Rear),"Yes, M/V and Driver Left Scene",Unknown,5,2,Complains Of Pain,2,,41.81639,-71.41912
924643,2025-00038227,2025-05-22,8:00:00 AM,Vehicle - Vehicle,,CHAD BROWN ST,,Jason Clancy,999,2025-05-27,Unknown,Wet,Daylight,Cloudy,Rear - to - Rear,No,Unknown,3,0,No Injury,2,,,
924541,2025-00037948,2025-05-22,3:38:00 PM,Vehicle - Object,,KENYON ST,DEAN ST,Quincy Griffin,970,2025-05-23,"Two-Way , Not Divided",Wet,Daylight,Rain,Unknown,No,No Controls,3,0,No Injury,1,,41.82226,-71.42331
924534,2025-00037759,2025-05-22,2:56:00 PM,Vehicle - Vehicle,,WESTMINSTER ST,SERVICE ROAD 7,Quincy Griffin,970,2025-05-23,"Two-Way , Not Divided",Wet,Daylight,Rain,Rear End(Front-to-Rear),"Yes, M/V and Driver Left Scene",No Controls,2,0,Unknown,2,,41.81875,-71.41897
924536,2025-00037700,2025-05-22,8:35:00 AM,Vehicle - Vehicle,,SILVER SPRING ST,BRANCH AVE,John Benros,481,2025-05-23,"Two-Way , Not Divided",Wet,Daylight,Rain,Rear End(Front-to-Rear),No,Traffic Control Signal,2,0,No Injury,2,,41.84784,-71.41471
924537,2025-00037737,2025-05-22,12:33:00 PM,Vehicle - Vehicle,,TOURO ST,LOMBARDI ST,John Benros,481,2025-05-23,One-Way Trafficway,Wet,Daylight,Rain,Angle (Front - to - Side) Right Angle (Includes Broadside),No,No Controls,2,0,No Injury,2,,41.84627,-71.41837
924517,2025-00037757,2025-05-22,2:41:00 PM,Vehicle - Vehicle,,Killingly St,HARTFORD AVE,Tyler Calandra,418,2025-05-22,"Two-Way , Not Divided",Wet,Daylight,Rain,Angle - Direction Not Specified,No,No Controls,3,2,Complains Of Pain,2,,41.81992,-71.46889
924529,2025-00037822,2025-05-22,8:23:00 PM,Vehicle - Vehicle,,ADMIRAL ST,ADMIRAL ST,Tyler Calandra,418,2025-05-22,"Two-Way , Not Divided",Wet,Dark - Lighted,Rain,Rear End(Front-to-Rear),No,No Controls,2,0,No Injury,2,,41.84059,-71.41755
924530,2025-00037831,2025-05-22,9:14:00 PM,Vehicle - Vehicle,,WICKENDEN ST,,Stephanie Teran,625,2025-05-22,One-Way Trafficway,Wet,Dark - Not Lighted,Rain,Angle (Front - to - Side) Same Direction,No,No Controls,5,0,No Injury,2,,41.819,-71.40105
924531,2025-00037819,2025-05-22,8:04:00 PM,Vehicle - Vehicle,,THURBERS AVE,THURBERS AVE EXIT,Lucas Ramalho,507,2025-05-23,"Two-Way, Divided, Unprotected (painted>4feet) Medium",Wet,Dark - Lighted,Rain,Rear End(Front-to-Rear),No,Traffic Control Signal,4,1,Complains Of Pain,3,,41.80017,-71.4044
924532,2025-00037709,2025-05-22,9:12:00 AM,Vehicle - Vehicle,,ELMWOOD AVE,POTTERS AVE,Gustavo Genao,135,2025-05-23,"Two-Way , Not Divided",Wet,Daylight,Cloudy,Rear End(Front-to-Rear),No,No Controls,3,2,Complains Of Pain,2,,41.80164,-71.42631
924506,2025-00037677,2025-05-22,4:20:00 AM,Vehicle - Object,,ALLENS AVE,EDDY ST,Alexandria O'Loughlin,676,2025-05-22,"Two-Way, Divided, Positive Median Barrier",Wet,Dark - Not Lighted,Rain,Not a Collision Between Two Motor Vehicles in Transport,No,Traffic Control Signal,2,0,No Injury,1,,41.81482,-71.40661
924513,2025-00037715,2025-05-22,9:44:00 AM,Vehicle - Vehicle,,Dexter ST,LINWOOD AVE,Manuel Vlaun,551,2025-05-22,"Two-Way , Not Divided",Wet,Daylight,"Sleet, Hail (Freezing Rain or Drizzle)",Rear End(Front-to-Rear),No,No Controls,3,0,No Injury,2,,41.80544,-71.42955
924514,2025-00037733,2025-05-22,12:11:00 PM,Vehicle - Vehicle,,BRADFORD ST,ATWELLS AVE,Hildenise Espanol,137,2025-05-22,"Two-Way , Not Divided",Wet,Daylight,Rain,Angle (Front - to - Side) Opposite Direction,No,Stop Signs,4,0,No Injury,2,,41.82323,-71.42178
924521,2025-00037782,2025-05-22,4:43:00 PM,Vehicle - Vehicle,,CHALKSTONE AVE,OAKLAND AVE,Atanael Lara,129,2025-05-22,"Two-Way , Not Divided",Wet,Daylight,Rain,Rear End(Front-to-Rear),No,Traffic Control Signal,4,0,No Injury,2,,41.83419,-71.43024
924522,2025-00037792,2025-05-22,5:31:00 PM,Vehicle - Vehicle,,EDDY ST,CALLA ST,Nicholas Manfredi,343,2025-05-22,"Two-Way , Not Divided",Wet,Daylight,Rain,Angle - Direction Not Specified,"Yes, M/V and Driver Left Scene",No Controls,1,0,No Injury,3,,41.79026,-71.40313
924523,2025-00037803,2025-05-22,6:32:00 PM,Vehicle - Parked Vehicle,,UNION AVE,WEBSTER AVE,Pedro Saravia,611,2025-05-22,"Two-Way , Not Divided",Wet,Daylight,Rain,"Sideswipe, Same Direction",No,No Controls,4,0,No Injury,2,,41.80675,-71.44784
924524,2025-00037795,2025-05-22,6:15:00 PM,Vehicle - Object,,SOUTH ST,RICHMOND ST,Matthew Marwell,639,2025-05-22,Unknown,Wet,Daylight,Rain,Angle (Front - to - Side) Same Direction,"Yes, M/V and Driver Left Scene",No Controls,1,0,No Injury,1,,41.81737,-71.40785
924525,2025-00037798,2025-05-22,5:34:00 PM,Vehicle - Vehicle,,WESTMINSTER ST,SERVICE ROAD 3,Peyton Ginolfi,657,2025-05-22,"Two-Way , Not Divided",Wet,Daylight,Rain,Rear End(Front-to-Rear),No,No Controls,5,2,Complains Of Pain,3,,41.81616,-71.44011
924526,2025-00037809,2025-05-22,6:43:00 PM,Vehicle - Vehicle,,MATHEWSON ST,MARTHA ST,Cassidy Simanski,132,2025-05-22,One-Way Trafficway,Wet,Daylight,Rain,"Sidwswipe, Opposite Direction","Yes, M/V and Driver Left Scene",No Controls,1,0,No Injury,2,,41.82331,-71.41513
924527,2025-00037820,2025-05-22,8:03:00 PM,Vehicle - Vehicle,,WESTMINSTER ST,SERVICE ROAD 7,Kelsa Heron,133,2025-05-22,One-Way Trafficway,Wet,Dark - Lighted,Rain,Rear End(Front-to-Rear),"Yes, M/V and Driver Left Scene",No Controls,2,0,No Injury,2,,41.81877,-71.41893
924504,2025-00037657,2025-05-22,1:14:00 AM,Vehicle - Vehicle,,ATWELLS AVE,DE PASQUALE AVE,Lane,109,2025-05-22,"Two-Way, Divided, Unprotected (painted>4feet) Medium",Dry,Dark - Lighted,Clear,Head-On (Front - to - Front),No,No Controls,5,0,No Injury,2,,41.82359,-71.42685
925143,2025-00043962,2025-05-21,4:49:00 PM,Vehicle - Vehicle,,COLLYER ST.,,Jason Clancy,999,2025-06-12,Unknown,Dry,Daylight,Clear,Rear End(Front-to-Rear),No,Unknown,4,1,Complains Of Pain,2,,,
924505,2025-00037630,2025-05-21,10:57:00 PM,Vehicle - Parked Vehicle,,WHITEHALL STREET,WALLACE ST,Ryan Whittemore,655,2025-05-22,"Two-Way , Not Divided",Dry,Dark - Lighted,Clear,Rear End(Front-to-Rear),"Yes, M/V and Driver Left Scene",No Controls,1,0,Unknown,2,,41.81057,-71.44523
924477,2025-00037392,2025-05-21,2:22:00 AM,Vehicle - Vehicle,,WESTMINSTER ST,BRIDGHAM ST,Erik Lane,109,2025-05-21,"Two-Way, Divided, Unprotected (painted>4feet) Medium",Dry,Dark - Lighted,Clear,Angle (Front - to - Side) Right Angle (Includes Broadside),No,Traffic Control Signal,3,0,No Injury,2,,41.8169,-71.42848
924498,2025-00037548,2025-05-21,4:34:00 PM,Vehicle - Vehicle,,UNION AVE,ATWOOD ST,Pedro Saravia,611,2025-05-21,"Two-Way , Not Divided",Dry,Daylight,Clear,Rear End(Front-to-Rear),No,No Controls,5,0,No Injury,2,,41.80809,-71.4427
924499,2025-00037542,2025-05-21,4:24:00 PM,Vehicle - Vehicle,,BRANCH AVE,W RIVER ST,Ian Quinn,102,2025-05-21,"Two-Way , Not Divided",Dry,Daylight,Clear,Rear End(Front-to-Rear),No,No Controls,5,1,Complains Of Pain,2,4,41.84706,-71.41303
924500,2025-00037551,2025-05-21,4:40:00 PM,Vehicle - Vehicle,,FRANCIS ST,MEMORIAL BLVD,Christian Main,145,2025-05-21,"Two-Way, Divided, Positive Median Barrier",Dry,Daylight,Clear,Angle (Front - to - Side) Right Angle (Includes Broadside),No,Traffic Control Signal,2,0,No Injury,2,3,,
924501,2025-00037557,2025-05-21,5:03:00 PM,Vehicle - Parked Vehicle,,CHARLES STREET,HAWKINS ST,Ian Quinn,102,2025-05-21,"Two-Way , Not Divided",Dry,Daylight,Clear,Rear End(Front-to-Rear),"Yes, M/V and Driver Left Scene",No Controls,1,0,Unknown,2,2,41.85128,-71.42014
924502,2025-00037587,2025-05-21,7:03:00 PM,Vehicle - Vehicle,,CHARLES ST,ORMS ST,Patrick Hourahan,243,2025-05-21,"Two-Way , Not Divided",Dry,Daylight,Cloudy,"Sidwswipe, Opposite Direction",No,Traffic Control Signal,3,0,No Injury,2,,41.83487,-71.41146
924492,2025-00037489,2025-05-21,1:31:00 PM,Vehicle - Parked Vehicle,,DUNFORD STREET,PLAINFIELD STREET,Patrolwoman Addai,513,2025-05-21,"Two-Way , Not Divided",Dry,Daylight,Clear,Not a Collision Between Two Motor Vehicles in Transport,No,No Controls,4,0,No Injury,2,2,,
924493,2025-00037505,2025-05-21,2:28:00 PM,Vehicle - Vehicle,,ADMIRAL ST,CHARLES ST,Ptlm. Castagliuolo,351,2025-05-21,"Two-Way , Not Divided",Dry,Daylight,Cloudy,Rear End(Front-to-Rear),"Yes, M/V and Driver Left Scene",Traffic Control Signal,2,0,No Injury,3,,41.84066,-71.4176
924495,2025-00037509,2025-05-21,2:23:00 PM,Vehicle - Parked Vehicle,,524 cranston st,BELLEVUE AVE,Serge Bouyssou,105,2025-05-21,"Two-Way , Not Divided",Dry,Daylight,Cloudy,Rear End(Front-to-Rear),No,No Controls,2,0,No Injury,2,,41.80899,-71.43398
924481,2025-00037408,2025-05-21,7:23:00 AM,Vehicle - Parked Vehicle,,MADISON ST,HUNTINGTON AVE,Matthew LeClerc,180,2025-05-21,"Two-Way , Not Divided",Dry,Daylight,Clear,"Sideswipe, Same Direction","Yes, M/V and Driver Left Scene",No Controls,1,0,Unknown,2,2,41.80046,-71.43009
924483,2025-00037413,2025-05-21,7:55:00 AM,Vehicle - Vehicle,,CHARLES ST,RANDALL ST,Thiago Gomes,532,2025-05-21,"Two-Way , Not Divided",Dry,Daylight,Cloudy,Rear End(Front-to-Rear),No,Traffic Control Signal,2,0,No Injury,2,5,41.83608,-71.41205
924485,2025-00037428,2025-05-21,9:15:00 AM,Vehicle - Parked Vehicle,,24 Dickens Street,Dickens Street,James Lanier,211,2025-05-21,"Two-Way , Not Divided",Dry,Daylight,Clear,Rear End(Front-to-Rear),"Yes, M/V and Driver Left Scene",No Controls,1,0,Unknown,2,1,,
924486,2025-00037424,2025-05-21,9:01:00 AM,Vehicle - Vehicle,,CRANSTON ST,HANOVER ST,Matthew LeClerc,180,2025-05-21,"Two-Way , Not Divided",Dry,Daylight,Cloudy,Rear - to - Side,No,No Controls,3,0,No Injury,2,,41.80931,-71.4337
924488,2025-00037468,2025-05-21,12:24:00 PM,Vehicle - Vehicle,,Eddy St,POINT ST,Alexander Wagoner,541,2025-05-21,"Two-Way , Not Divided",Dry,Daylight,Cloudy,"Sideswipe, Same Direction",No,Traffic Control Signal,2,0,No Injury,2,,41.81694,-71.40653
924489,2025-00037484,2025-05-21,1:16:00 PM,Vehicle - Vehicle,,207 Wickenden,,Martin Hames,536,2025-05-21,"Two-Way , Not Divided",Dry,Daylight,Cloudy,Rear End(Front-to-Rear),No,No Controls,3,0,No Injury,2,,,
924490,2025-00037486,2025-05-21,1:20:00 PM,Vehicle - Vehicle,,EDDY ST,EDDY ST,Ptlm. Castagliuolo,351,2025-05-21,"Two-Way , Not Divided",Dry,Daylight,Cloudy,Rear End(Front-to-Rear),No,No Controls,4,2,Complains Of Pain,2,,41.81179,-71.40707
924511,2025-00037466,2025-05-21,12:13:00 PM,Vehicle - Vehicle,,OXFORD ST,EDDY ST,Michelle Nunez,140,2025-05-22,"Two-Way , Not Divided",Dry,Daylight,Clear,Other,No,No Controls,3,0,No Injury,2,,41.80316,-71.40639
924520,2025-00037616,2025-05-21,9:33:00 PM,Vehicle - Parked Vehicle,,SPRUCE ST,DEAN ST,Kelsa Heron,133,2025-05-22,One-Way Trafficway,Dry,Dark - Lighted,Clear,"Sideswipe, Same Direction",No,No Controls,2,0,No Injury,2,,41.82418,-71.42509
924836,2025-00040160,2025-05-21,3:53:00 PM,Vehicle - Vehicle,,DEAN ST,ATWELLS AVE,Quincy Griffin,970,2025-06-02,"Two-Way , Not Divided",Dry,Daylight,Clear,Rear End(Front-to-Rear),No,Traffic Control Signal,2,1,Complains Of Pain,2,,41.82341,-71.42423
924832,2025-00040257,2025-05-20,6:55:00 PM,Vehicle - Vehicle,,ADMIRAL ST,EVA ST,Quincy Griffin,970,2025-06-02,"Two-Way , Not Divided",Dry,Daylight,Clear,Other,"Yes, M/V and Driver Left Scene",No Controls,2,0,No Injury,2,,41.84683,-71.43302
924535,2025-00037756,2025-05-20,1:35:00 PM,Vehicle - Parked Vehicle,,BROAD ST,WHITMARSH ST,Quincy Griffin,970,2025-05-23,"Two-Way , Not Divided",Dry,Daylight,Rain,Unknown,"Yes, M/V and Driver Left Scene",No Controls,1,0,Unknown,2,,41.80616,-71.41992
924581,2025-00037249,2025-05-20,3:46:00 PM,Vehicle - Pedestrian,Pedestrian,SUMTER ST,NIAGARA ST,Ruben Morales,685,2025-05-24,"Two-Way , Not Divided",Dry,Daylight,Clear,Angle (Front - to - Side) Right Angle (Includes Broadside),No,Stop Signs,4,4,Complains Of Pain,2,,41.7967,-71.41757
924491,2025-00036880,2025-05-20,12:33:00 PM,Vehicle - Parked Vehicle,,EDDY ST,OHIO AVE,Victor Tavarez,564,2025-05-21,"Two-Way, Divided, Unprotected (painted>4feet) Medium",Dry,Daylight,Clear,"Sideswipe, Same Direction","Yes, M/V and Driver Left Scene",No Controls,3,0,No Injury,2,,41.78868,-71.40271
924464,2025-00037245,2025-05-20,3:30:00 PM,Vehicle - Vehicle,,EDDY ST,BROOM ST,Andrew Brodeur,158,2025-05-20,"Two-Way , Not Divided",Dry,Daylight,Clear,Angle (Front - to - Side) Right Angle (Includes Broadside),No,No Controls,2,0,No Injury,2,2,,
924466,2025-00037248,2025-05-20,3:44:00 PM,Vehicle - Vehicle,,WESTMINSTER ST,TOBEY ST,N Ayala,122,2025-05-20,"Two-Way, Divided, Unprotected (painted>4feet) Medium",Dry,Daylight,Cloudy,Angle (Front - to - Side) Right Angle (Includes Broadside),No,No Controls,3,0,No Injury,2,,41.81618,-71.43466
924468,2025-00037224,2025-05-20,3:00:00 PM,Vehicle - Vehicle,,FRANCIS ST,MEMORIAL BLVD,Christian Main,145,2025-05-20,"Two-Way, Divided, Positive Median Barrier",Dry,Daylight,Clear,Angle (Front - to - Side) Right Angle (Includes Broadside),No,Traffic Control Signal,5,0,No Injury,2,3,,
924469,2025-00032781,2025-05-20,5:00:00 PM,Vehicle - Vehicle,,306 Charles St.,,Mark Roman,120,2025-05-20,"Two-Way , Not Divided",Dry,Daylight,Clear,Angle (Front - to - Side) Same Direction,"Yes, M/V and Driver Left Scene",No Controls,1,0,No Injury,2,,,
924470,2025-00037256,2025-05-20,4:00:00 PM,Vehicle - Vehicle,,ALLENS AVE,THURBERS AVE,Andrew Brodeur,158,2025-05-20,"Two-Way , Not Divided",Dry,Daylight,Clear,Rear End(Front-to-Rear),No,No Controls,2,0,No Injury,2,2,,
924471,2025-00037250,2025-05-20,3:51:00 PM,Vehicle - Vehicle,,ANGELL ST,HOPE ST,Luis Pelaez,336,2025-05-20,One-Way Trafficway,Dry,Daylight,Cloudy,Rear End(Front-to-Rear),"Yes, M/V and Driver Left Scene",No Controls,3,0,No Injury,2,,41.82837,-71.3978
924497,2025-00037274,2025-05-20,4:51:00 PM,Vehicle - Vehicle,,676 Broad St,,Brandon McDonnell,620,2025-05-21,"Two-Way , Not Divided",Dry,Daylight,Clear,Rear End(Front-to-Rear),No,No Controls,3,1,Complains Of Pain,2,,,
924473,2025-00037310,2025-05-20,7:20:00 PM,Vehicle - Vehicle,,PITMAN ST,E RIVER ST,Luis Pelaez,336,2025-05-20,Unknown,Dry,Dusk,Cloudy,Rear - to - Rear,"Yes, M/V and Driver Left Scene",No Controls,1,0,Unknown,2,,41.82682,-71.38243
924474,2025-00036332,2025-05-20,10:00:00 PM,Vehicle - Parked Vehicle,,SALMON ST,SALMON ST,Pedro Saravia,611,2025-05-20,"Two-Way , Not Divided",Dry,Dark - Lighted,Clear,Angle (Front - to - Side) Opposite Direction,No,No Controls,2,0,Unknown,2,,41.82388,-71.45672
924475,2025-00037333,2025-05-20,8:46:00 PM,Vehicle - Parked Vehicle,,DOUGLAS AVE,DOUGLAS AVE,Lucas Ramalho,507,2025-05-20,"Two-Way , Not Divided",Dry,Dark - Lighted,Clear,"Sideswipe, Same Direction","Yes, Driver Left Scene",No Controls,3,1,Complains Of Pain,2,,41.84698,-71.43009
924476,2025-00037314,2025-05-20,7:37:00 PM,Vehicle - Pedestrian,Pedestrian,SOUTH ST,CHESTNUT ST,Matthew Kelley,186,2025-05-20,"Two-Way , Not Divided",Dry,Dusk,Cloudy,"Sideswipe, Same Direction","Yes, M/V and Driver Left Scene",No Controls,2,0,No Injury,2,,41.81711,-71.40851
924478,2025-00037362,2025-05-20,10:48:00 PM,Vehicle - Vehicle,,CHARLES ST,CHARLES ST,Abdiel Mendez,652,2025-05-21,One-Way Trafficway,Dry,Dark - Lighted,Clear,"Sideswipe, Same Direction",No,No Controls,3,0,No Injury,2,,41.83773,-71.41413
924479,2025-00037360,2025-05-20,10:38:00 PM,Vehicle - Pedestrian,Pedestrian,ATWELLS AVE,DEAN ST,Antonio Valdez,659,2025-05-21,"Two-Way, Divided, Unprotected (painted>4feet) Medium",Dry,Dark - Lighted,Clear,"Sideswipe, Same Direction","Yes, M/V and Driver Left Scene",Traffic Control Signal,2,0,No Injury,2,,41.82339,-71.4242
924454,2025-00037103,2025-05-20,3:49:00 AM,Vehicle - Pedestrian,Pedestrian,N MAIN ST,7TH ST,Gabrielle O'Loughlin,680,2025-05-20,Unknown,Dry,Dark - Lighted,Clear,Angle (Front - to - Side) Opposite Direction,"Yes, M/V and Driver Left Scene",No Controls,4,2,Complains Of Pain,2,,41.85349,-71.40093
924459,2025-00037168,2025-05-20,10:43:00 AM,Vehicle - Vehicle,,CLIFFORD ST,DORRANCE ST,Ptlw. Kawejsza,118,2025-05-20,"Two-Way, Divided, Unprotected (painted>4feet) Medium",Dry,Daylight,Cloudy,Rear End(Front-to-Rear),No,Traffic Control Signal,3,1,Complains Of Pain,2,,41.82155,-71.40882
925071,2025-00043395,2025-05-20,8:00:00 AM,Vehicle - Vehicle,,EDDY ST,,Jason Clancy,999,2025-06-10,Unknown,Dry,Daylight,Clear,Unknown,"Yes, M/V and Driver Left Scene",Unknown,1,0,Unknown,2,,,
925233,2025-00045419,2025-05-19,6:28:00 PM,Vehicle - Vehicle,,CELIA ST,HARTFORD AVE,Quincy Griffin,970,2025-06-16,"Two-Way , Not Divided",Dry,Daylight,Clear,Rear End(Front-to-Rear),"Yes, M/V and Driver Left Scene",Traffic Control Signal,3,0,Unknown,2,,41.82,-71.46773
924460,2025-00037156,2025-05-19,1:10:00 PM,Vehicle - Parked Vehicle,,REGENT AVE,LISBON ST,Jason Clancy,999,2025-05-20,Unknown,Dry,Daylight,Clear,Unknown,"Yes, M/V and Driver Left Scene",Unknown,4,3,Complains Of Pain,2,,41.83161,-71.43393
924463,2025-00037160,2025-05-19,3:07:00 PM,Vehicle - Vehicle,,MARCH ST,CHAD BROWN ST,Jason Clancy,999,2025-05-20,"Two-Way , Not Divided",Dry,Daylight,Clear,Rear End(Front-to-Rear),No,Unknown,3,1,Complains Of Pain,2,,41.84026,-71.42436
924453,2025-00037047,2025-05-19,9:58:00 PM,Vehicle - Object,,CRANDALL ST,AUGUSTA ST,Lane,109,2025-05-19,"Two-Way , Not Divided",Dry,Dark - Lighted,Clear,Not a Collision Between Two Motor Vehicles in Transport,"Yes, Driver Left Scene",No Controls,0,0,Unknown,1,,41.85078,-71.43929
924442,2025-00036909,2025-05-19,2:54:00 PM,Vehicle - Vehicle,,ATWELLS AVE,NEWTON ST,Terrence Gibson,610,2025-05-19,"Two-Way , Not Divided",Dry,Daylight,Clear,Rear - to - Side,No,No Controls,2,0,No Injury,2,,41.82327,-71.42226
924443,2025-00036940,2025-05-19,3:45:00 PM,Vehicle - Vehicle,,Hope St,POWER ST,Tyler Calandra,418,2025-05-19,"Two-Way , Not Divided",Dry,Daylight,Clear,Rear End(Front-to-Rear),"Yes, M/V and Driver Left Scene",No Controls,2,2,Complains Of Pain,2,,41.82309,-71.39699
924444,2025-00036952,2025-05-19,4:25:00 PM,Vehicle - Vehicle,,37 EATON STREET,OAKLAND AVE,Louis Prete,522,2025-05-19,"Two-Way, Divided, Unprotected (painted>4feet) Medium",Dry,Daylight,Clear,"Sideswipe, Same Direction",No,No Controls,5,0,No Injury,3,,,
924447,2025-00036936,2025-05-19,3:45:00 PM,Vehicle - Vehicle,,KILLINGLY ST,HARTFORD AVE,Peyton Ginolfi,657,2025-05-19,"Two-Way , Not Divided",Dry,Daylight,Clear,Rear End(Front-to-Rear),No,Traffic Control Signal,5,3,Complains Of Pain,3,,41.81985,-71.46885
924448,2025-00036925,2025-05-19,3:15:00 PM,Vehicle - Vehicle,,DETROIT AVE,BYFIELD ST,Raymond Criner,340,2025-05-19,"Two-Way , Not Divided",Dry,Daylight,Clear,Angle - Direction Not Specified,No,Stop Signs,4,1,Complains Of Pain,2,,41.79439,-71.40993
924449,2025-00036943,2025-05-19,4:00:00 PM,Vehicle - Vehicle,,CHALKSTONE AVE,OSBORN ST,Mark Roman,120,2025-05-19,"Two-Way , Not Divided",Dry,Daylight,Clear,Rear End(Front-to-Rear),No,No Controls,3,0,No Injury,2,,41.83549,-71.42462
924450,2025-00036922,2025-05-19,2:43:00 PM,Vehicle - Vehicle,,AINSWORTH ST,DOUGLAS AVE,Johansell Montilla,627,2025-05-19,"Two-Way, Divided, Unprotected (painted>4feet) Medium",Dry,Daylight,Clear,Rear End(Front-to-Rear),"Yes, M/V and Driver Left Scene",Stop Signs,1,0,No Injury,2,,41.85565,-71.44157
924451,2025-00037015,2025-05-19,7:42:00 PM,Vehicle - Parked Vehicle,,THAYER ST,EUCLID AVE,Jared Guiot,608,2025-05-19,One-Way Trafficway,Dry,Dark - Lighted,Clear,Rear End(Front-to-Rear),No,No Controls,3,0,No Injury,2,,41.82863,-71.40072
924424,2025-00036786,2025-05-19,7:25:00 AM,Vehicle - Vehicle,,LESTER ST,HARRISON ST,Igor Barbosa,114,2025-05-19,"Two-Way, Divided, Unprotected (painted>4feet) Medium",Dry,Daylight,Clear,Angle (Front - to - Side) Right Angle (Includes Broadside),"Yes, M/V and Driver Left Scene",Stop Signs,2,0,No Injury,2,,41.81253,-71.4284
924425,2025-00036803,2025-05-19,8:40:00 AM,Vehicle - Pedestrian,Bicycle,BUTLER AVE,S ANGELL ST,Louis Gianfrancesco,350,2025-05-19,"Two-Way , Not Divided",Dry,Daylight,Clear,Angle (Front - to - Side) Right Angle (Includes Broadside),"Yes, M/V and Driver Left Scene",No Controls,1,0,No Injury,1,2,41.82947,-71.38504
924427,2025-00036800,2025-05-19,8:19:00 AM,Vehicle - Vehicle,,VALLEY ST,DELAINE ST,Damaris Sanchez,566,2025-05-19,"Two-Way , Not Divided",Dry,Daylight,Clear,Angle (Front - to - Side) Right Angle (Includes Broadside),No,Stop Signs,5,1,Complains Of Pain,2,,41.81951,-71.4405
924431,2025-00036876,2025-05-19,12:08:00 PM,Vehicle - Vehicle,,BLACKSTONE STREET,STANIFORD STREET,Flavio Tavares,371,2025-05-19,"Two-Way , Not Divided",Dry,Daylight,Cloudy,Other,No,No Controls,2,0,No Injury,2,,,
924432,2025-00036810,2025-05-19,9:00:00 AM,Vehicle - Parked Vehicle,,CAROLINA AVE,EDDY ST,Victor Tavarez,564,2025-05-19,"Two-Way , Not Divided",Dry,Daylight,Clear,"Sideswipe, Same Direction",No,No Controls,2,0,No Injury,2,,41.7905,-71.40272
924438,2025-00036804,2025-05-19,8:47:00 AM,Vehicle - Vehicle,,MORRIS AVE,FOREST ST,Yesenia Caba,549,2025-05-19,"Two-Way , Not Divided",Dry,Daylight,Clear,"Sideswipe, Same Direction",No,No Controls,3,0,No Injury,2,,41.84246,-71.39688
924439,2025-00036892,2025-05-19,1:14:00 PM,Vehicle - Parked Vehicle,,64 EAGLE STREET,KINSLEY AVE,Ybelis Gonzalez,376,2025-05-19,Unknown,Dry,Daylight,Clear,Not a Collision Between Two Motor Vehicles in Transport,No,No Controls,3,0,No Injury,2,,41.82532,-71.43523
924440,2025-00036903,2025-05-19,2:04:00 PM,Vehicle - Vehicle,,SMITHFIELD AVENUE OVERPASS,COLLEYER STREET,Joseph Madeira,552,2025-05-19,"Two-Way, Divided, Positive Median Barrier",Dry,Daylight,Clear,Rear End(Front-to-Rear),"Yes, Driver Left Scene",No Controls,2,1,Complains Of Pain,3,4,41.82678,-71.41886
924558,2025-00036973,2025-05-19,5:53:00 PM,Vehicle - Parked Vehicle,,57 Dora Street,,Conor Fleurant,171,2025-05-23,"Two-Way , Not Divided",Dry,Daylight,Clear,"Sideswipe, Same Direction","Yes, M/V and Driver Left Scene",No Controls,1,0,Unknown,2,,,
924512,2025-00036865,2025-05-19,11:47:00 AM,Vehicle - Vehicle,,CLIFFORD ST,RICHMOND ST,Lucio Andreozzi,381,2025-05-22,One-Way Trafficway,Dry,Daylight,Clear,Rear - to - Side,No,No Controls,4,0,No Injury,2,,41.82013,-71.41019
924630,2025-00037899,2025-05-19,11:30:00 AM,Vehicle - Parked Vehicle,,FRICKER ST,CRANSTON ST,Jason Clancy,999,2025-05-27,Unknown,Dry,Daylight,Clear,Head-On (Front - to - Front),"Yes, M/V and Driver Left Scene",Unknown,2,0,Unknown,2,,41.81629,-71.42153