CrashReportId,ReportNumber,CrashDate,CrashTime,TypeOfCollision,Collision Type,StreetOrHighway,NearestIntersection,Officer,Badge,ReportDate,TypeOfRoadway,RoadSurfaceCondition,LightCondition,WeatherCondition,MannerofImpact,HitAndRun,TrafficControl,PersonCount,InjuryCount,MostSeriousInjury,NumberofVehicles,NumberOfLanes,Latitude,Longitude
924607,2025-00036995,2025-05-19,6:31:00 PM,Vehicle - Parked Vehicle,,IDA ST,NYE ST,Peyton Ginolfi,657,2025-05-26,"Two-Way , Not Divided",Dry,Daylight,Clear,Rear - to - Side,"Yes, M/V and Driver Left Scene",No Controls,1,0,Unknown,2,,41.81683,-71.45782
924745,2025-00039897,2025-05-18,1:00:00 PM,Vehicle - Parked Vehicle,,DORA ST,WHITEHALL ST,Jason Clancy,999,2025-05-30,"Two-Way , Not Divided",Dry,Daylight,Clear,Unknown,"Yes, M/V and Driver Left Scene",Unknown,1,0,Unknown,2,,41.80906,-71.44446
924840,2025-00040498,2025-05-18,3:00:00 PM,Vehicle - Vehicle,,SILVER SPRING ST,,Jason Clancy,999,2025-06-02,Unknown,Dry,Daylight,Clear,Other,No,Unknown,2,0,Unknown,2,,,
924519,2025-00036559,2025-05-18,2:11:00 PM,Vehicle - Vehicle,,ROGER WIILIAMS AVE/ RESERVOIR AVE,ROGER WILLIAMS AVE,Andrew Mitura,605,2025-05-22,"Two-Way , Not Divided",Dry,Daylight,Clear,Rear End(Front-to-Rear),No,No Controls,3,0,No Injury,2,,41.78941,-71.42984
924435,2025-00036551,2025-05-18,2:00:00 PM,Vehicle - Object,,SABIN ST,,J Clancy,999,2025-05-19,Unknown,Dry,Daylight,Clear,Unknown,"Yes, M/V and Driver Left Scene",Unknown,1,0,Unknown,1,,,
924437,2025-00036825,2025-05-18,9:00:00 PM,Vehicle - Vehicle,,BRANCH AVE,TOURO ST,J Clancy,999,2025-05-19,"Two-Way , Not Divided",Dry,Dark - Unknown Lighting,Clear,Unknown,"Yes, M/V and Driver Left Scene",Unknown,2,0,Unknown,2,,41.84999,-71.41936
924452,2025-00036605,2025-05-18,5:18:00 PM,Vehicle - Vehicle,,244 Union Ave,,Conor Fleurant,171,2025-05-19,"Two-Way , Not Divided",Dry,Daylight,Clear,Rear - to - Side,No,No Controls,2,0,No Injury,2,,,
924455,2025-00036861,2025-05-18,12:00:00 AM,Vehicle - Parked Vehicle,,HARRISON ST,DURFEE ST,J Clancy,999,2025-05-20,"Two-Way , Not Divided",Dry,Dark - Unknown Lighting,Clear,Unknown,"Yes, M/V and Driver Left Scene",Unknown,1,0,Unknown,2,,41.81365,-71.4289
924405,2025-00036387,2025-05-18,12:10:00 AM,Vehicle - Pedestrian,Pedestrian,EXCHANGE ST,MEMORIAL BLVD,Patrolwoman Viera,678,2025-05-18,"Two-Way, Not Divided With a Continuous Left Turn Lane",Wet,Dark - Unknown Lighting,Rain,Rear End(Front-to-Rear),"Yes, M/V and Driver Left Scene",Traffic Control Signal,2,0,No Injury,2,,41.82676,-71.41204
924416,2025-00036534,2025-05-18,12:35:00 PM,Vehicle - Parked Vehicle,,JUSTICE ST,ACADEMY AVE,Jason Dennis,392,2025-05-18,"Two-Way , Not Divided",Dry,Daylight,Clear,"Sideswipe, Same Direction",No,No Controls,2,0,No Injury,2,,41.83488,-71.44403
924417,2025-00036554,2025-05-18,2:48:00 PM,Vehicle - Vehicle,,EATON STREET,TYNDALL STREET,Ian Quinn,102,2025-05-18,"Two-Way , Not Divided",Dry,Daylight,Clear,Angle (Front - to - Side) Right Angle (Includes Broadside),No,No Controls,3,0,No Injury,2,2,,
924418,2025-00036587,2025-05-18,3:59:00 PM,Vehicle - Vehicle,,FELIX ST,CHALKSTONE AVE,Ian Quinn,102,2025-05-18,"Two-Way , Not Divided",Dry,Daylight,Clear,"Sideswipe, Same Direction",No,No Controls,3,0,No Injury,2,2,41.83369,-71.42817
924419,2025-00036636,2025-05-18,6:21:00 PM,Vehicle - Parked Vehicle,,MESSER ST,CRANSTON ST,Terrence Gibson,610,2025-05-18,"Two-Way , Not Divided",Dry,Daylight,Clear,Angle (Front - to - Side) Opposite Direction,No,Stop Signs,2,0,No Injury,2,,41.80965,-71.43349
924413,2025-00036484,2025-05-18,7:53:00 AM,Vehicle - Vehicle,,BRIDGHAM ST,ELMWOOD AVE,Matthew LeClerc,180,2025-05-18,"Two-Way , Not Divided",Dry,Daylight,Clear,Angle (Front - to - Side) Right Angle (Includes Broadside),No,Traffic Control Signal,6,0,No Injury,2,4,41.81277,-71.42218
924421,2025-00036677,2025-05-18,8:22:00 PM,Vehicle - Vehicle,,PEARL ST,HAYWARD ST,Matthew Carlone,602,2025-05-18,"Two-Way , Not Divided",Dry,Dark - Lighted,Clear,Rear End(Front-to-Rear),"Yes, M/V and Driver Left Scene",No Controls,2,0,No Injury,2,,41.81471,-71.42088
924406,2025-00036351,2025-05-17,10:46:00 PM,Vehicle - Vehicle,,BROAD ST,CONGRESS AVE,Alexandra Dzialo,616,2025-05-18,"Two-Way , Not Divided",Wet,Dark - Lighted,Rain,Angle (Front - to - Side) Opposite Direction,"Yes, M/V and Driver Left Scene",Unknown,2,1,Complains Of Pain,2,,41.80103,-71.41804
924407,2025-00036044,2025-05-17,1:55:00 AM,Vehicle - Vehicle,,CARTER ST,VINEYARD ST,Ptlm. Carias,127,2025-05-18,"Two-Way, Divided, Unprotected (painted>4feet) Medium",Dry,Dark - Lighted,Clear,Rear End(Front-to-Rear),"Yes, M/V and Driver Left Scene",No Controls,3,1,Complains Of Pain,2,,,
924408,2025-00036369,2025-05-17,11:37:00 PM,Vehicle - Parked Vehicle,,Atwells Avenue,EUTAW ST,Angel Garcia,656,2025-05-18,"Two-Way, Divided, Unprotected (painted>4feet) Medium",Wet,Dark - Lighted,Rain,Angle (Front - to - Side) Same Direction,No,No Controls,2,0,No Injury,2,,41.82352,-71.42587
924386,2025-00036163,2025-05-17,11:45:00 AM,Vehicle - Parked Vehicle,,PLAIN ST,PUBLIC ST,Gustavo Genao,135,2025-05-17,"Two-Way , Not Divided",Dry,Dark - Lighted,Clear,"Sidwswipe, Opposite Direction","Yes, M/V and Driver Left Scene",No Controls,2,0,Unknown,2,,41.80681,-71.41003
924404,2025-00036374,2025-05-17,11:42:00 PM,Vehicle - Vehicle,,JOHN J PARTINGTON,BROAD STREET,Tyler Houlihan,617,2025-05-18,"Two-Way, Divided, Unprotected (painted>4feet) Medium",Wet,Dark - Not Lighted,Rain,"Sideswipe, Same Direction",No,No Controls,7,0,No Injury,2,,41.81422,-71.4199
924373,2025-00036039,2025-05-17,1:48:00 AM,Vehicle - Parked Vehicle,,LEO AVE,CHARLES ST,Johusua Nazario Feliz,142,2025-05-17,"Two-Way , Not Divided",Dry,Dark - Lighted,Clear,Angle (Front - to - Side) Same Direction,No,No Controls,3,0,No Injury,2,,41.85994,-71.42097
924383,2025-00036123,2025-05-17,9:11:00 AM,Vehicle - Vehicle,,Admiral St.,DOUGLAS AVE,Luis Garcia Colon,128,2025-05-17,"Two-Way , Not Divided",Dry,Daylight,Cloudy,Rear End(Front-to-Rear),No,No Controls,5,0,No Injury,2,,41.84607,-71.4291
924384,2025-00036115,2025-05-17,8:08:00 AM,Vehicle - Vehicle,,EXIT 22A (RT ),FRANCIS ST,Michael Baldassare,568,2025-05-17,One-Way Trafficway,Dry,Daylight,Cloudy,Angle (Front - to - Side) Same Direction,No,No Controls,2,0,No Injury,2,,41.82577,-71.41527
924389,2025-00036219,2025-05-17,3:36:00 PM,Vehicle - Vehicle,,SMITH ST,SMITH ST,David Palumbo,106,2025-05-17,"Two-Way , Not Divided",Dry,Daylight,Clear,Rear End(Front-to-Rear),No,No Controls,4,1,Complains Of Pain,2,,41.83611,-71.42902
924390,2025-00036210,2025-05-17,3:05:00 PM,Vehicle - Vehicle,,SMITHFIELD AVE EXIT,SMITHFIELD AVE,Michael Gammino,491,2025-05-17,"Two-Way, Not Divided With a Continuous Left Turn Lane",Dry,Daylight,Clear,Angle (Front - to - Side) Right Angle (Includes Broadside),No,No Controls,4,1,Complains Of Pain,2,,41.85493,-71.40475
924391,2025-00036209,2025-05-17,2:53:00 PM,Vehicle - Vehicle,,WESTMINSTER ST,MANTON AVE,Pedro Saravia,611,2025-05-17,"Two-Way , Not Divided",Dry,Daylight,Clear,Rear End(Front-to-Rear),No,No Controls,3,0,No Injury,2,,41.81676,-71.44316
924392,2025-00036229,2025-05-17,3:52:00 PM,Vehicle - Vehicle,,ALLSTON ST,RIVER AVE,Raleek Byfield,375,2025-05-17,"Two-Way , Not Divided",Dry,Daylight,Clear,Angle (Front - to - Side) Same Direction,No,Stop Signs,3,0,No Injury,2,,41.8298,-71.43651
924395,2025-00036016,2025-05-17,12:42:00 AM,Vehicle - Vehicle,,BROAD ST,BROAD ST,Ralph Abenante,511,2025-05-17,"Two-Way, Divided, Unprotected (painted>4feet) Medium",Dry,Dark - Lighted,Clear,Angle (Front - to - Side) Right Angle (Includes Broadside),No,No Controls,2,1,Non-Incapacitating,2,,41.81639,-71.41912
924396,2025-00036257,2025-05-17,5:08:00 PM,Vehicle - Vehicle,,95 N ON-RAMP,MEMORIAL BLVD,Christian Main,145,2025-05-17,"Two-Way, Divided, Positive Median Barrier",Dry,Daylight,Clear,Angle (Front - to - Side) Right Angle (Includes Broadside),"Yes, M/V and Driver Left Scene",No Controls,4,0,No Injury,2,3,,
924397,2025-00036300,2025-05-17,8:24:00 PM,Vehicle - Vehicle,,IVES ST,E TRANSIT ST,Ralph Abenante,511,2025-05-17,"Two-Way , Not Divided",Dry,Dusk,Cloudy,"Sideswipe, Same Direction",No,No Controls,3,0,No Injury,2,,41.82171,-71.39202
924398,2025-00036238,2025-05-17,4:28:00 PM,Vehicle - Object,,HUXLEY AVE,ADMIRAL ST,Jared Guiot,608,2025-05-17,"Two-Way , Not Divided",Dry,Daylight,Clear,Not a Collision Between Two Motor Vehicles in Transport,No,No Controls,2,0,No Injury,1,,41.84675,-71.43265
924399,2025-00036308,2025-05-17,8:40:00 PM,Vehicle - Parked Vehicle,,THURBERS AVE,ALLENS AVE,Nicholas Manfredi,343,2025-05-17,One-Way Trafficway,Dry,Dark - Lighted,Clear,Rear End(Front-to-Rear),No,Yield Signs,5,0,No Injury,2,,41.80085,-71.40053
924400,2025-00036327,2025-05-17,9:39:00 PM,Vehicle - Parked Vehicle,,Atwells avenue,DE PASQUALE AVE,Angel Garcia,656,2025-05-17,"Two-Way, Divided, Unprotected (painted>4feet) Medium",Dry,Dark - Lighted,Clear,Rear End(Front-to-Rear),"Yes, M/V and Driver Left Scene",No Controls,1,0,No Injury,2,,41.82361,-71.42715
924401,2025-00036370,2025-05-17,11:34:00 PM,Vehicle - Vehicle,,VANDEWATER ST,BRANCH AVE,Aidan Pendergast,651,2025-05-18,"Two-Way , Not Divided",Wet,Dark - Lighted,Rain,Angle (Front - to - Side) Opposite Direction,No,Stop Signs,4,0,No Injury,2,,41.85367,-71.42883
924375,2025-00036006,2025-05-17,1:22:00 AM,Vehicle - Vehicle,,PAVILION AVENUE,RUGBY ST,Tyler Houlihan,617,2025-05-17,"Two-Way , Not Divided",Dry,Dark - Not Lighted,Cloudy,Rear End(Front-to-Rear),No,No Controls,6,0,No Injury,3,,41.797,-71.40652
924376,2025-00036064,2025-05-17,2:47:00 AM,Vehicle - Pedestrian,Pedestrian,WASHINGTON ST,DORRANCE ST,Patrolwoman Viera,678,2025-05-17,"Two-Way, Divided, Unprotected (painted>4feet) Medium",Dry,Dark - Lighted,Clear,Other,"Yes, M/V and Driver Left Scene",Traffic Control Signal,2,0,No Injury,2,,41.82438,-71.41286
924377,2025-00036074,2025-05-17,3:19:00 AM,Vehicle - Parked Vehicle,,138 LINWOOD AVE,,Alexis Rosales,682,2025-05-17,"Two-Way , Not Divided",Dry,Dark - Lighted,Clear,Rear End(Front-to-Rear),No,No Controls,2,1,Complains Of Pain,2,2,,
924379,2025-00036052,2025-05-17,2:15:00 AM,Vehicle - Vehicle,,Farmington Ave,ETHAN ST,Kyle Baxter,634,2025-05-17,"Two-Way , Not Divided",Dry,Dark - Lighted,Clear,Angle (Front - to - Side) Same Direction,No,Stop Signs,8,3,Complains Of Pain,2,,41.80575,-71.46057
924380,2025-00036078,2025-05-17,2:00:00 AM,Vehicle - Pedestrian,Pedestrian,BROAD ST,BROAD ST,Alexandra Dzialo,616,2025-05-17,"Two-Way , Not Divided",Dry,Dark - Lighted,Clear,Not a Collision Between Two Motor Vehicles in Transport,No,Unknown,3,0,No Injury,1,,41.79187,-71.4068
924411,2025-00036179,2025-05-17,12:47:00 PM,Vehicle - Vehicle,,EDDY ST,THURBERS AVE,Hansel Ventura,570,2025-05-18,"Two-Way , Not Divided",Dry,Daylight,Clear,"Sidwswipe, Opposite Direction",No,No Controls,4,0,No Injury,2,,41.79998,-71.40585
924429,2025-00036514,2025-05-17,11:30:00 AM,Vehicle - Vehicle,,MANTON AVE,CHAFFEE ST,J. Clancy,999,2025-05-19,"Two-Way , Not Divided",Dry,Daylight,Clear,Unknown,No,Unknown,2,1,Complains Of Pain,2,,41.81874,-71.44566
925173,2025-00044447,2025-05-16,4:10:00 PM,Vehicle - Vehicle,,WARRINGTON ST,ELMWOOD AVE,Jason Clancy,999,2025-06-13,"Two-Way , Not Divided",Dry,Daylight,Clear,Unknown,"Yes, M/V and Driver Left Scene",Unknown,1,0,Unknown,2,,41.79334,-71.42354
924433,2025-00035853,2025-05-16,3:46:00 PM,Vehicle - Vehicle,,FRANCIS ST,AMERICAN EXPRESS PLZ,J Clancy,999,2025-05-19,"Two-Way , Not Divided",Wet,Daylight,Cloudy,"Sideswipe, Same Direction","Yes, M/V and Driver Left Scene",No Controls,1,0,Unknown,2,,41.82811,-71.41532
924434,2025-00036097,2025-05-16,,Vehicle - Parked Vehicle,,MANTON AVE,MANTON AVE,J Clancy,999,2025-05-19,"Two-Way , Not Divided",Wet,Unknown,Cloudy,Rear End(Front-to-Rear),"Yes, M/V and Driver Left Scene",Unknown,1,0,Unknown,2,,,
924458,2025-00035598,2025-05-16,9:33:00 PM,Vehicle - Vehicle,,WAYNE ST,CHALKSTONE AVE,Ryan Fernandes,125,2025-05-20,"Two-Way, Divided, Unprotected (painted>4feet) Medium",Dry,Dark - Lighted,Clear,Angle (Front - to - Side) Right Angle (Includes Broadside),"Yes, M/V and Driver Left Scene",Traffic Control Signal,2,1,Complains Of Pain,2,,41.83607,-71.41967
924518,2025-00035799,2025-05-16,2:22:00 PM,Vehicle - Vehicle,,ELMWOOD AVE/ HEMPSTEAD ST,HEMPSTEAD ST,Andrew Mitura,605,2025-05-22,"Two-Way , Not Divided",Dry,Daylight,Clear,"Sideswipe, Same Direction",No,No Controls,4,0,No Injury,2,,41.78993,-71.42169
924508,2025-00037539,2025-05-16,11:45:00 PM,Vehicle - Parked Vehicle,,100 PINE ST,PINE ST,Quincy Griffin,970,2025-05-22,Unknown,Dry,Dark - Lighted,Clear,Unknown,"Yes, M/V and Driver Left Scene",No Controls,1,0,Unknown,2,,,
924381,2025-00035788,2025-05-16,1:50:00 PM,Vehicle - Vehicle,,400 RESERVOIR AVE,STATE HWY 10 N,Hansel Ventura,570,2025-05-17,"Two-Way , Not Divided",Dry,Daylight,Clear,"Sidwswipe, Opposite Direction",No,No Controls,3,0,No Injury,2,,41.78736,-71.43265
924382,2025-00035791,2025-05-16,2:00:00 PM,Vehicle - Vehicle,,N. MAIN STREET,SMITH ST,George Pereira,421,2025-05-17,One-Way Trafficway,Dry,Daylight,Clear,"Sideswipe, Same Direction",No,No Controls,4,0,No Injury,2,,41.83158,-71.41065
924378,2025-00035964,2025-05-16,10:04:00 PM,Vehicle - Parked Vehicle,,MORNING STAR ROW,PINE ST,Lucas Ramalho,507,2025-05-17,"Two-Way , Not Divided",Dry,Dark - Lighted,Clear,Not a Collision Between Two Motor Vehicles in Transport,"Yes, M/V and Driver Left Scene",No Controls,4,0,No Injury,2,,41.81155,-71.42001
924363,2025-00035844,2025-05-16,4:28:00 PM,Vehicle - Vehicle,,JUSTICE ST,PLEASANT VALLEY PKWY,Atanael Lara,129,2025-05-16,"Two-Way , Not Divided",Dry,Daylight,Clear,"Sidwswipe, Opposite Direction",No,Stop Signs,3,0,No Injury,2,,41.83493,-71.44317
924364,2025-00035857,2025-05-16,5:03:00 PM,Vehicle - Parked Vehicle,,MARION AVE,BROAD ST,Nicholas Manfredi,343,2025-05-16,"Two-Way , Not Divided",Dry,Daylight,Clear,"Sideswipe, Same Direction",No,No Controls,2,0,No Injury,2,,41.78787,-71.40335
924366,2025-00035915,2025-05-16,7:24:00 PM,Vehicle - Vehicle,,BRANCH AVE,W RIVER ST,Matthew Labutti,104,2025-05-16,"Two-Way , Not Divided",Dry,Daylight,Clear,Rear End(Front-to-Rear),No,Traffic Control Signal,3,0,No Injury,2,,41.8467,-71.41228
924367,2025-00035812,2025-05-16,3:04:00 PM,Vehicle - Vehicle,,633 NORTH MAIN STREET,OLNEY ST,Ricardo Sanchez,632,2025-05-16,Unknown,Dry,Daylight,Clear,Rear End(Front-to-Rear),No,No Controls,3,0,No Injury,2,,41.83635,-71.40966
924368,2025-00035858,2025-05-16,5:07:00 PM,Vehicle - Vehicle,,DIKE ST,SERVICE ROAD 3,Jared Guiot,608,2025-05-16,"Two-Way , Not Divided",Dry,Daylight,Clear,"Sidwswipe, Opposite Direction",No,No Controls,5,0,No Injury,2,,41.81557,-71.44108
924369,2025-00035908,2025-05-16,6:56:00 PM,Vehicle - Vehicle,,PUTNAM ST,KOSSUTH ST,Alexander Frias,669,2025-05-16,"Two-Way , Not Divided",Dry,Daylight,Clear,"Sideswipe, Same Direction","Yes, M/V and Driver Left Scene",No Controls,1,0,No Injury,2,,41.8219,-71.44415
924370,2025-00035956,2025-05-16,9:38:00 PM,Vehicle - Vehicle,,ADMIRAL ST,DOUGLAS AVE,Darlin Hernandez,148,2025-05-16,"Two-Way , Not Divided",Dry,Dark - Lighted,Clear,Angle (Front - to - Side) Same Direction,"Yes, M/V and Driver Left Scene",No Controls,2,0,Unknown,2,,41.84605,-71.429
924371,2025-00035826,2025-05-16,3:47:00 PM,Vehicle - Vehicle,,WENDELL ST,SUPERIOR ST,Pedro Saravia,611,2025-05-16,"Two-Way , Not Divided",Dry,Daylight,Clear,"Sideswipe, Same Direction",No,No Controls,3,0,No Injury,2,,41.81125,-71.43297
924372,2025-00035939,2025-05-16,8:40:00 PM,Vehicle - Vehicle,,SMITHFIELD AVENUE,SMITHFIELD AVE,Ricardo Sanchez,632,2025-05-16,"Two-Way , Not Divided",Dry,Dark - Lighted,Clear,Rear End(Front-to-Rear),No,No Controls,5,1,Complains Of Pain,2,2,41.85609,-71.40836
924347,2025-00035655,2025-05-16,1:20:00 AM,Vehicle - Parked Vehicle,,RHODES ST,ALPHONSO ST,Thomas O'Mara,650,2025-05-16,"Two-Way , Not Divided",Dry,Dark - Lighted,Clear,Rear End(Front-to-Rear),No,No Controls,2,0,No Injury,2,,41.80765,-71.40877
924348,2025-00035695,2025-05-16,7:51:00 AM,Vehicle - Vehicle,,Smith Street,Ruggles Street,James Lanier,211,2025-05-16,"Two-Way, Divided, Unprotected (painted>4feet) Medium",Dry,Daylight,Clear,Angle (Front - to - Side) Right Angle (Includes Broadside),No,Stop Signs,4,0,No Injury,2,1,,
924350,2025-00035709,2025-05-16,8:56:00 AM,Vehicle - Vehicle,,ELMWOOD AVE,CADILLAC DR,Hansel Ventura,570,2025-05-16,"Two-Way , Not Divided",Dry,Daylight,Clear,Angle (Front - to - Side) Right Angle (Includes Broadside),No,Stop Signs,5,1,Complains Of Pain,2,,41.78916,-71.42126
924354,2025-00035698,2025-05-16,7:59:00 AM,Vehicle - Vehicle,,BRADFORD ST,ATWELLS AVE,Hildenise Espanol,137,2025-05-16,"Two-Way , Not Divided",Dry,Daylight,Clear,Angle (Front - to - Side) Opposite Direction,No,Stop Signs,2,2,Complains Of Pain,2,,41.82323,-71.42178
924355,2025-00035745,2025-05-16,11:32:00 AM,Vehicle - Vehicle,,SMITH STREET,MERIDIAN STREET,Giuseppe Scarcello,485,2025-05-16,"Two-Way , Not Divided",Dry,Daylight,Cloudy,Other,No,No Controls,2,0,No Injury,2,,41.82233,-71.43598
924356,2025-00035773,2025-05-16,1:06:00 PM,Vehicle - Vehicle,,1049 Atwells ave,LYNCH ST,Ybelis Gonzalez,376,2025-05-16,"Two-Way , Not Divided",Dry,Daylight,Clear,"Sidwswipe, Opposite Direction",No,No Controls,3,0,No Injury,2,,41.82525,-71.45245
924357,2025-00035728,2025-05-16,10:26:00 AM,Vehicle - Vehicle,,BERKSHIRE ST,SALINA ST,Christopher Hines,537,2025-05-16,"Two-Way , Not Divided",Dry,Daylight,Clear,Head-On (Front - to - Front),No,Stop Signs,2,0,No Injury,2,,41.84485,-71.42267
924359,2025-00035793,2025-05-16,2:05:00 PM,Vehicle - Pedestrian,Pedestrian,DRYDEN LN,BRANCH AVE,Ptlm. Castagliuolo,351,2025-05-16,"Two-Way , Not Divided",Dry,Daylight,Clear,Not a Collision Between Two Motor Vehicles in Transport,No,Pavement Markings,3,1,Non-Incapacitating,1,,41.84294,-71.40847
924360,2025-00035806,2025-05-16,2:51:00 PM,Vehicle - Vehicle,,DEAN ST EXIT,DEAN ST,Kelsey Woodbine,633,2025-05-16,One-Way Trafficway,Dry,Daylight,Clear,"Sideswipe, Same Direction",No,No Controls,4,0,No Injury,2,,41.82445,-71.42536
924361,2025-00035817,2025-05-16,3:22:00 PM,Vehicle - Vehicle,,BRANCH AVE,VEAZIE ST,D. Hernandez,148,2025-05-16,"Two-Way , Not Divided",Dry,Daylight,Clear,Angle (Front - to - Side) Opposite Direction,"Yes, M/V and Driver Left Scene",No Controls,2,0,Unknown,2,,41.85469,-71.43436
924402,2025-00035675,2025-05-16,4:33:00 AM,Vehicle - Object,,CRANSTON ST,HUNTINGTON AVE,Lawrence TyHanson,684,2025-05-17,One-Way Trafficway,Dry,Dark - Lighted,Clear,Angle (Front - to - Side) Right Angle (Includes Broadside),Unknown,No Controls,1,0,No Injury,1,,41.80373,-71.43926
924385,2025-00035784,2025-05-16,1:35:00 PM,Vehicle - Parked Vehicle,,BROAD ST,BROAD ST,Gustavo Genao,135,2025-05-17,"Two-Way , Not Divided",Dry,Daylight,Clear,"Sideswipe, Same Direction","Yes, M/V and Driver Left Scene",No Controls,3,0,No Injury,2,,41.80525,-71.41963
924374,2025-00035948,2025-05-16,9:20:00 PM,Vehicle - Parked Vehicle,,CORTEZ ST,BALTIMORE ST,Michael Sullivan,347,2025-05-17,"Two-Way , Not Divided",Dry,Dark - Lighted,Clear,Not a Collision Between Two Motor Vehicles in Transport,"Yes, M/V and Driver Left Scene",No Controls,2,0,Unknown,2,2,41.83082,-71.46257
924387,2025-00035924,2025-05-16,7:44:00 PM,Vehicle - Parked Vehicle,,CRANSTON ST,ANTHONY AVE,Pedro Saravia,611,2025-05-17,"Two-Way , Not Divided",Dry,Daylight,Clear,"Sidwswipe, Opposite Direction",No,No Controls,3,0,No Injury,2,,41.80444,-71.43846
924409,2025-00035834,2025-05-16,4:19:00 PM,Vehicle - Vehicle,,chalkstone ave,OAKLAND AVE,Hannabeth Mendez,675,2025-05-18,"Two-Way , Not Divided",Dry,Daylight,Clear,"Sideswipe, Same Direction",No,Traffic Control Signal,2,0,No Injury,2,,41.8342,-71.4302
924410,2025-00035989,2025-05-16,11:33:00 PM,Vehicle - Parked Vehicle,,federal street,PEQUOT ST,Angel Garcia,656,2025-05-18,"Two-Way, Divided, Unprotected (painted>4feet) Medium",Dry,Dark - Lighted,Clear,"Sideswipe, Same Direction","Yes, M/V and Driver Left Scene",No Controls,1,0,No Injury,2,,41.82226,-71.42295
924415,2025-00035757,2025-05-16,12:03:00 PM,Vehicle - Vehicle,,DORRANCE ST,DYER ST,Lucio Andreozzi,381,2025-05-18,"Two-Way, Divided, Unprotected (painted>4feet) Medium",Dry,Daylight,Clear,Rear End(Front-to-Rear),No,Traffic Control Signal,5,0,No Injury,2,,41.82117,-71.40853
924790,2025-00035864,2025-05-16,5:20:00 PM,Vehicle - Vehicle,,KINSLEY AVE,ACORN ST,Saramarie Cerullo,151,2025-05-31,"Two-Way, Divided, Unprotected (painted>4feet) Medium",Dry,Daylight,Clear,Rear End(Front-to-Rear),No,Yield Signs,2,0,No Injury,2,,41.82839,-71.42868
926305,2025-00057407,2025-05-15,2:30:00 AM,Vehicle - Pedestrian,Pedestrian,W FRIENDSHIP ST,BROAD ST,Jason Clancy,999,2025-07-24,"Two-Way , Not Divided",Dry,Dark - Unknown Lighting,Clear,Other,"Yes, M/V and Driver Left Scene",Unknown,1,1,Incapacitating,1,,41.80977,-71.42101
924362,2025-00035580,2025-05-15,8:26:00 PM,Vehicle - Parked Vehicle,,1 PROVIDENCE PL,MALL PARKING GARAGE,Christian Main,145,2025-05-16,Unknown,Dry,Dark - Lighted,Clear,Not a Collision Between Two Motor Vehicles in Transport,"Yes, M/V and Driver Left Scene",No Controls,1,0,Unknown,2,,,
924328,2025-00035418,2025-05-15,12:05:00 PM,Vehicle - Vehicle,,BLACKSTONE BLVD,EAST AVE,Ptlm. Castagliuolo,351,2025-05-15,"Two-Way , Not Divided",Wet,Daylight,Cloudy,Rear End(Front-to-Rear),No,Stop Signs,3,1,Complains Of Pain,2,,41.85668,-71.39116
924329,2025-00035358,2025-05-15,7:01:00 AM,Vehicle - Parked Vehicle,,140 ATLANTIC AVE,,Matthew Sheridan,229,2025-05-15,"Two-Way , Not Divided",Wet,Daylight,Rain,Not a Collision Between Two Motor Vehicles in Transport,No,No Controls,2,0,No Injury,2,,,
924330,2025-00035364,2025-05-15,7:53:00 AM,Vehicle - Vehicle,,CHARLES ST,RANDALL SQ,Yesenia Caba,549,2025-05-15,One-Way Trafficway,Wet,Daylight,Rain,Rear - to - Side,No,Stop Signs,3,0,No Injury,2,,41.83609,-71.41186
924331,2025-00035422,2025-05-15,12:35:00 PM,Vehicle - Vehicle,,WABUN VENUE,ACADEMY AVENUE,Giuseppe Scarcello,485,2025-05-15,"Two-Way , Not Divided",Wet,Daylight,Cloudy,Unknown,"Yes, M/V and Driver Left Scene",No Controls,1,0,Unknown,2,,41.81599,-71.43961
924365,2025-00035577,2025-05-15,8:07:00 PM,Vehicle - Vehicle,,PEMBERTON ST,FAIRVIEW ST,Kelsey Woodbine,633,2025-05-16,"Two-Way , Not Divided",Dry,Dark - Lighted,Clear,Rear End(Front-to-Rear),"Yes, M/V and Driver Left Scene",No Controls,1,0,Unknown,2,,41.82921,-71.44554
924352,2025-00035489,2025-05-15,9:35:00 AM,Vehicle - Vehicle,,CHAD BROWN ST,RUGGLES ST,J Clancy,999,2025-05-16,"Two-Way , Not Divided",Wet,Daylight,Rain,"Sidwswipe, Opposite Direction","Yes, M/V and Driver Left Scene",Unknown,1,0,Unknown,2,,41.8386,-71.42803
924319,2025-00035359,2025-05-15,7:24:00 AM,Vehicle - Vehicle,,Carpenter Street,DEAN ST,Mario Andrade,130,2025-05-15,"Two-Way , Not Divided",Wet,Dawn,Rain,Angle (Front - to - Side) Right Angle (Includes Broadside),"Yes, M/V and Driver Left Scene",No Controls,6,0,No Injury,2,,41.82061,-71.42189
924323,2025-00035366,2025-05-15,7:58:00 AM,Vehicle - Vehicle,,Prospect,Keene,Martin Hames,536,2025-05-15,"Two-Way , Not Divided",Wet,Daylight,Rain,Angle (Front - to - Side) Opposite Direction,No,Stop Signs,2,0,No Injury,2,,,