CrashReportId,ReportNumber,CrashDate,CrashTime,TypeOfCollision,Collision Type,StreetOrHighway,NearestIntersection,Officer,Badge,ReportDate,TypeOfRoadway,RoadSurfaceCondition,LightCondition,WeatherCondition,MannerofImpact,HitAndRun,TrafficControl,PersonCount,InjuryCount,MostSeriousInjury,NumberofVehicles,NumberOfLanes,Latitude,Longitude
924326,2025-00035405,2025-05-15,11:00:00 AM,Vehicle - Vehicle,,PEARL ST.,LOCKWOOD ST,Ptlw. Kawejsza,118,2025-05-15,"Two-Way , Not Divided",Wet,Daylight,Cloudy,Rear End(Front-to-Rear),No,No Controls,3,0,No Injury,2,,41.81097,-71.41314
924334,2025-00035463,2025-05-15,3:06:00 PM,Vehicle - Vehicle,,PRAIRIE AVE,PEARL ST,Cory Nicholls,609,2025-05-15,"Two-Way , Not Divided",Wet,Daylight,Rain,Angle (Front - to - Side) Right Angle (Includes Broadside),No,Stop Signs,6,2,Complains Of Pain,2,,41.81185,-71.41527
924335,2025-00035468,2025-05-15,3:19:00 PM,Vehicle - Vehicle,,Broad St,Jillson St,Andrew Brodeur,158,2025-05-15,"Two-Way , Not Divided",Dry,Daylight,Clear,"Sideswipe, Same Direction",No,No Controls,2,0,No Injury,2,2,,
924336,2025-00035504,2025-05-15,5:06:00 PM,Vehicle - Vehicle,,GENTIAN AVE,WANSKUCK AVE,Raymond Criner,340,2025-05-15,"Two-Way , Not Divided",Dry,Daylight,Cloudy,Angle (Front - to - Side) Right Angle (Includes Broadside),No,Stop Signs,3,1,Complains Of Pain,2,,41.85302,-71.44779
924337,2025-00035511,2025-05-15,5:12:00 PM,Vehicle - Vehicle,,Washington St,SERVICE ROAD 8,Matthew Kelley,186,2025-05-15,"Two-Way , Not Divided",Dry,Daylight,Cloudy,Angle (Front - to - Side) Opposite Direction,No,No Controls,4,0,No Injury,2,,41.82042,-71.41851
924338,2025-00035483,2025-05-15,4:13:00 PM,Vehicle - Vehicle,,BRATTLE ST,BENEDICT ST,Raymond Criner,340,2025-05-15,"Two-Way , Not Divided",Dry,Daylight,Clear,Angle (Front - to - Side) Right Angle (Includes Broadside),No,Stop Signs,15,2,Complains Of Pain,2,,41.80448,-71.43449
924339,2025-00035542,2025-05-15,6:36:00 PM,Vehicle - Vehicle,,CHARLES STREET,CORLISS ST,Ian Quinn,102,2025-05-15,One-Way Trafficway,Dry,Daylight,Clear,Angle (Front - to - Side) Same Direction,No,No Controls,4,0,No Injury,2,2,41.8381,-71.41455
924340,2025-00035553,2025-05-15,6:55:00 PM,Vehicle - Parked Vehicle,,ATLAS ST,DOUGLAS AVE,D. Hernandez,148,2025-05-15,"Two-Way , Not Divided",Dry,Daylight,Clear,Rear - to - Side,No,No Controls,3,0,Unknown,2,,41.85482,-71.44057
924341,2025-00035519,2025-05-15,5:44:00 PM,Vehicle - Parked Vehicle,,ROCHAMBEAU AVENUE,HOPE ST,Ricardo Sanchez,632,2025-05-15,"Two-Way , Not Divided",Dry,Daylight,Clear,"Sidwswipe, Opposite Direction","Yes, M/V and Driver Left Scene",No Controls,1,0,No Injury,2,2,41.84693,-71.39558
924342,2025-00035575,2025-05-15,8:15:00 PM,Vehicle - Vehicle,,SHERRY ST,POTTERS AVE,Lucas Ramalho,507,2025-05-15,"Two-Way , Not Divided",Dry,Dark - Lighted,Clear,"Sideswipe, Same Direction",No,Stop Signs,4,0,No Injury,2,,41.80266,-71.43106
924343,2025-00035582,2025-05-15,8:38:00 PM,Vehicle - Vehicle,,WATERMAN ST,BENEFIT ST,Tyler Cargill,619,2025-05-15,One-Way Trafficway,Dry,Dark - Lighted,Clear,Rear End(Front-to-Rear),No,No Controls,3,0,No Injury,2,,41.82715,-71.40725
924344,2025-00035592,2025-05-15,9:19:00 PM,Vehicle - Vehicle,,PLAINFIELD ST,HARTFORD AVE,Nathaniel Eastman,112,2025-05-15,"Two-Way , Not Divided",Dry,Dark - Lighted,Clear,Rear End(Front-to-Rear),"Yes, M/V and Driver Left Scene",Traffic Control Signal,2,1,Complains Of Pain,2,,41.81657,-71.44407
924345,2025-00035578,2025-05-15,8:18:00 PM,Vehicle - Parked Vehicle,,29 sorrento st,WAVERLY ST,Serge Bouyssou,105,2025-05-15,"Two-Way , Not Divided",Dry,Dark - Lighted,Clear,"Sideswipe, Same Direction","Yes, M/V and Driver Left Scene",No Controls,1,0,No Injury,2,,41.80892,-71.43644
924346,2025-00035579,2025-05-15,8:21:00 PM,Vehicle - Vehicle,,POINT ST,HOSPITAL ST,Erik Lane,109,2025-05-15,"Two-Way, Divided, Unprotected (painted>4feet) Medium",Dry,Dark - Lighted,Clear,Head-On (Front - to - Front),No,No Controls,6,1,Complains Of Pain,2,,41.81564,-71.40956
924445,2025-00035606,2025-05-15,10:08:00 PM,Vehicle - Vehicle,,Allens Ave,Carolina Ave,Andrew Brodeur,158,2025-05-19,"Two-Way , Not Divided",Dry,Dark - Lighted,Clear,Angle (Front - to - Side) Right Angle (Includes Broadside),No,No Controls,2,0,No Injury,2,2,,
924503,2025-00035469,2025-05-15,3:18:00 PM,Vehicle - Vehicle,,STANIFORD ST,WILLARD AVE,Ruben Morales,685,2025-05-21,"Two-Way , Not Divided",Wet,Daylight,Cloudy,Angle (Front - to - Side) Right Angle (Includes Broadside),No,Stop Signs,2,0,No Injury,2,,41.8086,-71.41168
925455,2025-00035229,2025-05-14,7:17:00 PM,Vehicle - Vehicle,,Union Ave,UNION AVE EXIT,Nathaniel Eastman,112,2025-06-23,"Two-Way , Not Divided",Dry,Daylight,Clear,Rear End(Front-to-Rear),No,No Controls,3,0,No Injury,2,,41.80847,-71.4414
924426,2025-00035772,2025-05-14,11:00:00 PM,Vehicle - Parked Vehicle,,SMITH ST,,J. Clancy,999,2025-05-19,Unknown,Dry,Dark - Unknown Lighting,Clear,Rear - to - Side,No,Unknown,3,1,Complains Of Pain,2,,,
924430,2025-00035854,2025-05-14,12:00:00 PM,Vehicle - Parked Vehicle,,MEETING ST,BROOK ST,J Clancy,999,2025-05-19,Unknown,Dry,Daylight,Clear,Unknown,"Yes, M/V and Driver Left Scene",Unknown,1,0,Unknown,2,,41.82926,-71.3993
924507,2025-00037506,2025-05-14,8:35:00 AM,Vehicle - Vehicle,,EDDY ST,ERNEST ST,Quincy Griffin,970,2025-05-22,"Two-Way , Not Divided",Dry,Daylight,Clear,Rear End(Front-to-Rear),"Yes, M/V and Driver Left Scene",Traffic Control Signal,2,0,No Injury,2,,41.79529,-71.40455
924327,2025-00035088,2025-05-14,5:33:00 PM,Vehicle - Parked Vehicle,,BLACKSTONE BLVD,HOPE ST,J. Clancy,999,2025-05-15,"Two-Way , Not Divided",Dry,Daylight,Clear,Rear End(Front-to-Rear),"Yes, M/V and Driver Left Scene",No Controls,2,0,Unknown,2,,41.85622,-71.39145
924324,2025-00035056,2025-05-14,10:02:00 AM,Vehicle - Vehicle,,ELMWOOD AVE,LENOX AVE,Victor Tavarez,564,2025-05-15,"Two-Way, Divided, Positive Median Barrier",Dry,Daylight,Clear,Angle (Front - to - Side) Right Angle (Includes Broadside),No,No Controls,2,0,No Injury,2,,41.7952,-71.42474
924295,2025-00035050,2025-05-14,9:38:00 AM,Vehicle - Vehicle,,1000 ELMWOOD AVENUE,LINDEN AVE,Eduar Espinal,386,2025-05-14,One-Way Trafficway,Dry,Daylight,Clear,Angle (Front - to - Side) Right Angle (Includes Broadside),No,Traffic Control Signal,3,0,No Injury,2,,41.78608,-71.41966
924296,2025-00035026,2025-05-14,7:48:00 AM,Vehicle - Vehicle,,RIVER AVE / REGENT AVE,RIVER AVE,Gabrielle O'Loughlin,680,2025-05-14,"Two-Way , Not Divided",Dry,Daylight,Clear,Angle (Front - to - Side) Same Direction,No,Stop Signs,2,1,Complains Of Pain,2,,41.83037,-71.43695
924283,2025-00034974,2025-05-14,11:41:00 PM,Vehicle - Object,,CHALKSTONE AVE,GARFIELD AVE,Erik Lane,109,2025-05-14,"Two-Way, Divided, Unprotected (painted>4feet) Medium",Dry,Dark - Lighted,Clear,Not a Collision Between Two Motor Vehicles in Transport,No,No Controls,1,0,No Injury,1,,41.83382,-71.43245
924291,2025-00035015,2025-05-14,5:20:00 AM,Vehicle - Vehicle,,6 Andy St,,Pedroangel Pena Campusano,677,2025-05-14,"Two-Way , Not Divided",Dry,Daylight,Clear,"Sideswipe, Same Direction","Yes, M/V and Driver Left Scene",No Controls,1,0,No Injury,2,,,
924298,2025-00035047,2025-05-14,9:00:00 AM,Vehicle - Vehicle,,850 manton ave,CHALKSTONE AVE,Gabrielle O'Loughlin,680,2025-05-14,"Two-Way , Not Divided",Dry,Daylight,Clear,Angle (Front - to - Side) Opposite Direction,No,No Controls,3,0,No Injury,2,,41.83391,-71.46731
924300,2025-00035145,2025-05-14,2:58:00 PM,Vehicle - Vehicle,,WASHINGTON ST,DEAN ST,Kelsa Heron,133,2025-05-14,"Two-Way , Not Divided",Dry,Daylight,Clear,Angle (Front - to - Side) Right Angle (Includes Broadside),No,No Controls,2,0,No Injury,2,,41.81907,-71.42074
924303,2025-00035102,2025-05-14,12:35:00 PM,Vehicle - Parked Vehicle,,WEYBOSSET ST,SNOW ST,Michael Baldassare,568,2025-05-14,"Two-Way , Not Divided",Dry,Daylight,Clear,Rear End(Front-to-Rear),No,No Controls,3,0,No Injury,2,,41.82068,-71.41328
924304,2025-00035146,2025-05-14,2:59:00 PM,Vehicle - Vehicle,,ALLENS AVE,BLACKSTONE ST,Raymond Criner,340,2025-05-14,"Two-Way , Not Divided",Dry,Daylight,Clear,Rear End(Front-to-Rear),No,Traffic Control Signal,4,1,Complains Of Pain,2,,41.8105,-71.4047
924305,2025-00035151,2025-05-14,3:22:00 PM,Vehicle - Vehicle,,OAK ST,MESSER ST,Raymond Criner,340,2025-05-14,"Two-Way , Not Divided",Dry,Daylight,Clear,Rear End(Front-to-Rear),No,Pavement Markings,4,0,No Injury,2,,41.81496,-71.43677
924306,2025-00035101,2025-05-14,12:21:00 PM,Vehicle - Parked Vehicle,,EMMETT ST,PLAIN ST,Patrick Hourahan,243,2025-05-14,"Two-Way , Not Divided",Dry,Daylight,Clear,"Sideswipe, Same Direction",No,No Controls,3,0,No Injury,2,,41.8143,-71.41313
924307,2025-00035202,2025-05-14,5:56:00 PM,Vehicle - Vehicle,,S MAIN ST,JAMES ST,Luis Pelaez,336,2025-05-14,One-Way Trafficway,Dry,Daylight,Clear,Angle (Front - to - Side) Same Direction,No,No Controls,2,0,No Injury,2,,41.82084,-71.40372
924308,2025-00035246,2025-05-14,9:00:00 PM,Vehicle - Vehicle,,RINGGOLD ST,BROADWAY,Pedro Saravia,611,2025-05-14,"Two-Way , Not Divided",Dry,Dark - Lighted,Clear,Unknown,No,No Controls,4,0,No Injury,3,,41.82123,-71.42336
924310,2025-00035239,2025-05-14,8:23:00 PM,Vehicle - Vehicle,,WESTMINSTER ST,SYCAMORE ST,Lane,109,2025-05-14,"Two-Way, Divided, Unprotected (painted>4feet) Medium",Dry,Dark - Lighted,Clear,Angle (Front - to - Side) Opposite Direction,No,No Controls,7,1,Complains Of Pain,2,,41.81611,-71.43519
924311,2025-00035265,2025-05-14,10:01:00 PM,Vehicle - Vehicle,,ATWELLS AVE,MANTON AVE,Jessenia Montano,149,2025-05-14,"Two-Way, Divided, Unprotected (painted>4feet) Medium",Dry,Dark - Lighted,Clear,Rear End(Front-to-Rear),"Yes, M/V and Driver Left Scene",No Controls,1,0,No Injury,2,,41.82537,-71.45463
924353,2025-00035727,2025-05-14,6:25:00 PM,Vehicle - Parked Vehicle,,N MAIN ST,,J. Clancy,999,2025-05-16,Unknown,Dry,Dusk,Clear,Unknown,No,Unknown,4,0,Unknown,2,,,
924420,2025-00035188,2025-05-14,5:03:00 PM,Vehicle - Vehicle,,ATLANTIC AVE,MELROSE ST,Ruben Morales,685,2025-05-18,"Two-Way , Not Divided",Dry,Daylight,Clear,Angle (Front - to - Side) Right Angle (Includes Broadside),"Yes, M/V and Driver Left Scene",Stop Signs,4,0,No Injury,2,,41.79746,-71.42235
924394,2025-00034840,2025-05-13,4:00:00 PM,Vehicle - Parked Vehicle,,155 Parade St,,Conor Fleurant,171,2025-05-17,"Two-Way , Not Divided",Dry,Daylight,Clear,Rear - to - Rear,"Yes, M/V and Driver Left Scene",No Controls,1,0,Unknown,2,,,
924333,2025-00034818,2025-05-13,3:00:00 PM,Vehicle - Vehicle,,Thurbers Ave,Burnside St.,Andrew Brodeur,158,2025-05-15,"Two-Way , Not Divided",Dry,Daylight,Clear,Rear End(Front-to-Rear),No,No Controls,3,0,No Injury,2,2,,
924358,2025-00034813,2025-05-13,2:08:00 PM,Vehicle - Vehicle,,MEMORIAL BLVD,FRANCIS ST,Raleek Byfield,375,2025-05-16,One-Way Trafficway,Dry,Daylight,Clear,Angle (Front - to - Side) Same Direction,No,Pavement Markings,4,0,No Injury,2,,41.82588,-71.41541
924264,2025-00034843,2025-05-13,3:45:00 PM,Vehicle - Object,,MANTON AVE,WESTCOTT AVE,Arthur Lima,126,2025-05-13,"Two-Way , Not Divided",Dry,Daylight,Clear,"Sideswipe, Same Direction",No,No Controls,2,0,No Injury,1,,41.83372,-71.46853
924265,2025-00034856,2025-05-13,4:37:00 PM,Vehicle - Vehicle,,PONTIAC AVE,RESERVOIR AVE EXIT,Cory Nicholls,609,2025-05-13,One-Way Trafficway,Dry,Daylight,Clear,Rear End(Front-to-Rear),No,Yield Signs,4,0,No Injury,2,,41.78707,-71.43162
924288,2025-00034966,2025-05-13,11:24:00 PM,Vehicle - Vehicle,,OXFORD ST,VAN BUREN ST,Dondre Dacosta,662,2025-05-14,Unknown,Dry,Dark - Lighted,Clear,Rear End(Front-to-Rear),No,No Controls,6,0,No Injury,3,,41.80089,-71.41589
924289,2025-00034886,2025-05-13,6:14:00 PM,Vehicle - Vehicle,,POTTERS AVE,BROAD ST,H. Mendez,675,2025-05-14,"Two-Way , Not Divided",Dry,Daylight,Clear,"Sideswipe, Same Direction","Yes, M/V and Driver Left Scene",Traffic Control Signal,2,0,No Injury,2,,41.80299,-71.41882
924297,2025-00034770,2025-05-13,10:59:00 AM,Vehicle - Vehicle,,NORTH MAIN ST,CEMETERY ST,Yesenia Caba,549,2025-05-14,"Two-Way , Not Divided",Dry,Daylight,Clear,Not a Collision Between Two Motor Vehicles in Transport,No,No Controls,5,0,No Injury,2,,41.8489,-71.40386
924293,2025-00034859,2025-05-13,1:00:00 PM,Vehicle - Vehicle,,THURBERS AVE,ALLENS AVE,J Clancy,999,2025-05-14,"Two-Way , Not Divided",Dry,Daylight,Clear,Rear End(Front-to-Rear),No,Unknown,3,0,Unknown,2,,41.80135,-71.40068
924294,2025-00034884,2025-05-13,5:45:00 PM,Vehicle - Vehicle,,PARSONAGE ST,POINT ST,J. Clancy,999,2025-05-14,"Two-Way , Not Divided",Dry,Dusk,Clear,Unknown,"Yes, M/V and Driver Left Scene",Unknown,1,0,Unknown,2,,41.81608,-71.40885
924243,2025-00034724,2025-05-13,9:04:00 AM,Vehicle - Vehicle,,VALLEY ST,DEAN ST,Domingo Diaz,519,2025-05-13,"Two-Way, Divided, Unprotected (painted>4feet) Medium",Dry,Daylight,Clear,Rear End(Front-to-Rear),"Yes, M/V and Driver Left Scene",Traffic Control Signal,2,0,No Injury,2,,41.83155,-71.4283
924245,2025-00034704,2025-05-13,7:50:00 AM,Vehicle - Object,,MONTGOMERY AVENUE,PARKSIDE CIR,Eduar Espinal,386,2025-05-13,"Two-Way , Not Divided",Dry,Daylight,Clear,"Sideswipe, Same Direction",No,No Controls,1,0,No Injury,1,,41.78586,-71.4032
924247,2025-00034739,2025-05-13,9:38:00 AM,Vehicle - Vehicle,,KILLINGLY STREET,ROUTE 6,Angel Garcia,656,2025-05-13,"Two-Way, Divided, Unprotected (painted>4feet) Medium",Dry,Daylight,Clear,Rear End(Front-to-Rear),No,Yield Signs,4,0,No Injury,2,,41.82339,-71.47105
924251,2025-00034800,2025-05-13,12:57:00 PM,Vehicle - Parked Vehicle,,N MAIN ST,CYPRESS ST,Michael Gammino,491,2025-05-13,"Two-Way, Not Divided With a Continuous Left Turn Lane",Dry,Daylight,Clear,Rear - to - Rear,No,No Controls,2,0,No Injury,2,,41.84195,-71.40784
924253,2025-00034744,2025-05-13,9:35:00 AM,Vehicle - Parked Vehicle,,SUMMIT AVE,CRESTON WAY,Yesenia Caba,549,2025-05-13,"Two-Way , Not Divided",Dry,Daylight,Clear,"Sideswipe, Same Direction",No,No Controls,3,0,No Injury,2,,41.85006,-71.39821
924260,2025-00034812,2025-05-13,2:09:00 PM,Vehicle - Vehicle,,GOVERNOR ST,WATERMAN ST,Michael Gammino,491,2025-05-13,"Two-Way, Divided, Unprotected (painted>4feet) Medium",Dry,Daylight,Clear,"Sidwswipe, Opposite Direction","Yes, M/V and Driver Left Scene",Traffic Control Signal,1,0,No Injury,2,,41.82745,-71.39388
924262,2025-00034817,2025-05-13,2:54:00 PM,Vehicle - Parked Vehicle,,23 ALMA ST,,Brandon McDonnell,620,2025-05-13,"Two-Way , Not Divided",Dry,Daylight,Clear,Rear - to - Rear,"Yes, M/V and Driver Left Scene",No Controls,2,0,No Injury,2,,,
924267,2025-00034867,2025-05-13,5:08:00 PM,Vehicle - Vehicle,,CHALKSTONE AVE,BERLIN ST,Atanael Lara,129,2025-05-13,"Two-Way , Not Divided",Dry,Daylight,Clear,"Sideswipe, Same Direction","Yes, M/V and Driver Left Scene",No Controls,2,0,No Injury,2,,41.83228,-71.44167
924268,2025-00034850,2025-05-13,4:09:00 PM,Vehicle - Vehicle,,EDDY ST,POINT ST,Matthew Kelley,186,2025-05-13,"Two-Way , Not Divided",Dry,Daylight,Clear,Angle (Front - to - Side) Opposite Direction,"Yes, M/V and Driver Left Scene",No Controls,2,0,No Injury,2,,41.81692,-71.40651
924271,2025-00034870,2025-05-13,5:18:00 PM,Vehicle - Vehicle,,EATON ST,RIVER AVE,Arthur Lima,126,2025-05-13,"Two-Way , Not Divided",Dry,Daylight,Clear,Rear - to - Rear,No,No Controls,3,0,No Injury,2,,41.84321,-71.44129
924272,2025-00034896,2025-05-13,6:46:00 PM,Vehicle - Vehicle,,NIANTIC AVE,PAWNEE ST,Cory Nicholls,609,2025-05-13,"Two-Way , Not Divided",Dry,Daylight,Clear,Angle (Front - to - Side) Right Angle (Includes Broadside),No,No Controls,5,0,No Injury,2,,41.79374,-71.43818
924273,2025-00034916,2025-05-13,7:47:00 PM,Vehicle - Parked Vehicle,,GRAY ST,CHALKSTONE AVE,Arthur Lima,126,2025-05-13,"Two-Way , Not Divided",Dry,Daylight,Clear,Rear End(Front-to-Rear),No,No Controls,3,0,No Injury,2,,41.83238,-71.45303
924274,2025-00034880,2025-05-13,5:56:00 PM,Vehicle - Vehicle,,SMITHFIELD AVE,FOCH AVE,Ptlm. Labutti,104,2025-05-13,"Two-Way , Not Divided",Dry,Daylight,Clear,Rear End(Front-to-Rear),No,Traffic Control Signal,3,0,No Injury,2,,41.85687,-71.41084
924275,2025-00034836,2025-05-13,3:33:00 PM,Vehicle - Vehicle,,whelan road,BODELL AVE,Brendan O'Brien,667,2025-05-13,"Two-Way , Not Divided",Dry,Daylight,Clear,"Sidwswipe, Opposite Direction","Yes, M/V and Driver Left Scene",No Controls,1,0,No Injury,2,,41.81835,-71.45409
924515,2025-00037723,2025-05-13,5:00:00 PM,Vehicle - Parked Vehicle,,GOVERNOR ST,PITMAN ST,Quincy Griffin,970,2025-05-22,"Two-Way , Not Divided",Dry,Daylight,Clear,"Sideswipe, Same Direction","Yes, M/V and Driver Left Scene",No Controls,1,0,Unknown,2,,41.82623,-71.39382
924547,2025-00034834,2025-05-13,4:00:00 PM,Vehicle - Vehicle,,AMHERST ST,JULIAN ST,Peyton Ginolfi,657,2025-05-23,"Two-Way , Not Divided",Dry,Daylight,Clear,"Sideswipe, Same Direction",No,No Controls,3,0,No Injury,2,,41.82333,-71.44474
924441,2025-00036868,2025-05-13,9:20:00 AM,Vehicle - Parked Vehicle,,REGENT AVE,LISBON ST,J Clancy,999,2025-05-19,Unknown,Dry,Daylight,Clear,Unknown,"Yes, M/V and Driver Left Scene",Unknown,1,0,Unknown,2,,41.83135,-71.43457
924428,2025-00035766,2025-05-13,2:45:00 PM,Vehicle - Parked Vehicle,,DOUGLAS AVE,,J. Clancy,999,2025-05-19,Unknown,Unknown,Daylight,Clear,Unknown,No,Unknown,3,0,Unknown,2,,,
924457,2025-00037143,2025-05-13,8:53:00 AM,Vehicle - Parked Vehicle,,POTTERS AVE,GORDON AVE,Thomas Jones,160,2025-05-20,"Two-Way , Not Divided",Dry,Daylight,Clear,"Sideswipe, Same Direction",No,Person,3,0,No Injury,2,2,41.80377,-71.41555
925248,2025-00034532,2025-05-12,4:45:00 PM,Vehicle - Vehicle,,STERLING AVE,WHITEHALL ST,Peyton Ginolfi,657,2025-06-16,"Two-Way , Not Divided",Dry,Daylight,Clear,Angle (Front - to - Side) Same Direction,No,Stop Signs,2,0,No Injury,2,,41.81158,-71.4457
924261,2025-00034815,2025-05-12,11:35:00 AM,Vehicle - Vehicle,,N MAIN ST,,Jason Clancy,999,2025-05-13,One-Way Trafficway,Dry,Daylight,Clear,"Sidwswipe, Opposite Direction","Yes, M/V and Driver Left Scene",Unknown,2,0,Unknown,2,,,
924252,2025-00034593,2025-05-12,4:50:00 PM,Vehicle - Vehicle,,SMITH ST,FRANCIS ST,J Clancy,999,2025-05-13,"Two-Way , Not Divided",Dry,Daylight,Clear,"Sideswipe, Same Direction","Yes, M/V and Driver Left Scene",Unknown,1,0,Unknown,2,,41.83183,-71.41634
924244,2025-00034481,2025-05-12,2:02:00 PM,Vehicle - Vehicle,,HAWKINS ST,BRANCH AVE,John Benros,481,2025-05-13,"Two-Way , Not Divided",Dry,Daylight,Clear,Rear End(Front-to-Rear),No,Flashing Traffic Control Signal,3,0,No Injury,2,,41.85089,-71.42143
924220,2025-00034389,2025-05-12,8:58:00 AM,Vehicle - Vehicle,,BUCKLIN ST,CARTER ST,Eduar Espinal,386,2025-05-12,"Two-Way , Not Divided",Dry,Daylight,Clear,Rear End(Front-to-Rear),No,No Controls,4,0,No Injury,2,,41.80017,-71.42794
924201,2025-00034383,2025-05-12,8:38:00 AM,Vehicle - Vehicle,,ELMWOOD AVE,GREENWICH ST,Matthew LeClerc,180,2025-05-12,"Two-Way , Not Divided",Dry,Daylight,Clear,Rear End(Front-to-Rear),No,Traffic Control Signal,7,4,Non-Incapacitating,3,2,41.80239,-71.42607
924204,2025-00034371,2025-05-12,7:46:00 AM,Vehicle - Vehicle,,PINE ST,SERVICE RD (JP),Raleek Byfield,375,2025-05-12,One-Way Trafficway,Dry,Daylight,Clear,Angle (Front - to - Side) Same Direction,No,Pavement Markings,4,0,No Injury,2,,41.81638,-71.41587
924218,2025-00034452,2025-05-12,12:18:00 PM,Vehicle - Parked Vehicle,,CANDACE ST,BERNON ST,Raleek Byfield,375,2025-05-12,One-Way Trafficway,Dry,Daylight,Clear,Rear End(Front-to-Rear),No,No Controls,8,0,No Injury,2,,41.83506,-71.42229
924266,2025-00034623,2025-05-12,9:31:00 PM,Vehicle - Parked Vehicle,,S WATER ST,POWER ST,Luis Pelaez,336,2025-05-13,One-Way Trafficway,Dry,Dark - Lighted,Clear,Angle (Front - to - Side) Same Direction,No,No Controls,3,0,No Injury,2,,41.82203,-71.40567
924292,2025-00034431,2025-05-12,11:10:00 AM,Vehicle - Parked Vehicle,,POTTERS AVE,ELMWOOD AVE,Victor Tavarez,564,2025-05-14,"Two-Way, Divided, Unprotected (painted>4feet) Medium",Dry,Daylight,Clear,Rear End(Front-to-Rear),No,Traffic Control Signal,3,0,No Injury,2,,41.80151,-71.42635
924208,2025-00034400,2025-05-12,9:27:00 AM,Vehicle - Parked Vehicle,,VINTON ST,TELL ST,Hildenise Espanol,137,2025-05-12,One-Way Trafficway,Dry,Daylight,Clear,Unknown,"Yes, M/V and Driver Left Scene",No Controls,1,0,Unknown,2,,41.8225,-71.42956
924209,2025-00034388,2025-05-12,8:57:00 AM,Vehicle - Vehicle,,TRENTON ST,IVES ST,Michael Cifuentes,330,2025-05-12,"Two-Way , Not Divided",Dry,Daylight,Clear,Angle (Front - to - Side) Right Angle (Includes Broadside),"Yes, M/V and Driver Left Scene",Other,2,0,No Injury,2,,41.82096,-71.3919
924210,2025-00034379,2025-05-12,8:13:00 AM,Vehicle - Vehicle,,NELLIE ST,SELKIRK ST,John Benros,481,2025-05-12,"Two-Way , Not Divided",Dry,Daylight,Clear,Angle (Front - to - Side) Right Angle (Includes Broadside),No,No Controls,3,0,No Injury,2,,41.85737,-71.41083
924211,2025-00034386,2025-05-12,8:33:00 AM,Vehicle - Vehicle,,SMITHFIELD AVE,SMITHFIELD AVE,John Benros,481,2025-05-12,Unknown,Dry,Daylight,Clear,Angle (Front - to - Side) Right Angle (Includes Broadside),No,No Controls,4,1,Complains Of Pain,2,,41.8574,-71.41083
924212,025-00034385,2025-05-12,8:03:00 AM,Vehicle - Vehicle,,LOCKWOOD ST,HASKINS ST,Hansel Ventura,570,2025-05-12,One-Way Trafficway,Dry,Daylight,Clear,Head-On (Front - to - Front),"Yes, M/V and Driver Left Scene",No Controls,3,1,Complains Of Pain,2,,41.81451,-71.41894
924213,2025-00034394,2025-05-12,9:08:00 AM,Vehicle - Parked Vehicle,,99 MELROSE ST,ONTARIO ST,Hansel Ventura,570,2025-05-12,Unknown,Dry,Daylight,Clear,Rear - to - Rear,No,No Controls,2,0,No Injury,2,,41.79839,-71.42288
924215,2025-00034405,2025-05-12,9:35:00 AM,Vehicle - Vehicle,,CHALKSTONE AVE,FALLON AVE,Jason Dennis,392,2025-05-12,"Two-Way , Not Divided",Dry,Daylight,Clear,"Sideswipe, Same Direction",No,No Controls,5,0,No Injury,2,,41.83232,-71.44301
924224,2025-00034484,2025-05-12,2:30:00 PM,Vehicle - Pedestrian,Bicycle,Broad st,THURBERS AVE,Matthew Sheridan,229,2025-05-12,"Two-Way , Not Divided",Dry,Daylight,Clear,Not a Collision Between Two Motor Vehicles in Transport,No,Traffic Control Signal,3,1,Complains Of Pain,1,,41.7982,-71.41467
924225,2025-00034504,2025-05-12,3:30:00 PM,Vehicle - Vehicle,,JULIAN ST,ATWELLS AVE,Brendan O'Brien,667,2025-05-12,"Two-Way , Not Divided",Dry,Daylight,Clear,Rear End(Front-to-Rear),No,No Controls,3,0,No Injury,2,,41.82485,-71.44463
924226,2025-00034518,2025-05-12,4:01:00 PM,Vehicle - Vehicle,,JUSTICE ST,PLEASANT VALLEY PKWY,Atanael Lara,129,2025-05-12,"Two-Way , Not Divided",Dry,Daylight,Clear,Head-On (Front - to - Front),"Yes, M/V and Driver Left Scene",Stop Signs,2,1,Complains Of Pain,2,,41.83493,-71.44317
924227,2025-00034512,2025-05-12,3:52:00 PM,Vehicle - Vehicle,,HUNTINGTON AVE,PURITAN ST,Ptlw. Kawejsza,118,2025-05-12,One-Way Trafficway,Dry,Daylight,Clear,Rear End(Front-to-Rear),"Yes, M/V and Driver Left Scene",Traffic Control Signal,5,1,Complains Of Pain,2,,41.80363,-71.43886
924228,2025-00034524,2025-05-12,3:05:00 PM,Vehicle - Vehicle,,DEAN ST,SPRUCE ST,Sean Cooney,523,2025-05-12,"Two-Way , Not Divided",Dry,Daylight,Clear,Head-On (Front - to - Front),"Yes, M/V and Driver Left Scene",Stop Signs,2,0,No Injury,2,,,