CrashReportId,ReportNumber,CrashDate,CrashTime,TypeOfCollision,Collision Type,StreetOrHighway,NearestIntersection,Officer,Badge,ReportDate,TypeOfRoadway,RoadSurfaceCondition,LightCondition,WeatherCondition,MannerofImpact,HitAndRun,TrafficControl,PersonCount,InjuryCount,MostSeriousInjury,NumberofVehicles,NumberOfLanes,Latitude,Longitude
924229,2025-00034499,2025-05-12,3:20:00 PM,Vehicle - Vehicle,,DOUGLAS AVE,ADMIRAL ST,Ian Quinn,102,2025-05-12,"Two-Way , Not Divided",Dry,Daylight,Clear,Other,No,No Controls,4,0,No Injury,2,2,41.84597,-71.42894
924230,2025-00034540,2025-05-12,4:43:00 PM,Vehicle - Parked Vehicle,,LYNCH ST,ATWELLS AVE,Atanael Lara,129,2025-05-12,"Two-Way , Not Divided",Dry,Daylight,Clear,Rear End(Front-to-Rear),No,No Controls,4,0,No Injury,2,,41.82524,-71.4522
924231,2025-00034557,2025-05-12,5:28:00 PM,Vehicle - Parked Vehicle,,N MAIN ST,WHITE ST,Michael Gammino,491,2025-05-12,"Two-Way, Divided, Unprotected (painted>4feet) Medium",Dry,Daylight,Clear,Unknown,"Yes, M/V and Driver Left Scene",No Controls,1,0,Unknown,2,,41.85548,-71.40015
924232,2025-00034545,2025-05-12,4:56:00 PM,Vehicle - Parked Vehicle,,WAINWRIGHT ST,ADMIRAL ST,Terrence Gibson,610,2025-05-12,"Two-Way , Not Divided",Dry,Daylight,Clear,Rear - to - Side,No,No Controls,2,0,No Injury,2,,41.84909,-71.43754
924233,2025-00034571,2025-05-12,6:00:00 PM,Vehicle - Vehicle,,PROMENADE ST,DEAN ST,Ian Quinn,102,2025-05-12,One-Way Trafficway,Dry,Daylight,Clear,Rear End(Front-to-Rear),No,Yield Signs,2,0,No Injury,2,,41.82963,-71.42667
924234,2025-00034535,2025-05-12,4:46:00 PM,Vehicle - Vehicle,,DUPONT DR,MAGNAN RD,Cory Nicholls,609,2025-05-12,"Two-Way , Not Divided",Dry,Daylight,Clear,Other,No,Stop Signs,1,0,No Injury,2,,41.8008,-71.43796
924235,2025-00034555,2025-05-12,5:24:00 PM,Vehicle - Vehicle,,BRANCH AVE,VANDEWATER ST,Terrence Gibson,610,2025-05-12,"Two-Way , Not Divided",Dry,Daylight,Clear,Angle (Front - to - Side) Right Angle (Includes Broadside),No,Stop Signs,2,0,No Injury,2,,41.85367,-71.42879
924238,2025-00034624,2025-05-12,9:37:00 PM,Vehicle - Parked Vehicle,,Chalkstone Avenue,CANTON ST,Atanael Lara,129,2025-05-12,"Two-Way , Not Divided",Dry,Dark - Lighted,Clear,Unknown,"Yes, M/V and Driver Left Scene",No Controls,1,0,No Injury,2,,41.83232,-71.4428
924239,2025-00034612,2025-05-12,8:40:00 PM,Vehicle - Parked Vehicle,,LEE ST,SUTTON ST,Sean Cooney,523,2025-05-12,"Two-Way , Not Divided",Dry,Unknown,Clear,"Sideswipe, Same Direction","Yes, M/V and Driver Left Scene",No Controls,1,0,Unknown,2,,,
924240,2025-00034634,2025-05-12,10:54:00 PM,Vehicle - Vehicle,,CRANSTON ST,ANTHONY AVE,Johnson,622,2025-05-12,"Two-Way , Not Divided",Dry,Dark - Lighted,Clear,Angle (Front - to - Side) Same Direction,"Yes, M/V and Driver Left Scene",No Controls,1,0,No Injury,2,,41.80435,-71.43856
924241,2025-00034477,2025-05-12,1:57:00 PM,Vehicle - Parked Vehicle,,SMITH ST,NELSON ST,Raleek Byfield,375,2025-05-13,"Two-Way, Divided, Unprotected (painted>4feet) Medium",Dry,Daylight,Cloudy,Angle (Front - to - Side) Same Direction,No,No Controls,2,0,No Injury,2,,41.84221,-71.44427
924187,2025-00034151,2025-05-11,2:36:00 PM,Vehicle - Vehicle,,UNION AVE,RICOM WAY,Pedro Saravia,611,2025-05-11,"Two-Way , Not Divided",Dry,Daylight,Clear,Rear End(Front-to-Rear),No,No Controls,5,0,No Injury,2,,41.80829,-71.44198
924188,2025-00034199,2025-05-11,5:35:00 PM,Vehicle - Vehicle,,PRISCILLA AVE,PROGRESS AVE,Pedro Saravia,611,2025-05-11,"Two-Way , Not Divided",Dry,Daylight,Clear,Rear - to - Rear,No,No Controls,2,0,No Injury,2,,41.80942,-71.44674
924189,2025-00034204,2025-05-11,5:52:00 PM,Vehicle - Vehicle,,CANDACE ST,DOUGLAS AVE,David Palumbo,106,2025-05-11,"Two-Way , Not Divided",Dry,Daylight,Clear,Angle (Front - to - Side) Opposite Direction,No,No Controls,6,0,No Injury,2,,41.83751,-71.42314
924182,2025-00034127,2025-05-11,12:51:00 PM,Vehicle - Parked Vehicle,,FARRAGUT AVE,MONTGOMERY AVE,Luis Garcia Colon,128,2025-05-11,"Two-Way , Not Divided",Dry,Daylight,Clear,"Sideswipe, Same Direction",No,No Controls,7,0,No Injury,2,,41.78647,-71.40545
924200,2025-00034130,2025-05-11,1:09:00 PM,Vehicle - Vehicle,,NELSON STREET,WABUN AVENUE,Giuseppe Scarcello,485,2025-05-12,"Two-Way , Not Divided",Dry,Daylight,Clear,"Sideswipe, Same Direction",No,Stop Signs,3,0,No Injury,2,,41.82579,-71.42459
924164,2025-00034007,2025-05-11,1:09:00 AM,Vehicle - Vehicle,,WILLIAMS ST,BENEFIT ST,Antonio Valdez,659,2025-05-11,"Two-Way, Divided, Unprotected (painted>4feet) Medium",Dry,Dark - Lighted,Clear,Angle (Front - to - Side) Same Direction,No,Stop Signs,2,1,Complains Of Pain,2,,41.82205,-71.40317
924165,2025-00034056,2025-05-11,4:13:00 AM,Vehicle - Vehicle,,CUMERFORD ST,WALLACE ST,Jacob Coro,664,2025-05-11,"Two-Way , Not Divided",Dry,Dark - Lighted,Clear,"Sideswipe, Same Direction",No,No Controls,4,0,No Injury,3,,41.81045,-71.44419
924166,2025-00034060,2025-05-11,4:52:00 AM,Vehicle - Vehicle,,CHARLES ST,CHARLES ST,Johusua Nazario Feliz,142,2025-05-11,"Two-Way , Not Divided",Dry,Daylight,Clear,Angle (Front - to - Side) Opposite Direction,"Yes, M/V and Driver Left Scene",Stop Signs,2,0,No Injury,2,,41.85311,-71.42042
924168,2025-00034062,2025-05-11,5:02:00 AM,Vehicle - Pedestrian,Pedestrian,350 POINT STREET,,Tyler Houlihan,617,2025-05-11,"Two-Way, Divided, Unprotected (painted>4feet) Medium",Dry,Daylight,Cloudy,Not a Collision Between Two Motor Vehicles in Transport,"Yes, M/V and Driver Left Scene",No Controls,2,1,Incapacitating,1,,41.81668,-71.40954
924173,2025-00034088,2025-05-11,8:53:00 AM,Vehicle - Object,,WHIPPLE ST,OREGON ST,Ptlm. Castagliuolo,351,2025-05-11,"Two-Way , Not Divided",Dry,Daylight,Clear,Not a Collision Between Two Motor Vehicles in Transport,No,No Controls,1,1,Complains Of Pain,1,,41.83801,-71.42073
924191,2025-00034215,2025-05-11,5:35:00 PM,Vehicle - Vehicle,,F C GREENE MEMORIAL BLVD,VERNDALE AVE,D. Hernandez,148,2025-05-11,"Two-Way , Not Divided",Dry,Daylight,Clear,Angle (Front - to - Side) Same Direction,"Yes, M/V and Driver Left Scene",No Controls,1,0,Unknown,2,,41.78635,-71.41205
924192,2025-00034225,2025-05-11,6:50:00 PM,Vehicle - Vehicle,,ATWELLS AVE,ATWELLS AVE,Alexander Frias,669,2025-05-11,"Two-Way , Not Divided",Dry,Dawn,Clear,Rear End(Front-to-Rear),No,No Controls,3,0,No Injury,2,,41.82447,-71.43638
924193,2025-00034263,2025-05-11,8:33:00 PM,Vehicle - Vehicle,,W. FRANKLIN,POINT ST,Christian Main,145,2025-05-11,One-Way Trafficway,Dry,Dark - Lighted,Clear,Angle (Front - to - Side) Same Direction,No,Traffic Control Signal,3,0,No Injury,2,2,,
924194,2025-00034209,2025-05-11,6:01:00 PM,Vehicle - Vehicle,,11 VINTON ST,ATWELLS AVE,Sean Cooney,523,2025-05-11,One-Way Trafficway,Dry,Daylight,Clear,Angle (Front - to - Side) Right Angle (Includes Broadside),"Yes, M/V and Driver Left Scene",No Controls,3,0,No Injury,2,,,
924195,2025-00034286,2025-05-11,10:01:00 PM,Vehicle - Vehicle,,BROAD ST,SERVICE ROAD 7,Matthew Carlone,602,2025-05-11,"Two-Way , Not Divided",Dry,Dark - Lighted,Clear,Rear End(Front-to-Rear),"Yes, M/V and Driver Left Scene",Traffic Control Signal,1,0,No Injury,2,,41.81736,-71.41696
924196,2025-00034178,2025-05-11,4:31:00 PM,Vehicle - Vehicle,,BROAD ST,POTTERS AVE,Jose Cortorreal,604,2025-05-11,"Two-Way , Not Divided",Dry,Daylight,Clear,"Sideswipe, Same Direction",No,No Controls,3,0,No Injury,2,,41.80322,-71.41899
924197,2025-00034072,2025-05-11,6:17:00 AM,Vehicle - Object,,ELMWOOD AVE,LINDEN AVE,Ptlm. Carias,127,2025-05-12,"Two-Way, Divided, Unprotected (painted>4feet) Medium",Dry,Daylight,Clear,Not a Collision Between Two Motor Vehicles in Transport,"Yes, Driver Left Scene",Traffic Control Signal,1,0,Unknown,1,,,
924198,2025-00034005,2025-05-11,1:02:00 AM,Vehicle - Vehicle,,bucklin st,hawthorne st,Alexis Rosales,682,2025-05-12,"Two-Way , Not Divided",Dry,Dark - Lighted,Clear,Unknown,"Yes, M/V and Driver Left Scene",No Controls,1,0,No Injury,2,,,
924207,2025-00034124,2025-05-11,12:43:00 PM,Vehicle - Vehicle,,BRANCH AVE,BRANCH AVE EXIT 24,John Benros,481,2025-05-12,"Two-Way , Not Divided",Dry,Daylight,Clear,"Sideswipe, Same Direction",No,Yield Signs,3,0,No Injury,2,,41.84635,-71.41166
924221,2025-00034268,2025-05-11,8:00:00 PM,Vehicle - Vehicle,,THRUBERS AVE,EDDY ST,J. Clancy,999,2025-05-12,"Two-Way , Not Divided",Dry,Dark - Unknown Lighting,Clear,Rear End(Front-to-Rear),No,Unknown,2,0,Unknown,2,,,
924223,2025-00034280,2025-05-11,8:00:00 PM,Vehicle - Vehicle,,SMITHFIELD AVE,SILVER SPRING ST,J. Clancy,999,2025-05-12,"Two-Way , Not Divided",Dry,Dark - Unknown Lighting,Clear,Rear End(Front-to-Rear),"Yes, M/V and Driver Left Scene",Unknown,6,0,Unknown,3,,41.8567,-71.41075
924259,2025-00034760,2025-05-11,7:45:00 PM,Vehicle - Parked Vehicle,,BROAD ST,NORWICH AVE,J. Clancy,999,2025-05-13,"Two-Way , Not Divided",Dry,Dark - Unknown Lighting,Clear,Rear End(Front-to-Rear),"Yes, M/V and Driver Left Scene",Unknown,1,0,Unknown,2,,41.80215,-71.41865
924528,2025-00034201,2025-05-11,5:40:00 PM,Vehicle - Vehicle,,potters ave,,Conor Fleurant,171,2025-05-22,"Two-Way , Not Divided",Dry,Daylight,Clear,Rear End(Front-to-Rear),"Yes, M/V and Driver Left Scene",No Controls,4,1,Complains Of Pain,2,2,,
924206,2025-00033833,2025-05-10,2:00:00 PM,Vehicle - Vehicle,,NORTH MAIN ST,,J. Clancy,999,2025-05-12,Unknown,Dry,Daylight,Clear,Unknown,No,Unknown,2,0,Unknown,2,,,
924219,2025-00034143,2025-05-10,3:00:00 PM,Vehicle - Pedestrian,Pedestrian,WASHINGTON ST,EMPIRE ST,J. Clancy,999,2025-05-12,Unknown,Dry,Daylight,Clear,"Sideswipe, Same Direction","Yes, M/V and Driver Left Scene",Unknown,1,1,Complains Of Pain,1,,,
924256,2025-00034703,2025-05-10,1:55:00 PM,Vehicle - Vehicle,,DEAN ST,PROMENADE ST,J. Clancy,999,2025-05-13,Unknown,Dry,Daylight,Clear,Rear End(Front-to-Rear),No,Unknown,2,0,Unknown,2,,41.82926,-71.42661
924140,2025-00033668,2025-05-10,12:08:00 AM,Vehicle - Pedestrian,Pedestrian,ATWELLS AVE,BROADWAY,Lucas Ramalho,507,2025-05-10,"Two-Way, Divided, Positive Median Barrier",Wet,Dark - Lighted,Rain,Rear End(Front-to-Rear),No,Traffic Control Signal,3,1,Non-Incapacitating,1,,41.82251,-71.41856
924180,2025-00033761,2025-05-10,9:45:00 AM,Vehicle - Vehicle,,POINT ST,CHESTNUT ST,Michael Baldassare,568,2025-05-11,"Two-Way , Not Divided",Dry,Daylight,Cloudy,Angle (Front - to - Side) Right Angle (Includes Broadside),No,Stop Signs,3,0,No Injury,2,,41.81626,-71.408
924181,2025-00033806,2025-05-10,1:37:00 PM,Vehicle - Vehicle,,PARK ST,SMITH ST,Michael Baldassare,568,2025-05-11,"Two-Way, Not Divided With a Continuous Left Turn Lane",Dry,Daylight,Clear,Rear End(Front-to-Rear),No,Traffic Control Signal,4,0,No Injury,2,,41.83189,-71.41688
924142,2025-00033669,2025-05-10,12:04:00 AM,Vehicle - Vehicle,,JOHN J PARTINGTON WAY,SERVICE 7 RD,Karen Milian,673,2025-05-10,"Two-Way , Not Divided",Wet,Dark - Lighted,Rain,Rear End(Front-to-Rear),"Yes, M/V and Driver Left Scene",Traffic Control Signal,2,0,No Injury,2,,,
924143,2025-00033710,2025-05-10,2:15:00 AM,Vehicle - Vehicle,,POINT ST BRG,BRIDGE ST,Kelly Morel,687,2025-05-10,"Two-Way , Not Divided",Wet,Dark - Lighted,Rain,"Sideswipe, Same Direction",No,No Controls,3,0,No Injury,2,,41.81812,-71.40335
924144,2025-00033687,2025-05-10,12:47:00 AM,Vehicle - Vehicle,,Smith ST,CHALKSTONE AVE,Brian Aucoin,113,2025-05-10,"Two-Way , Not Divided",Dry,Dark - Lighted,Clear,Rear End(Front-to-Rear),"Yes, M/V and Driver Left Scene",Traffic Control Signal,2,0,No Injury,2,,41.83521,-71.42565
924145,2025-00033684,2025-05-10,12:47:00 AM,Vehicle - Vehicle,,CHAD BROWN ST,DOUGLAS AVE,Matthew Lombardi,674,2025-05-10,"Two-Way, Divided, Unprotected (painted>4feet) Medium",Wet,Dark - Lighted,Clear,Angle (Front - to - Side) Right Angle (Includes Broadside),No,Traffic Control Signal,2,0,No Injury,2,,41.83927,-71.42581
924151,2025-00033755,2025-05-10,9:26:00 AM,Vehicle - Vehicle,,WESTMINSTER ST,SERVICE ROAD 3,Michelle Nunez,140,2025-05-10,"Two-Way , Not Divided",Wet,Daylight,Rain,Rear - to - Side,No,No Controls,4,0,No Injury,2,,41.81616,-71.44012
924152,2025-00033766,2025-05-10,10:15:00 AM,Vehicle - Vehicle,,1067 Elmwood Ave,STATE HWY 10,Michelle Chasse,264,2025-05-10,"Two-Way, Divided, Unprotected (painted>4feet) Medium",Wet,Daylight,Rain,Rear End(Front-to-Rear),No,Traffic Control Signal,2,1,Complains Of Pain,2,,41.78279,-71.41925
924153,2025-00033794,2025-05-10,12:16:00 PM,Vehicle - Vehicle,,Union Avenue,PRISCILLA AVE,Igor Barbosa,114,2025-05-10,"Two-Way, Divided, Unprotected (painted>4feet) Medium",Dry,Daylight,Cloudy,Rear End(Front-to-Rear),No,No Controls,4,0,No Injury,2,,41.80751,-71.44494
924155,2025-00033742,2025-05-10,7:12:00 AM,Vehicle - Parked Vehicle,,BRANCH AVE,CHATHAM ST,John Benros,481,2025-05-10,"Two-Way , Not Divided",Dry,Daylight,Clear,Rear End(Front-to-Rear),No,No Controls,2,0,No Injury,2,,41.84864,-71.41643
924156,2025-00033773,2025-05-10,10:43:00 AM,Vehicle - Vehicle,,ACADEMY AVENUE,HEALTH AVENUE,Giuseppe Scarcello,485,2025-05-10,"Two-Way , Not Divided",Dry,Daylight,Rain,Angle (Front - to - Side) Right Angle (Includes Broadside),"Yes, M/V and Driver Left Scene",Stop Signs,3,0,Unknown,3,,41.81338,-71.44011
924157,2025-00033862,2025-05-10,6:26:00 PM,Vehicle - Parked Vehicle,,HARTFORD AVE,ETNA ST,Tyler Calandra,418,2025-05-10,"Two-Way , Not Divided",Dry,Daylight,Clear,Rear End(Front-to-Rear),No,No Controls,5,0,No Injury,2,,41.81735,-71.4507
924158,2025-00033881,2025-05-10,7:10:00 PM,Vehicle - Vehicle,,BRANCH AVE,W RIVER ST,Ptlm. Labutti,104,2025-05-10,"Two-Way , Not Divided",Dry,Daylight,Clear,"Sideswipe, Same Direction","Yes, M/V and Driver Left Scene",Traffic Control Signal,3,0,No Injury,2,,41.84667,-71.41222
924159,2025-00033842,2025-05-10,4:17:00 PM,Vehicle - Vehicle,,BOWDOIN ST,AMHERST ST,Peyton Ginolfi,657,2025-05-10,"Two-Way , Not Divided",Dry,Daylight,Clear,Angle (Front - to - Side) Same Direction,No,No Controls,2,0,No Injury,2,,41.82302,-71.44309
924160,2025-00033878,2025-05-10,7:01:00 PM,Vehicle - Parked Vehicle,,ATWELLS AVE,DE PASQUALE AVE,Erik Lane,109,2025-05-10,"Two-Way , Not Divided",Dry,Dusk,Clear,Rear End(Front-to-Rear),No,No Controls,5,2,Complains Of Pain,2,,41.82359,-71.42694
924161,2025-00033891,2025-05-10,7:31:00 PM,Vehicle - Parked Vehicle,,ELMWOOD AVE/ ADELAIDE AVE,ELMWOOD AVE,Andrew Mitura,605,2025-05-10,"Two-Way , Not Divided",Dry,Daylight,Clear,"Sideswipe, Same Direction",No,No Controls,3,0,No Injury,2,,41.79593,-71.42485
924183,2025-00033765,2025-05-10,10:07:00 AM,Vehicle - Parked Vehicle,,Union Ave,CUMERFORD ST,Ajay Subramaniam,569,2025-05-11,Unknown,Wet,Daylight,Cloudy,Other,"Yes, M/V and Driver Left Scene",No Controls,3,0,No Injury,2,,41.80795,-71.44325
924216,2025-00033893,2025-05-10,3:00:00 PM,Vehicle - Vehicle,,ONEIL ST,DOUGALS AVE,Jason Clancy,999,2025-05-12,"Two-Way , Not Divided",Dry,Daylight,Clear,Unknown,No,Unknown,2,0,Unknown,2,,41.8528,-71.43722
924190,2025-00033536,2025-05-09,12:53:00 PM,Vehicle - Vehicle,,DUDLEY ST,GAY ST,Gustavo Genao,135,2025-05-11,"Two-Way , Not Divided",Wet,Other,Rain,Angle (Front - to - Side) Right Angle (Includes Broadside),"Yes, M/V and Driver Left Scene",Traffic Control Signal,1,0,No Injury,2,,41.81003,-71.4129
924163,2025-00033968,2025-05-09,11:28:00 PM,Vehicle - Vehicle,,Atwells ave,dean st,Alexis Rosales,682,2025-05-11,"Two-Way , Not Divided",Dry,Dark - Lighted,Clear,Angle (Front - to - Side) Opposite Direction,No,No Controls,2,0,No Injury,2,2,,
924154,2025-00033579,2025-05-09,4:29:00 PM,Vehicle - Vehicle,,FRANCIS ST,FINANCE WAY,Christian Main,145,2025-05-10,"Two-Way, Divided, Unprotected (painted>4feet) Medium",Wet,Daylight,Rain,"Sideswipe, Same Direction",No,No Controls,3,0,No Injury,2,4,,
924141,2025-00033550,2025-05-09,2:11:00 PM,Vehicle - Vehicle,,CHARLES ST,ORMS ST,Yesenia Caba,549,2025-05-09,"Two-Way , Not Divided",Wet,Daylight,Rain,"Sideswipe, Same Direction","Yes, M/V and Driver Left Scene",Traffic Control Signal,2,1,Complains Of Pain,2,,41.83492,-71.41147
924094,2025-00033414,2025-05-09,12:01:00 AM,Vehicle - Vehicle,,DEAN ST,PROMENADE ST,Lane,109,2025-05-09,"Two-Way, Divided, Positive Median Barrier",Dry,Dark - Lighted,Clear,Angle (Front - to - Side) Right Angle (Includes Broadside),"Yes, Driver Left Scene",No Controls,4,2,Non-Incapacitating,2,,41.83054,-71.42793
924095,2025-00033460,2025-05-09,6:20:00 AM,Vehicle - Vehicle,,ERASTUS ST,AMHERST ST,Ryan Whittemore,655,2025-05-09,"Two-Way , Not Divided",Dry,Daylight,Clear,Rear End(Front-to-Rear),"Yes, M/V and Driver Left Scene",No Controls,2,0,Unknown,2,,41.82342,-71.45101
924106,2025-00033476,2025-05-09,8:07:00 AM,Vehicle - Vehicle,,BROADWAY,COURTLAND ST,Ptlm. Castagliuolo,351,2025-05-09,"Two-Way , Not Divided",Dry,Daylight,Cloudy,Angle (Front - to - Side) Right Angle (Includes Broadside),No,Stop Signs,3,2,Complains Of Pain,2,,41.81936,-71.43122
924112,2025-00033472,2025-05-09,7:41:00 AM,Vehicle - Parked Vehicle,,Elmwood Ave,SAWYER ST,Michelle Chasse,264,2025-05-09,"Two-Way, Divided, Unprotected (painted>4feet) Medium",Dry,Daylight,Clear,"Sideswipe, Same Direction",No,No Controls,3,1,Complains Of Pain,2,,41.77898,-71.42053
924118,2025-00033507,2025-05-09,10:55:00 AM,Vehicle - Vehicle,,SMITH ST,APRIL CT,Ptlm. Castagliuolo,351,2025-05-09,"Two-Way , Not Divided",Dry,Daylight,Cloudy,Rear End(Front-to-Rear),No,Traffic Control Signal,3,2,Complains Of Pain,2,,41.84107,-71.44161
924124,2025-00033555,2025-05-09,1:15:00 PM,Vehicle - Parked Vehicle,,BRANCH AVE,,J. Clancy,999,2025-05-09,Unknown,Wet,Daylight,Rain,Unknown,No,Unknown,4,0,Unknown,2,,,
924125,2025-00033558,2025-05-09,2:50:00 PM,Vehicle - Vehicle,,AMHERST ST,JULIAN ST,Colby Berciano,671,2025-05-09,"Two-Way , Not Divided",Wet,Daylight,Rain,Rear End(Front-to-Rear),"Yes, Driver Left Scene",No Controls,2,1,Complains Of Pain,2,,,
924126,2025-00033557,2025-05-09,2:39:00 PM,Vehicle - Parked Vehicle,,SMITH ST,MERIDIAN ST,Cory Nicholls,609,2025-05-09,"Two-Way , Not Divided",Wet,Daylight,Rain,"Sideswipe, Same Direction",No,No Controls,3,0,No Injury,2,,41.84305,-71.44623
924127,2025-00033574,2025-05-09,4:05:00 PM,Vehicle - Vehicle,,POINT ST,RICHMOND ST,Matthew Kelley,186,2025-05-09,"Two-Way , Not Divided",Wet,Dusk,Rain,Angle (Front - to - Side) Right Angle (Includes Broadside),No,Traffic Control Signal,6,1,Complains Of Pain,3,,41.81655,-71.40726
924128,2025-00033556,2025-05-09,2:25:00 PM,Vehicle - Vehicle,,ELMWOOD AVE,BROAD ST,Ruben Morales,685,2025-05-09,"Two-Way , Not Divided",Wet,Daylight,Rain,Angle (Front - to - Side) Same Direction,No,No Controls,2,0,No Injury,2,,41.81266,-71.4221
924131,2025-00033576,2025-05-09,4:15:00 PM,Vehicle - Vehicle,,NORTH MAIN ST,MILL ST,Patrick Hourahan,243,2025-05-09,"Two-Way , Not Divided",Wet,Daylight,Rain,Angle (Front - to - Side) Right Angle (Includes Broadside),No,Stop Signs,2,0,No Injury,2,,41.83229,-71.41097
924132,2025-00033366,2025-05-09,8:37:00 PM,Vehicle - Vehicle,,Manton Ave,DELAINE ST,Alexander Frias,669,2025-05-09,"Two-Way , Not Divided",Dry,Dark - Lighted,Clear,"Sideswipe, Same Direction",No,No Controls,5,0,No Injury,2,,41.81777,-71.44441
924133,2025-00033585,2025-05-09,5:10:00 PM,Vehicle - Parked Vehicle,,FRANCIS ST,GASPEE ST,Christian Main,145,2025-05-09,"Two-Way, Divided, Unprotected (painted>4feet) Medium",Wet,Daylight,Rain,Angle (Front - to - Side) Same Direction,No,No Controls,5,0,No Injury,2,2,,
924134,2025-00033561,2025-05-09,3:01:00 PM,Vehicle - Pedestrian,Pedestrian,DORRANCE ST,WASHINGTON ST,Raymond Criner,340,2025-05-09,"Two-Way , Not Divided",Wet,Daylight,Rain,Not a Collision Between Two Motor Vehicles in Transport,No,No Controls,3,1,Complains Of Pain,1,,41.82451,-71.41286
924135,2025-00033629,2025-05-09,8:24:00 PM,Vehicle - Vehicle,,THAYER ST,CUSHING ST,Vincent Pazzetta,641,2025-05-09,One-Way Trafficway,Wet,Dark - Lighted,Rain,"Sideswipe, Same Direction",No,Stop Signs,4,0,No Injury,2,,41.83001,-71.4009
924136,2025-00033634,2025-05-09,8:52:00 PM,Vehicle - Vehicle,,Washington St,MATHEWSON ST,Matthew Kelley,186,2025-05-09,"Two-Way , Not Divided",Wet,Dark - Lighted,Rain,Angle (Front - to - Side) Right Angle (Includes Broadside),No,Traffic Control Signal,2,0,No Injury,2,,41.82305,-71.4148
924137,2025-00033642,2025-05-09,9:27:00 PM,Vehicle - Parked Vehicle,,27 PLEASANT ST,DAGGETT CT,Patrick Hourahan,243,2025-05-09,One-Way Trafficway,Wet,Dark - Lighted,Rain,"Sideswipe, Same Direction","Yes, M/V and Driver Left Scene",No Controls,1,0,Unknown,2,,41.83924,-71.4084
924138,2025-00033656,2025-05-09,11:20:00 PM,Vehicle - Parked Vehicle,,BROOK ST,WICKENDEN ST,Kelly Morel,687,2025-05-10,"Two-Way , Not Divided",Wet,Dark - Lighted,Rain,Unknown,"Yes, M/V and Driver Left Scene",No Controls,1,0,No Injury,2,,41.81973,-71.39829
924139,2025-00033628,2025-05-09,8:29:00 PM,Vehicle - Parked Vehicle,,85 POWER ST,COPLEY LN,Stephen Sage,353,2025-05-10,"Two-Way , Not Divided",Wet,Dark - Lighted,Rain,Unknown,"Yes, M/V and Driver Left Scene",No Controls,1,0,Unknown,2,,41.82284,-71.40178
924205,2025-00033824,2025-05-09,11:32:00 PM,Vehicle - Parked Vehicle,,MANTON AVE,CHAFFEE ST,J. Clancy,999,2025-05-12,"Two-Way , Not Divided",Wet,Dark - Unknown Lighting,Cloudy,Unknown,"Yes, M/V and Driver Left Scene",Unknown,2,0,Unknown,2,,41.81874,-71.44566
924202,2025-00033577,2025-05-09,3:05:00 PM,Vehicle - Vehicle,,LOUISBOURG PL,VINTON ST,J. Clancy,999,2025-05-12,"Two-Way , Not Divided",Wet,Daylight,Cloudy,Unknown,"Yes, M/V and Driver Left Scene",Unknown,2,0,Unknown,2,,41.81915,-71.4272
924248,2025-00034456,2025-05-09,12:15:00 AM,Vehicle - Pedestrian,Pedestrian,LASALLE SQ,,J. Clancy,999,2025-05-13,Unknown,Dry,Dark - Unknown Lighting,Clear,Rear End(Front-to-Rear),"Yes, M/V and Driver Left Scene",Unknown,4,0,No Injury,2,,,
924422,2025-00033552,2025-05-09,2:18:00 PM,Vehicle - Vehicle,,37 Hawkins Street,APPIAN ST,Ryan Anderson,107,2025-05-19,"Two-Way , Not Divided",Wet,Daylight,Rain,Angle (Front - to - Side) Right Angle (Includes Broadside),No,Stop Signs,3,0,No Injury,2,,41.84689,-71.42745
924465,2025-00033537,2025-05-09,1:16:00 PM,Vehicle - Object,,Lowell Ave,NYE ST,Stephen Noti,119,2025-05-20,"Two-Way , Not Divided",Wet,Daylight,Cloudy,Not a Collision Between Two Motor Vehicles in Transport,No,No Controls,2,0,No Injury,1,,41.81885,-71.46101
924250,2025-00034471,2025-05-08,11:30:00 PM,Vehicle - Vehicle,,BROADWAY,,J. Clancy,999,2025-05-13,"Two-Way , Not Divided",Dry,Dark - Unknown Lighting,Clear,Rear End(Front-to-Rear),"Yes, M/V and Driver Left Scene",Unknown,3,0,Unknown,2,,,
924290,2025-00033146,2025-05-08,6:15:00 AM,Vehicle - Vehicle,,blackstone st,PRAIRIE AVE,H. Mendez,675,2025-05-14,"Two-Way , Not Divided",Dry,Daylight,Clear,Angle (Front - to - Side) Right Angle (Includes Broadside),No,No Controls,3,0,No Injury,2,,41.8093,-71.4158
924103,2025-00033391,2025-05-08,7:30:00 PM,Vehicle - Vehicle,,ADMIRAL ST.,,Jason Clancy,999,2025-05-09,Unknown,Dry,Dark - Unknown Lighting,Clear,Rear End(Front-to-Rear),No,Unknown,2,0,Unknown,2,,,
924104,2025-00033246,2025-05-08,10:00:00 AM,Vehicle - Parked Vehicle,,EDDY ST,,Jason Clancy,999,2025-05-09,Unknown,Dry,Daylight,Cloudy,Unknown,"Yes, M/V and Driver Left Scene",Unknown,1,0,Unknown,2,,,