CrashReportId,ReportNumber,CrashDate,CrashTime,TypeOfCollision,Collision Type,StreetOrHighway,NearestIntersection,Officer,Badge,ReportDate,TypeOfRoadway,RoadSurfaceCondition,LightCondition,WeatherCondition,MannerofImpact,HitAndRun,TrafficControl,PersonCount,InjuryCount,MostSeriousInjury,NumberofVehicles,NumberOfLanes,Latitude,Longitude
924105,2025-00033213,2025-05-08,12:23:00 PM,Vehicle - Vehicle,,Morris Ave,ROCHAMBEAU AVE,Thiago Gomes,532,2025-05-09,"Two-Way , Not Divided",Dry,Daylight,Clear,"Sidwswipe, Opposite Direction",No,Stop Signs,2,0,No Injury,2,2,41.84697,-71.39476
924097,2025-00000123,2025-05-08,10:00:00 AM,Vehicle - Pedestrian,Pedestrian,DEAN ST,COTTAGE ST,Carly Cabral,533,2025-05-08,"Two-Way , Not Divided",Dry,Dawn,Cloudy,Not a Collision Between Two Motor Vehicles in Transport,No,No Controls,4,2,Incapacitating,1,,41.82008,-71.42146
924072,2025-00033184,2025-05-08,9:40:00 AM,Vehicle - Vehicle,,251 George St,,Michael Cifuentes,330,2025-05-08,"Two-Way , Not Divided",Dry,Daylight,Clear,"Sideswipe, Same Direction",No,No Controls,4,0,No Injury,2,,41.82585,-71.39428
924074,2025-00033211,2025-05-08,12:00:00 PM,Vehicle - Vehicle,,GASPEE ST,SMITH ST,Michael Baldassare,568,2025-05-08,"Two-Way , Not Divided",Dry,Daylight,Clear,Angle (Front - to - Side) Right Angle (Includes Broadside),"Yes, M/V and Driver Left Scene",No Controls,1,0,No Injury,2,,41.83142,-71.41278
924089,2025-00033352,2025-05-08,7:56:00 PM,Vehicle - Parked Vehicle,,HARRISON ST,DURFEE ST,David Monteiro,613,2025-05-08,"Two-Way , Not Divided",Dry,Daylight,Clear,Rear - to - Rear,No,No Controls,3,1,Complains Of Pain,2,,41.81412,-71.42915
924091,2025-00033349,2025-05-08,7:48:00 PM,Vehicle - Vehicle,,ARMINGTON AVE,ACADEMY AVE,Erik Lane,109,2025-05-08,"Two-Way , Not Divided",Dry,Dusk,Clear,Angle (Front - to - Side) Right Angle (Includes Broadside),"Yes, M/V and Driver Left Scene",No Controls,4,1,Complains Of Pain,3,,41.82725,-71.44371
924092,2025-00033386,2025-05-08,9:51:00 PM,Vehicle - Parked Vehicle,,ATWELLS AVE,VALLEY ST,Colby Berciano,671,2025-05-08,"Two-Way , Not Divided",Dry,Dark - Lighted,Clear,"Sideswipe, Same Direction","Yes, M/V and Driver Left Scene",No Controls,1,0,No Injury,2,,41.82456,-71.43948
924093,2025-00033116,2025-05-08,1:01:00 AM,Vehicle - Vehicle,,Charles Street,ORMS ST,Irving Liriano,631,2025-05-08,"Two-Way , Not Divided",Dry,Dark - Lighted,Clear,Rear End(Front-to-Rear),No,No Controls,3,0,No Injury,2,,41.83492,-71.41147
924059,2025-00033148,2025-05-08,6:44:00 AM,Vehicle - Vehicle,,Atwells Ave,EXIT 22  (RT 6),Alexander Wagoner,541,2025-05-08,"Two-Way , Not Divided",Dry,Daylight,Clear,"Sideswipe, Same Direction","Yes, M/V and Driver Left Scene",Traffic Control Signal,1,0,No Injury,2,,41.82308,-71.41959
924065,2025-00033204,2025-05-08,11:25:00 AM,Vehicle - Object,,BUCKLIN ST,PEACE ST,Ptlm. Castagliuolo,351,2025-05-08,"Two-Way , Not Divided",Dry,Daylight,Clear,Not a Collision Between Two Motor Vehicles in Transport,No,No Controls,1,1,Complains Of Pain,1,,41.8068,-71.42784
924077,2025-00033234,2025-05-08,1:08:00 PM,Vehicle - Vehicle,,MOORE ST,UPDIKE ST,Gustavo Genao,135,2025-05-08,"Two-Way , Not Divided",Dry,Daylight,Clear,Other,No,No Controls,5,0,No Injury,2,,41.80474,-71.42521
924078,2025-00033176,2025-05-08,9:20:00 AM,Vehicle - Pedestrian,Pedestrian,BLACKSTONE BLVD,BLACKSTONE BLVD,Yesenia Caba,549,2025-05-08,"Two-Way , Not Divided",Dry,Daylight,Clear,Not a Collision Between Two Motor Vehicles in Transport,No,No Controls,2,1,Complains Of Pain,1,,41.84622,-71.38677
924079,2025-00033200,2025-05-08,11:15:00 AM,Vehicle - Vehicle,,DUXBURY ST,KILLINGLY ST,Ajay Subramaniam,569,2025-05-08,"Two-Way , Not Divided",Dry,Daylight,Clear,Angle (Front - to - Side) Right Angle (Includes Broadside),No,Stop Signs,6,3,Complains Of Pain,2,,41.81379,-71.46088
924080,2025-00033270,2025-05-08,3:27:00 PM,Vehicle - Parked Vehicle,,333 WEST RIVER STREET,,Ian Quinn,102,2025-05-08,Unknown,Dry,Daylight,Clear,Rear End(Front-to-Rear),"Yes, M/V and Driver Left Scene",No Controls,1,0,Unknown,2,,,
924081,2025-00033255,2025-05-08,2:36:00 PM,Vehicle - Object,,UNIT ST,ATWELLS AVE,Raymond Criner,340,2025-05-08,"Two-Way , Not Divided",Dry,Daylight,Clear,Not a Collision Between Two Motor Vehicles in Transport,"Yes, M/V and Driver Left Scene",No Controls,1,0,Unknown,1,,41.82644,-71.45443
924082,2025-00033007,2025-05-08,5:15:00 PM,Vehicle - Vehicle,,CALLA ST,BERNARD ST,Kyle Ludovici,390,2025-05-08,"Two-Way , Not Divided",Dry,Daylight,Clear,Angle (Front - to - Side) Right Angle (Includes Broadside),No,No Controls,3,1,Complains Of Pain,2,,41.78984,-71.40486
924083,2025-00033299,2025-05-08,4:50:00 PM,Vehicle - Vehicle,,NEWARK ST,VALLEY ST,Raymond Criner,340,2025-05-08,"Two-Way , Not Divided",Dry,Daylight,Cloudy,Head-On (Front - to - Front),No,Pavement Markings,2,1,Complains Of Pain,2,,41.82521,-71.43931
924084,2025-00033330,2025-05-08,6:47:00 PM,Vehicle - Vehicle,,150 DOUGLAS AVE,CHALKSTONE AVE,David Palumbo,106,2025-05-08,"Two-Way , Not Divided",Wet,Dusk,Cloudy,Angle (Front - to - Side) Right Angle (Includes Broadside),No,No Controls,5,0,No Injury,2,,41.83651,-71.42073
924085,2025-00033342,2025-05-08,7:28:00 PM,Vehicle - Vehicle,,South Water Street,Wickeden Street,Robert Raso,606,2025-05-08,One-Way Trafficway,Dry,Dusk,Clear,"Sideswipe, Same Direction",No,Traffic Control Signal,4,0,No Injury,2,2,,
924086,2025-00033276,2025-05-08,3:46:00 PM,Vehicle - Vehicle,,GLENBRIDGE AVE,MATTIE ST,Pedro Saravia,611,2025-05-08,"Two-Way , Not Divided",Dry,Daylight,Clear,Angle (Front - to - Side) Opposite Direction,No,No Controls,3,0,No Injury,2,,41.8216,-71.4608
924087,2025-00033316,2025-05-08,5:44:00 PM,Vehicle - Vehicle,,BROAD ST,BROAD ST,Cory Nicholls,609,2025-05-08,"Two-Way , Not Divided",Dry,Daylight,Clear,"Sideswipe, Same Direction",No,No Controls,2,0,No Injury,2,,41.7876,-71.40297
924184,2025-00033248,2025-05-08,2:12:00 PM,Vehicle - Vehicle,,262 CHARLES ST,CHARLES ST EXIT 23,D WILSON,123,2025-05-11,One-Way Trafficway,Dry,Daylight,Clear,Rear End(Front-to-Rear),No,No Controls,3,0,No Injury,2,,41.83785,-71.41427
925300,2025-00032970,2025-05-07,3:45:00 PM,Vehicle - Vehicle,,Valley street,DEAN ST,Saramarie Cerullo,151,2025-06-18,"Two-Way, Divided, Unprotected (painted>4feet) Medium",Dry,Daylight,Clear,Angle (Front - to - Side) Same Direction,No,Traffic Control Signal,2,0,No Injury,2,,41.83139,-71.42848
924242,2025-00034466,2025-05-07,2:11:00 PM,Vehicle - Vehicle,,MOUNT PLEASANT AVE,CATHEDRAL AVE,Michael Camardo,357,2025-05-13,"Two-Way, Divided, Unprotected (painted>4feet) Medium",Dry,Daylight,Clear,"Sideswipe, Same Direction","Yes, M/V and Driver Left Scene",No Controls,1,0,Unknown,2,,41.8407,-71.45234
924053,2025-00032991,2025-05-07,4:23:00 PM,Vehicle - Vehicle,,POWER ST,GANO ST,Luis Pelaez,336,2025-05-07,"Two-Way , Not Divided",Dry,Daylight,Clear,Angle (Front - to - Side) Right Angle (Includes Broadside),No,Stop Signs,4,0,No Injury,2,,41.82386,-71.3901
924054,2025-00033000,2025-05-07,4:55:00 PM,Vehicle - Parked Vehicle,,BRIDGE ST,POINT ST,Luis Pelaez,336,2025-05-07,One-Way Trafficway,Dry,Daylight,Clear,Not a Collision Between Two Motor Vehicles in Transport,No,No Controls,2,0,No Injury,2,,41.81794,-71.40213
924055,2025-00032837,2025-05-07,5:30:00 AM,Vehicle - Vehicle,,UNION AVE EXIT,UNION AVE,Jacob Coro,664,2025-05-08,One-Way Trafficway,Dry,Daylight,Clear,Rear End(Front-to-Rear),No,No Controls,3,0,No Injury,2,,41.8084,-71.44133
924036,2025-00032898,2025-05-07,11:02:00 AM,Vehicle - Vehicle,,VALLEY ST,RILL ST,Raleek Byfield,375,2025-05-07,"Two-Way, Divided, Unprotected (painted>4feet) Medium",Dry,Daylight,Clear,Angle (Front - to - Side) Opposite Direction,No,Pavement Markings,2,2,Non-Incapacitating,2,,41.82661,-71.43815
924037,2025-00032894,2025-05-07,10:42:00 AM,Vehicle - Parked Vehicle,,278 THURBERS AVE,PRAIRIE AVE,Hansel Ventura,570,2025-05-07,"Two-Way , Not Divided",Dry,Daylight,Clear,"Sideswipe, Same Direction",No,No Controls,3,1,Complains Of Pain,2,,41.79879,-71.41159
924038,2025-00032927,2025-05-07,12:33:00 PM,Vehicle - Vehicle,,ATWELLS AVE,PARNELL ST,Kyana Williams,426,2025-05-07,"Two-Way , Not Divided",Dry,Daylight,Clear,Rear - to - Side,No,No Controls,3,0,No Injury,2,,41.82533,-71.45384
924039,2025-00032929,2025-05-07,12:42:00 PM,Vehicle - Parked Vehicle,,MEETING ST,BROOK ST,Jeann Lugo,543,2025-05-07,"Two-Way , Not Divided",Dry,Daylight,Clear,Angle (Front - to - Side) Same Direction,No,No Controls,3,0,No Injury,2,,41.82923,-71.39977
924040,2025-00032915,2025-05-07,11:46:00 AM,Vehicle - Pedestrian,Pedestrian,WOOD STREET,PARADE ST,Hildenise Espanol,137,2025-05-07,"Two-Way , Not Divided",Dry,Daylight,Clear,Rear End(Front-to-Rear),"Yes, Driver Left Scene",No Controls,3,0,No Injury,2,,41.81267,-71.43242
924030,2025-00032900,2025-05-07,11:07:00 AM,Vehicle - Vehicle,,KILLINGLY ST,HARTFORD AVE,Igor Barbosa,114,2025-05-07,"Two-Way, Divided, Unprotected (painted>4feet) Medium",Dry,Daylight,Cloudy,Rear End(Front-to-Rear),No,Traffic Control Signal,3,0,No Injury,2,,41.81998,-71.46893
924031,2025-00032930,2025-05-07,12:37:00 PM,Vehicle - Vehicle,,Killingly Street,VERDIC AVE,Igor Barbosa,114,2025-05-07,"Two-Way, Divided, Unprotected (painted>4feet) Medium",Dry,Daylight,Clear,Rear End(Front-to-Rear),No,No Controls,3,0,No Injury,2,,41.81748,-71.46732
924042,2025-00032961,2025-05-07,2:38:00 PM,Vehicle - Vehicle,,S MAIN ST,,Jared Guiot,608,2025-05-07,One-Way Trafficway,Dry,Daylight,Clear,"Sideswipe, Same Direction",No,No Controls,2,0,No Injury,2,,41.81906,-71.40101
924045,2025-00032958,2025-05-07,2:51:00 PM,Vehicle - Vehicle,,CRANSTON ST,ANTHONY AVE,Tyler Calandra,418,2025-05-07,"Two-Way , Not Divided",Dry,Daylight,Clear,Angle (Front - to - Side) Right Angle (Includes Broadside),No,No Controls,3,2,Complains Of Pain,2,,41.80439,-71.43852
924046,2025-00032998,2025-05-07,4:37:00 PM,Vehicle - Vehicle,,CHARLES ST,W RIVER ST,Ptlm. Labutti,104,2025-05-07,"Two-Way , Not Divided",Dry,Daylight,Clear,Rear End(Front-to-Rear),"Yes, M/V and Driver Left Scene",Traffic Control Signal,2,0,No Injury,2,,41.83961,-71.41638
924047,2025-00032982,2025-05-07,3:40:00 PM,Vehicle - Vehicle,,ADMIRAL ST,FILLMORE ST,Ian Quinn,102,2025-05-07,"Two-Way , Not Divided",Dry,Daylight,Clear,Rear End(Front-to-Rear),No,Unknown,1,0,Unknown,2,2,41.84079,-71.4198
924048,2025-00033009,2025-05-07,5:24:00 PM,Vehicle - Vehicle,,SMITH STREET,RUGGLES STREET,Ian Quinn,102,2025-05-07,"Two-Way , Not Divided",Dry,Daylight,Clear,Angle (Front - to - Side) Right Angle (Includes Broadside),No,Stop Signs,3,0,No Injury,2,2,,
924049,2025-00033006,2025-05-07,5:17:00 PM,Vehicle - Vehicle,,HOPE STREET,OLNEY ST,Manuel Tueros,621,2025-05-07,"Two-Way , Not Divided",Dry,Daylight,Clear,Rear End(Front-to-Rear),No,Traffic Control Signal,4,0,No Injury,2,,41.83562,-71.40155
924050,2025-00033012,2025-05-07,5:32:00 PM,Vehicle - Vehicle,,CHARLES STREET,ORMS ST,Manuel Tueros,621,2025-05-07,"Two-Way , Not Divided",Dry,Daylight,Clear,Rear End(Front-to-Rear),No,No Controls,3,0,No Injury,2,,41.83549,-71.41167
924051,2025-00033060,2025-05-07,5:24:00 PM,Vehicle - Vehicle,,DEAN STREET,HARRIS AVE,Ian Quinn,102,2025-05-07,"Two-Way, Divided, Positive Median Barrier",Dry,Dusk,Clear,"Sideswipe, Same Direction","Yes, M/V and Driver Left Scene",No Controls,2,1,Complains Of Pain,2,5,41.82773,-71.42611
924130,2025-00032873,2025-05-07,9:37:00 AM,Vehicle - Vehicle,,593 EDDY STREET,DUDLEY STREET,Flavio Tavares,371,2025-05-09,"Two-Way, Divided, Unprotected (painted>4feet) Medium",Dry,Daylight,Clear,Angle (Front - to - Side) Same Direction,No,Traffic Control Signal,2,0,No Injury,2,,,
924020,2025-00032817,2025-05-07,1:04:00 AM,Vehicle - Object,,OLNEY ST,PRATT ST,Kelly Morel,687,2025-05-07,"Two-Way , Not Divided",Wet,Dark - Lighted,Clear,Not a Collision Between Two Motor Vehicles in Transport,No,No Controls,2,0,No Injury,1,,41.83513,-71.40933
924025,2025-00032869,2025-05-07,9:19:00 AM,Vehicle - Vehicle,,1215 NORTH MAIN STREET,I 95,Joseph Madeira,552,2025-05-07,"Two-Way , Not Divided",Dry,Daylight,Cloudy,Angle (Front - to - Side) Same Direction,"Yes, M/V and Driver Left Scene",Traffic Control Signal,1,0,No Injury,2,4,41.83586,-71.41601
924023,2025-00032732,2025-05-06,1:12:00 PM,Vehicle - Vehicle,,CLIFFORD ST,I 95 N,Jason Clancy,999,2025-05-07,Unknown,Wet,Daylight,Cloudy,Rear End(Front-to-Rear),No,Unknown,3,0,Unknown,2,,41.81625,-71.41436
924006,2025-00032713,2025-05-06,4:56:00 PM,Vehicle - Parked Vehicle,,DANTE ST,ADMIRAL ST,Ian Quinn,102,2025-05-06,"Two-Way , Not Divided",Wet,Daylight,Rain,Rear - to - Side,No,No Controls,2,0,No Injury,2,2,41.84617,-71.43111
924008,2025-00032691,2025-05-06,4:42:00 PM,Vehicle - Vehicle,,STOKES ST,WESTMINSTER ST,Brendan O'Brien,667,2025-05-06,"Two-Way , Not Divided",Wet,Daylight,Clear,Angle (Front - to - Side) Right Angle (Includes Broadside),No,No Controls,2,0,No Injury,2,,41.81673,-71.44282
924009,2025-00032697,2025-05-06,4:23:00 PM,Vehicle - Vehicle,,REDWING ST,BUCKLIN ST,Marco Figueroa,110,2025-05-06,"Two-Way , Not Divided",Wet,Daylight,Rain,"Sideswipe, Same Direction","Yes, M/V and Driver Left Scene",No Controls,4,1,Complains Of Pain,2,,41.79922,-71.42774
924014,2025-00032699,2025-05-06,4:30:00 PM,Vehicle - Vehicle,,805 N MAIN ST,CYPRESS ST,Patrick Hourahan,243,2025-05-06,"Two-Way , Not Divided",Wet,Daylight,Rain,"Sideswipe, Same Direction","Yes, M/V and Driver Left Scene",No Controls,1,0,No Injury,2,,41.84195,-71.40784
924017,2025-00032738,2025-05-06,6:19:00 PM,Vehicle - Vehicle,,KINSLEY AVE,PROMENADE ST,Ian Quinn,102,2025-05-06,One-Way Trafficway,Wet,Daylight,Rain,Rear End(Front-to-Rear),No,No Controls,5,0,No Injury,2,,41.82876,-71.4234
924018,2025-00032723,2025-05-06,5:23:00 PM,Vehicle - Vehicle,,VEAZIE ST,BRANCH AVE,Jared Guiot,608,2025-05-06,"Two-Way , Not Divided",Wet,Daylight,Rain,Rear End(Front-to-Rear),No,No Controls,2,0,No Injury,2,,41.85468,-71.4347
924019,2025-00032764,2025-05-06,8:40:00 PM,Vehicle - Vehicle,,164 Douglas,,Mark Roman,120,2025-05-06,"Two-Way , Not Divided",Wet,Dark - Not Lighted,Rain,Angle (Front - to - Side) Right Angle (Includes Broadside),No,No Controls,2,0,No Injury,2,,,
923990,2025-00032600,2025-05-06,8:41:00 AM,Vehicle - Object,,MOUNT PLEASANT AVE,LESLIE DR,Raleek Byfield,375,2025-05-06,"Two-Way, Divided, Unprotected (painted>4feet) Medium",Wet,Daylight,Rain,Not a Collision Between Two Motor Vehicles in Transport,No,Traffic Control Signal,1,1,Incapacitating,1,,41.84174,-71.45268
923991,2025-00032610,2025-05-06,9:38:00 AM,Vehicle - Pedestrian,Pedestrian,DEAN ST,WEST ST,John Palmer,101,2025-05-06,Unknown,Wet,Daylight,Cloudy,Rear - to - Side,No,No Controls,3,0,No Injury,2,,,
923992,2025-00032586,2025-05-06,7:51:00 AM,Vehicle - Vehicle,,STEERE AVE,AMHERST ST,Damaris Sanchez,566,2025-05-06,"Two-Way , Not Divided",Wet,Daylight,Clear,Angle (Front - to - Side) Right Angle (Includes Broadside),No,Stop Signs,3,0,No Injury,2,,41.82313,-71.44867
923993,2025-00032606,2025-05-06,9:17:00 AM,Vehicle - Vehicle,,HILLSIDE AVE,EAST AVE,Domingo Diaz,519,2025-05-06,"Two-Way, Divided, Unprotected (painted>4feet) Medium",Wet,Daylight,Cloudy,Angle - Direction Not Specified,No,Traffic Control Signal,2,0,No Injury,2,,41.8571,-71.39103
923987,2025-00032561,2025-05-06,1:38:00 AM,Vehicle - Vehicle,,ATWELLS AVE,DEAN ST,Domenic Schiavulli,653,2025-05-06,"Two-Way , Not Divided",Wet,Dark - Lighted,Rain,Rear End(Front-to-Rear),No,Traffic Control Signal,3,0,No Injury,2,,41.82338,-71.42399
923997,2025-00032635,2025-05-06,11:02:00 AM,Vehicle - Vehicle,,ELIZABETH ST,N MAIN ST,John Palmer,101,2025-05-06,One-Way Trafficway,Wet,Daylight,Rain,Angle (Front - to - Side) Right Angle (Includes Broadside),No,Stop Signs,3,1,Complains Of Pain,2,,41.82786,-71.40929
923998,2025-00032649,2025-05-06,12:15:00 PM,Vehicle - Parked Vehicle,,LLOYD AVE,THAYER ST,Jeann Lugo,543,2025-05-06,"Two-Way , Not Divided",Wet,Daylight,Rain,"Sideswipe, Same Direction",No,No Controls,3,0,No Injury,2,,41.83146,-71.40153
923999,2025-00032657,2025-05-06,12:43:00 PM,Vehicle - Vehicle,,Gano St,India St,Michael Cifuentes,330,2025-05-06,"Two-Way , Not Divided",Wet,Daylight,Rain,Head-On (Front - to - Front),No,No Controls,5,1,Complains Of Pain,2,,41.81811,-71.38952
924000,2025-00032674,2025-05-06,1:36:00 PM,Vehicle - Parked Vehicle,,MURRAY ST,NANCY ST,Luis Garcia Colon,128,2025-05-06,"Two-Way , Not Divided",Wet,Daylight,Rain,Rear - to - Side,No,No Controls,4,0,No Injury,2,,41.80968,-71.46177
924001,2025-00032673,2025-05-06,1:34:00 PM,Vehicle - Vehicle,,waterman st,IVES ST,Louis Gianfrancesco,350,2025-05-06,One-Way Trafficway,Wet,Daylight,Rain,Angle (Front - to - Side) Right Angle (Includes Broadside),No,Stop Signs,2,0,No Injury,2,2,41.82778,-71.39291
924003,2025-00032652,2025-05-06,12:30:00 PM,Vehicle - Vehicle,,CHAD BROWN ST,ADMIRAL ST,Raleek Byfield,375,2025-05-06,"Two-Way , Not Divided",Wet,Daylight,Rain,Other,No,Stop Signs,4,1,Complains Of Pain,3,,41.84213,-71.42138
924004,2025-00032703,2025-05-06,4:47:00 PM,Vehicle - Vehicle,,Douglas/Eaton,,Mark Roman,120,2025-05-06,"Two-Way , Not Divided",Wet,Daylight,Rain,Angle (Front - to - Side) Right Angle (Includes Broadside),No,No Controls,3,0,No Injury,2,,,
924117,2025-00032597,2025-05-06,8:29:00 AM,Vehicle - Vehicle,,MOUNT PLEASANT AVE,FAIRMOUNT AVE,Kyana Williams,426,2025-05-09,"Two-Way , Not Divided",Dry,Daylight,Clear,Head-On (Front - to - Front),No,Stop Signs,2,0,No Injury,2,,41.82649,-71.44875
924102,2025-00032591,2025-05-06,8:11:00 AM,Vehicle - Parked Vehicle,,Inkerman Street,PEKIN ST,Ryan Anderson,107,2025-05-09,One-Way Trafficway,Dry,Daylight,Clear,Rear - to - Side,No,No Controls,3,0,No Injury,2,,41.83682,-71.42456
924043,2025-00032668,2025-05-06,1:26:00 PM,Vehicle - Parked Vehicle,,10 Memorial Blvd,FRANCIS ST,Alexander Wagoner,541,2025-05-07,"Two-Way, Divided, Unprotected (painted>4feet) Medium",Dry,Daylight,Clear,"Sideswipe, Same Direction",No,No Controls,4,0,No Injury,2,,41.82618,-71.41444
924041,2025-00032632,2025-05-06,10:57:00 AM,Vehicle - Vehicle,,50 Admiral Street,ADMIRAL ST EXIT,Ryan Anderson,107,2025-05-07,"Two-Way , Not Divided",Wet,Daylight,Rain,"Sideswipe, Same Direction","Yes, M/V and Driver Left Scene",No Controls,2,0,No Injury,2,,41.84067,-71.41927
924035,2025-00032904,2025-05-06,4:10:00 PM,Vehicle - Parked Vehicle,,18 BODELL AVE,BODELL AVE,Quincy Griffin,970,2025-05-07,Unknown,Wet,Daylight,Rain,Rear - to - Side,No,No Controls,3,0,No Injury,2,,,
924123,2025-00032389,2025-05-05,11:54:00 AM,Vehicle - Vehicle,,ORMS ST,STATE ST,D WILSON,123,2025-05-09,"Two-Way, Divided, Unprotected (painted>4feet) Medium",Wet,Daylight,Rain,Rear End(Front-to-Rear),No,No Controls,3,0,No Injury,2,,41.83477,-71.41483
923996,2025-00032426,2025-05-05,1:35:00 PM,Vehicle - Parked Vehicle,,CHARLES ST,NAHANT ST,J. Clancy,999,2025-05-06,Unknown,Wet,Daylight,Cloudy,"Sideswipe, Same Direction",No,Unknown,3,0,Unknown,2,,41.85277,-71.42037
924024,2025-00032410,2025-05-05,1:12:00 PM,Vehicle - Vehicle,,CHALKSTONE AVE,FALLON AVE,J. Clancy,999,2025-05-07,"Two-Way , Not Divided",Wet,Daylight,Cloudy,Unknown,"Yes, M/V and Driver Left Scene",Unknown,4,0,Unknown,2,,41.83234,-71.44337
924013,2025-00032443,2025-05-05,3:25:00 PM,Vehicle - Vehicle,,LEXINGTON AVE,HAMILTON ST,Johansell Montilla,627,2025-05-06,"Two-Way , Not Divided",Dry,Daylight,Clear,Angle (Front - to - Side) Opposite Direction,No,Stop Signs,4,0,No Injury,2,,41.79868,-71.42086
923932,2025-00032311,2025-05-05,6:01:00 AM,Vehicle - Vehicle,,UNION AVE,EXIT,Dondre Dacosta,662,2025-05-05,"Two-Way , Not Divided",Wet,Daylight,Rain,Rear End(Front-to-Rear),No,Traffic Control Signal,4,1,Complains Of Pain,3,,41.80854,-71.44116
923934,2025-00032336,2025-05-05,8:10:00 AM,Vehicle - Vehicle,,Broad Street,SERVICE ROAD 7,Mario Andrade,130,2025-05-05,One-Way Trafficway,Wet,Dusk,Rain,Rear End(Front-to-Rear),"Yes, M/V and Driver Left Scene",No Controls,2,0,No Injury,2,,41.81736,-71.41696
923935,2025-00032321,2025-05-05,7:32:00 AM,Vehicle - Vehicle,,NEWARK ST,VALLEY ST,Raleek Byfield,375,2025-05-05,"Two-Way, Divided, Unprotected (painted>4feet) Medium",Wet,Dawn,Rain,Angle (Front - to - Side) Right Angle (Includes Broadside),"Yes, M/V and Driver Left Scene",Stop Signs,4,2,Complains Of Pain,2,,41.82521,-71.43931
923936,2025-00032332,2025-05-05,8:00:00 AM,Vehicle - Vehicle,,South Water,Tockwotten,Martin Hames,536,2025-05-05,One-Way Trafficway,Wet,Daylight,Rain,Angle (Front - to - Side) Same Direction,No,No Controls,2,0,No Injury,2,,,
923938,2025-00032341,2025-05-05,8:39:00 AM,Vehicle - Vehicle,,HARRIS AVE,US HWY 6,Joel Ikuejamofo,143,2025-05-05,One-Way Trafficway,Dry,Daylight,Clear,Angle (Front - to - Side) Opposite Direction,"Yes, M/V and Driver Left Scene",No Controls,2,0,No Injury,2,,41.82039,-71.438
923940,2025-00032346,2025-05-05,9:07:00 AM,Vehicle - Vehicle,,230 South Main Street,,Martin Hames,536,2025-05-05,One-Way Trafficway,Wet,Daylight,Rain,Angle (Front - to - Side) Same Direction,No,No Controls,3,0,No Injury,2,,,
923950,2025-00032322,2025-05-05,7:30:00 AM,Vehicle - Vehicle,,HOME AVE,MOLLOY ST,Jason Dennis,392,2025-05-05,"Two-Way , Not Divided",Wet,Daylight,Rain,Angle (Front - to - Side) Right Angle (Includes Broadside),No,No Controls,6,0,No Injury,2,,41.83487,-71.44537
923951,2025-00032392,2025-05-05,11:50:00 AM,Vehicle - Vehicle,,South Water,Tokwotten,Martin Hames,536,2025-05-05,One-Way Trafficway,Wet,Daylight,Rain,Angle (Front - to - Side) Same Direction,No,No Controls,3,0,No Injury,2,,,
923952,2025-00032405,2025-05-05,1:12:00 PM,Vehicle - Object,,COGGESHALL ST,DOUGLAS AVE,Ptlm. Castagliuolo,351,2025-05-05,"Two-Way , Not Divided",Wet,Daylight,Cloudy,Not a Collision Between Two Motor Vehicles in Transport,No,No Controls,2,0,No Injury,1,,41.84538,-71.4286
923953,2025-00032317,2025-05-05,7:05:00 AM,Vehicle - Vehicle,,SMITH ST,CHALKSTONE AVE,Ptlm. Castagliuolo,351,2025-05-05,"Two-Way , Not Divided",Wet,Daylight,Rain,Rear End(Front-to-Rear),No,Traffic Control Signal,3,1,Complains Of Pain,2,,41.83505,-71.42522
923958,2025-00032407,2025-05-05,1:22:00 PM,Vehicle - Vehicle,,HOPE STREET,DOYLE AVENUE,Joseph Madeira,552,2025-05-05,"Two-Way , Not Divided",Wet,Daylight,Cloudy,Rear End(Front-to-Rear),No,Traffic Control Signal,4,0,No Injury,2,,41.82597,-71.42112
923944,2025-00032359,2025-05-05,9:51:00 AM,Vehicle - Vehicle,,CHARLES ST,CHARLES ST,John Benros,481,2025-05-05,"Two-Way , Not Divided",Wet,Daylight,Rain,Other,No,No Controls,5,0,No Injury,3,,41.85508,-71.42074
923963,2025-00032414,2025-05-05,1:40:00 PM,Vehicle - Parked Vehicle,,EMMETT ST,PLAIN ST,Luis Garcia Colon,128,2025-05-05,"Two-Way , Not Divided",Wet,Daylight,Cloudy,"Sideswipe, Same Direction",No,No Controls,3,0,No Injury,2,,41.81425,-71.41337
923967,2025-00032367,2025-05-05,9:15:00 AM,Vehicle - Vehicle,,387 W FOUNTAIN ST,,J. Clancy,999,2025-05-05,Unknown,Wet,Daylight,Cloudy,Angle (Front - to - Side) Same Direction,No,Unknown,2,0,Unknown,2,,,
923968,2025-00032378,2025-05-05,7:45:00 AM,Vehicle - Vehicle,,HARRIS AVE,HARRIS AVE EXIT 22C,J. Clancy,999,2025-05-05,Unknown,Wet,Daylight,Rain,Unknown,No,Unknown,2,0,Unknown,2,,41.82673,-71.42562