CrashReportId,ReportNumber,CrashDate,CrashTime,TypeOfCollision,Collision Type,StreetOrHighway,NearestIntersection,Officer,Badge,ReportDate,TypeOfRoadway,RoadSurfaceCondition,LightCondition,WeatherCondition,MannerofImpact,HitAndRun,TrafficControl,PersonCount,InjuryCount,MostSeriousInjury,NumberofVehicles,NumberOfLanes,Latitude,Longitude
923970,2025-00032434,2025-05-05,3:16:00 PM,Vehicle - Vehicle,,BERKSHIRE ST,ADMIRAL ST,Ptlm. Labutti,104,2025-05-05,"Two-Way , Not Divided",Dry,Daylight,Clear,Angle (Front - to - Side) Right Angle (Includes Broadside),No,No Controls,3,0,No Injury,2,,41.84418,-71.42372
923972,2025-00032438,2025-05-05,3:26:00 PM,Vehicle - Vehicle,,CLIFFORD ST,EAST FRANKLIN,Cassidy Simanski,132,2025-05-05,One-Way Trafficway,Dry,Daylight,Rain,Angle (Front - to - Side) Same Direction,No,Traffic Control Signal,4,0,No Injury,2,,41.81646,-71.4138
923974,2025-00032441,2025-05-05,3:35:00 PM,Vehicle - Vehicle,,BROAD STREET,PRINCETON AVE,D. Hernandez,148,2025-05-05,"Two-Way , Not Divided",Wet,Daylight,Clear,Angle (Front - to - Side) Opposite Direction,No,No Controls,5,0,Unknown,4,,41.80551,-71.41971
923975,2025-00032458,2025-05-05,4:32:00 PM,Vehicle - Vehicle,,Valley St,RILL ST,Tyler Calandra,418,2025-05-05,"Two-Way , Not Divided",Wet,Daylight,Rain,Angle (Front - to - Side) Right Angle (Includes Broadside),No,No Controls,6,2,Complains Of Pain,3,,41.82663,-71.43812
923976,2025-00032478,2025-05-05,5:26:00 PM,Vehicle - Vehicle,,WHITMARSH ST,UPDIKE ST,D. Hernandez,148,2025-05-05,"Two-Way , Not Divided",Wet,Daylight,Cloudy,Angle (Front - to - Side) Same Direction,No,No Controls,4,0,Unknown,2,,41.80607,-71.41989
923978,2025-00032471,2025-05-05,5:04:00 PM,Vehicle - Vehicle,,POTTERS AVE,HAMILTON ST,D. Hernandez,148,2025-05-05,"Two-Way , Not Divided",Wet,Daylight,Clear,Rear End(Front-to-Rear),No,No Controls,3,0,Unknown,2,,41.80188,-71.42265
923979,2025-00032484,2025-05-05,5:55:00 PM,Vehicle - Vehicle,,FARM ST,HOME AVE,Atanael Lara,129,2025-05-05,"Two-Way , Not Divided",Dry,Daylight,Cloudy,Rear - to - Side,"Yes, M/V and Driver Left Scene",Stop Signs,2,0,No Injury,2,,41.83725,-71.44562
923980,2025-00032483,2025-05-05,5:59:00 PM,Vehicle - Vehicle,,FRANCIS STREET,GASPEE ST,Manuel Tueros,621,2025-05-05,"Two-Way , Not Divided",Wet,Daylight,Clear,"Sidwswipe, Opposite Direction","Yes, M/V and Driver Left Scene",Traffic Control Signal,1,0,No Injury,2,,41.82914,-71.41506
923981,2025-00032495,2025-05-05,7:07:00 PM,Vehicle - Vehicle,,MEMORIAL BLVD,EXCHANGE TER,Cassidy Simanski,132,2025-05-05,"Two-Way, Divided, Positive Median Barrier",Wet,Daylight,Rain,Angle (Front - to - Side) Same Direction,No,Traffic Control Signal,4,0,No Injury,2,,41.8267,-71.41078
923982,2025-00032508,2025-05-05,8:11:00 PM,Vehicle - Vehicle,,NORTH MAIN STREET,CYPRESS ST,Manuel Tueros,621,2025-05-05,"Two-Way , Not Divided",Wet,Dark - Lighted,Clear,Angle (Front - to - Side) Same Direction,No,Traffic Control Signal,3,0,No Injury,2,,41.84198,-71.40782
923983,2025-00032449,2025-05-05,3:58:00 PM,Vehicle - Vehicle,,KILLINGLY ST,HARTFORD AVE,Terrence Gibson,610,2025-05-05,"Two-Way , Not Divided",Wet,Daylight,Rain,Rear End(Front-to-Rear),No,Traffic Control Signal,3,1,Complains Of Pain,2,,41.81998,-71.46893
923984,2025-00032429,2025-05-05,2:42:00 PM,Vehicle - Vehicle,,WARRINGTON ST,BROAD ST,Johansell Montilla,627,2025-05-05,"Two-Way , Not Divided",Dry,Daylight,Clear,Rear - to - Side,No,No Controls,4,0,No Injury,2,,41.7965,-71.41336
923985,2025-00032477,2025-05-05,5:39:00 PM,Vehicle - Vehicle,,W CLIFFORD ST,SOMERSET ST,Jose Cortorreal,604,2025-05-05,"Two-Way , Not Divided",Dry,Daylight,Rain,Angle (Front - to - Side) Right Angle (Includes Broadside),No,No Controls,3,1,Complains Of Pain,2,,41.8117,-71.41824
923986,2025-00032526,2025-05-05,9:54:00 PM,Vehicle - Parked Vehicle,,ADMIRAL ST,ZELLA ST,Brandon Macedo,177,2025-05-05,"Two-Way , Not Divided",Wet,Dark - Lighted,Clear,Rear End(Front-to-Rear),No,No Controls,2,1,Non-Incapacitating,2,,41.84974,-71.44029
923922,2025-00032300,2025-05-05,3:16:00 AM,Vehicle - Parked Vehicle,,GAY STREET,DUDLEY ST,Tyler Houlihan,617,2025-05-05,"Two-Way, Divided, Unprotected (painted>4feet) Medium",Wet,Dark - Not Lighted,Rain,Rear End(Front-to-Rear),"Yes, M/V and Driver Left Scene",No Controls,1,0,No Injury,2,,41.81034,-71.41297
923927,2025-00032304,2025-05-05,5:07:00 AM,Vehicle - Vehicle,,DEAN ST,ACORN ST,Antonio Valdez,659,2025-05-05,"Two-Way, Divided, Unprotected (painted>4feet) Medium",Wet,Daylight,Rain,Head-On (Front - to - Front),No,Flashing Traffic Control Signal,3,0,No Injury,3,,,
923929,2025-00032313,2025-05-05,6:41:00 AM,Vehicle - Object,,Courtland Street,BRIGHTON ST,Mario Andrade,130,2025-05-05,"Two-Way, Divided, Unprotected (painted>4feet) Medium",Wet,Dawn,Rain,Other,"Yes, Driver Left Scene",No Controls,1,0,Unknown,1,,41.81869,-71.43095
924472,2025-00032470,2025-05-05,5:00:00 PM,Vehicle - Vehicle,,WHITMARSH ST,UPDIKE ST,D. Hernandez,148,2025-05-20,"Two-Way , Not Divided",Wet,Dark - Lighted,Cloudy,Angle (Front - to - Side) Same Direction,No,No Controls,4,0,Unknown,2,,41.80607,-71.4199
924203,2025-00033637,2025-05-04,,Vehicle - Vehicle,,BROWN ST,,J. Clancy,999,2025-05-12,Unknown,Dry,Daylight,Clear,"Sidwswipe, Opposite Direction",No,Unknown,1,0,Unknown,2,,,
923931,2025-00032084,2025-05-04,1:25:00 PM,Vehicle - Vehicle,,W RIVER ST,BRANCH AVE,John Benros,481,2025-05-05,"Two-Way , Not Divided",Dry,Daylight,Clear,Head-On (Front - to - Front),No,Traffic Control Signal,2,0,No Injury,2,,41.84688,-71.4127
923919,2025-00032213,2025-05-04,8:47:00 PM,Vehicle - Parked Vehicle,,ADELAIDE AVE,MELROSE ST,Matthew Carlone,602,2025-05-04,"Two-Way , Not Divided",Dry,Dark - Lighted,Clear,"Sideswipe, Same Direction","Yes, M/V and Driver Left Scene",No Controls,1,0,Unknown,2,,41.79668,-71.42244
923920,2025-00032131,2025-05-04,4:26:00 PM,Vehicle - Pedestrian,Bicycle,WARRINGTON ST,EMERSON ST,Jose Cortorreal,604,2025-05-04,"Two-Way , Not Divided",Dry,Daylight,Clear,Not a Collision Between Two Motor Vehicles in Transport,No,No Controls,3,1,Complains Of Pain,1,,41.79667,-71.41277
923921,2025-00032241,2025-05-04,10:41:00 PM,Vehicle - Vehicle,,STEUBEN ST,ATWELLS AVE,Lucas Ramalho,507,2025-05-05,"Two-Way , Not Divided",Dry,Dark - Lighted,Clear,"Sidwswipe, Opposite Direction",No,No Controls,5,0,No Injury,2,,41.82508,-71.44935
923903,2025-00032041,2025-05-04,10:21:00 AM,Vehicle - Vehicle,,WASHINGTON AVE,MICHIGAN AVE,Waldorf Pognon,501,2025-05-04,"Two-Way , Not Divided",Dry,Daylight,Clear,Rear - to - Side,No,No Controls,4,0,No Injury,2,2,41.7885,-71.39392
923904,2025-00032048,2025-05-04,11:06:00 AM,Vehicle - Parked Vehicle,,ives st,PITMAN ST,Louis Gianfrancesco,350,2025-05-04,"Two-Way , Not Divided",Dry,Daylight,Clear,Angle (Front - to - Side) Same Direction,No,No Controls,3,0,No Injury,2,2,41.82631,-71.39272
923905,2025-00032064,2025-05-04,12:34:00 PM,Vehicle - Parked Vehicle,,BEACON AVE,POINT ST,Raleek Byfield,375,2025-05-04,"Two-Way , Not Divided",Dry,Daylight,Clear,"Sideswipe, Same Direction",No,No Controls,7,0,No Injury,2,,41.81464,-71.41424
923911,2025-00032073,2025-05-04,12:52:00 PM,Vehicle - Vehicle,,ELMWOOD AVE,CADILLAC DR,Hansel Ventura,570,2025-05-04,"Two-Way, Divided, Positive Median Barrier",Dry,Daylight,Clear,Angle (Front - to - Side) Right Angle (Includes Broadside),No,Stop Signs,8,2,Complains Of Pain,3,,41.78915,-71.42129
923912,2025-00032120,2025-05-04,3:54:00 PM,Vehicle - Pedestrian,Pedestrian,S WATER ST,POINT ST,Tyler Calandra,418,2025-05-04,"Two-Way , Not Divided",Dry,Daylight,Clear,Angle (Front - to - Side) Right Angle (Includes Broadside),No,No Controls,3,0,No Injury,1,,41.81864,-71.4017
923913,2025-00030540,2025-05-04,5:51:00 PM,Vehicle - Vehicle,,ALLENS AVE,GLOBE ST,Christian Main,145,2025-05-04,"Two-Way, Divided, Unprotected (painted>4feet) Medium",Dry,Daylight,Clear,Angle (Front - to - Side) Right Angle (Includes Broadside),No,No Controls,4,0,No Injury,2,2,,
923914,2025-00032146,2025-05-04,5:02:00 PM,Vehicle - Parked Vehicle,,LOCKWOOD ST,PLAIN ST,Matthew Carlone,602,2025-05-04,One-Way Trafficway,Dry,Daylight,Cloudy,Unknown,"Yes, M/V and Driver Left Scene",No Controls,1,0,Unknown,2,,41.81154,-71.41171
923915,2025-00032106,2025-05-04,3:07:00 PM,Vehicle - Vehicle,,1 PROVIDENCE PL,,Christian Main,145,2025-05-04,One-Way Trafficway,Dry,Daylight,Clear,Angle (Front - to - Side) Right Angle (Includes Broadside),"Yes, M/V and Driver Left Scene",No Controls,4,0,No Injury,2,,,
923890,2025-00031912,2025-05-04,12:17:00 AM,Vehicle - Parked Vehicle,,KILLINGLY ST,VERDIC AVE,Carla Pineyro,661,2025-05-04,"Two-Way, Divided, Unprotected (painted>4feet) Medium",Dry,Dark - Lighted,Cloudy,Rear End(Front-to-Rear),No,No Controls,2,0,No Injury,2,2,41.81747,-71.46731
923892,2025-00031941,2025-05-04,1:34:00 AM,Vehicle - Parked Vehicle,,318 OCONNOR ST,PARKVIEW AVE,Patrolwoman Viera,678,2025-05-04,"Two-Way , Not Divided",Dry,Dark - Lighted,Clear,Rear - to - Rear,No,No Controls,3,0,No Injury,2,,41.79215,-71.40561
923896,2025-00031272,2025-05-04,4:02:00 AM,Vehicle - Vehicle,,Dorchester Avenue,BARROWS ST,Luis Boror,575,2025-05-04,"Two-Way , Not Divided",Dry,Dawn,Clear,Angle (Front - to - Side) Right Angle (Includes Broadside),No,Stop Signs,2,0,No Injury,2,,41.81099,-71.45534
923898,2025-00032004,2025-05-04,6:06:00 AM,Vehicle - Object,,BROAD ST,CONGRESS AVE,Hannabeth Mendez,675,2025-05-04,"Two-Way , Not Divided",Dry,Daylight,Clear,Not a Collision Between Two Motor Vehicles in Transport,No,Traffic Control Signal,1,1,Non-Incapacitating,1,,41.80105,-71.41806
923899,2025-00032024,2025-05-04,9:15:00 AM,Vehicle - Parked Vehicle,,ETHAN ST,MURRAY ST,Raleek Byfield,375,2025-05-04,"Two-Way , Not Divided",Dry,Dark - Unknown Lighting,Clear,"Sideswipe, Same Direction",No,No Controls,2,0,Unknown,2,,41.80828,-71.45881
923894,2025-00031933,2025-05-04,1:10:00 AM,Vehicle - Vehicle,,Fruit hill Ave,Woonasquatucket ave,Pedroangel Pena Campusano,677,2025-05-04,"Two-Way , Not Divided",Dry,Dark - Lighted,Clear,Rear End(Front-to-Rear),No,No Controls,5,0,No Injury,2,,,
923966,2025-00032380,2025-05-04,2:05:00 AM,Vehicle - Vehicle,,PRAIRIE AVE,COLFAX ST,J. Clancy,999,2025-05-05,"Two-Way , Not Divided",Dry,Dark - Unknown Lighting,Clear,Angle (Front - to - Side) Same Direction,"Yes, M/V and Driver Left Scene",Unknown,5,0,Unknown,2,,41.7995,-71.41224
923942,2025-00032088,2025-05-04,11:40:00 AM,Vehicle - Parked Vehicle,,PROVIDENCE PL,,J. Clancy,999,2025-05-05,Unknown,Dry,Daylight,Clear,Unknown,No,Unknown,2,0,Unknown,2,,,
923995,2025-00032462,2025-05-04,1:00:00 AM,Vehicle - Vehicle,,LINWOOD AVE,CRANSTON ST,J. Clancy,999,2025-05-06,"Two-Way , Not Divided",Dry,Dark - Unknown Lighting,Cloudy,Rear - to - Side,No,Unknown,1,0,Unknown,2,,41.807,-71.43566
924015,2025-00031840,2025-05-03,8:08:00 PM,Vehicle - Vehicle,,505 POTTERS AVE,,Brandon McDonnell,620,2025-05-06,"Two-Way , Not Divided",Dry,Dark - Lighted,Clear,Rear - to - Side,"Yes, M/V and Driver Left Scene",No Controls,2,0,No Injury,2,,,
924010,2025-00031869,2025-05-03,9:47:00 PM,Vehicle - Vehicle,,488 ELMWOOD AVE,,Brandon McDonnell,620,2025-05-06,"Two-Way , Not Divided",Dry,Dark - Lighted,Clear,Angle (Front - to - Side) Same Direction,"Yes, M/V and Driver Left Scene",No Controls,2,0,No Injury,2,,,
924007,2025-00031792,2025-05-03,5:35:00 PM,Vehicle - Parked Vehicle,,IVES ST,AMY ST,Luis Pelaez,336,2025-05-06,"Two-Way , Not Divided",Dry,Daylight,Clear,"Sideswipe, Same Direction","Yes, M/V and Driver Left Scene",No Controls,1,0,Unknown,2,,41.82501,-71.39252
923964,2025-00031736,2025-05-03,2:04:00 PM,Vehicle - Vehicle,,ELMDALE AVE,WEBSTER AVE,Ajay Subramaniam,569,2025-05-05,"Two-Way , Not Divided",Dry,Daylight,Clear,Angle (Front - to - Side) Right Angle (Includes Broadside),No,Stop Signs,2,1,Complains Of Pain,2,,41.80746,-71.44785
923965,2025-00032363,2025-05-03,2:30:00 AM,Vehicle - Vehicle,,MEMORIAL BLVD,FRANCIS ST,J. Clancy,999,2025-05-05,One-Way Trafficway,Dry,Dark - Unknown Lighting,Clear,Rear End(Front-to-Rear),No,Unknown,2,0,Unknown,2,,41.82589,-71.41537
923895,2025-00031904,2025-05-03,11:41:00 PM,Vehicle - Parked Vehicle,,HUNTINGTON AVE,CRANSTON ST,Domenic Schiavulli,653,2025-05-04,Unknown,Dry,Dark - Lighted,Clear,Angle (Front - to - Side) Opposite Direction,"Yes, M/V and Driver Left Scene",No Controls,1,0,Unknown,2,,41.8038,-71.43917
923901,2025-00031707,2025-05-03,12:18:00 PM,Vehicle - Vehicle,,HAWTHORNE RD,HAWTHORNE RD,Michelle Chasse,264,2025-05-04,"Two-Way , Not Divided",Dry,Daylight,Clear,Rear End(Front-to-Rear),No,No Controls,7,0,No Injury,2,,41.78893,-71.41313
923893,2025-00031887,2025-05-03,11:05:00 PM,Vehicle - Vehicle,,JULIAN ST,ATWELLS AVE,Kyle Baxter,634,2025-05-04,"Two-Way , Not Divided",Dry,Dark - Lighted,Cloudy,Angle (Front - to - Side) Right Angle (Includes Broadside),No,Traffic Control Signal,4,0,No Injury,2,,41.82484,-71.44463
923864,2025-00031701,2025-05-03,12:04:00 PM,Vehicle - Vehicle,,OLNEYVILLE SQ,MANTON AVE,Damaris Sanchez,566,2025-05-03,"Two-Way , Not Divided",Dry,Daylight,Clear,Rear End(Front-to-Rear),No,Traffic Control Signal,2,0,No Injury,2,,41.81676,-71.44329
923865,2025-00031703,2025-05-03,12:06:00 PM,Vehicle - Parked Vehicle,,CHALKSTONE AVE,CANTON ST,Matthew LeClerc,180,2025-05-03,"Two-Way , Not Divided",Dry,Daylight,Clear,"Sideswipe, Same Direction",No,No Controls,4,0,No Injury,2,2,41.83229,-71.4422
923850,2025-00031572,2025-05-03,12:51:00 AM,Vehicle - Vehicle,,POWER ST,HOPE ST,Stephen Sage,353,2025-05-03,"Two-Way, Divided, Unprotected (painted>4feet) Medium",Dry,Dark - Lighted,Clear,Angle (Front - to - Side) Right Angle (Includes Broadside),No,Stop Signs,7,1,Complains Of Pain,2,,41.82318,-71.39702
923851,2025-00031584,2025-05-03,1:22:00 AM,Vehicle - Vehicle,,WASHINGTON ST,EMPIRE ST,Shaolin Herr,556,2025-05-03,"Two-Way , Not Divided",Dry,Dark - Lighted,Clear,"Sideswipe, Same Direction",No,No Controls,3,0,No Injury,2,,41.822,-71.4162
923862,2025-00031674,2025-05-03,9:53:00 AM,Vehicle - Vehicle,,PLAINFIELD STREET,HARTFORD AVENUE,Patrolwoman Addai,513,2025-05-03,"Two-Way, Divided, Unprotected (painted>4feet) Medium",Dry,Daylight,Clear,Rear End(Front-to-Rear),"Yes, M/V and Driver Left Scene",No Controls,1,0,No Injury,2,2,,
923916,2025-00031940,2025-05-03,1:29:00 AM,Vehicle - Object,,OAKLAND AVE,EATON ST,Alexander Frias,669,2025-05-04,"Two-Way , Not Divided",Dry,Dark - Lighted,Clear,Not a Collision Between Two Motor Vehicles in Transport,"Yes, Driver Left Scene",No Controls,2,0,Unknown,1,,41.84102,-71.42851
923906,2025-00031860,2025-05-03,9:29:00 PM,Vehicle - Vehicle,,CHAUCER ST,ERASTUS ST,Kelsey Woodbine,633,2025-05-04,"Two-Way , Not Divided",Dry,Dark - Lighted,Clear,"Sideswipe, Same Direction","Yes, M/V and Driver Left Scene",No Controls,1,0,No Injury,2,,41.82834,-71.45106
923908,2025-00031811,2025-05-03,6:29:00 PM,Vehicle - Vehicle,,SMITH ST,CHALKSTONE AVE,Ryan Fernandes,125,2025-05-04,"Two-Way, Divided, Unprotected (painted>4feet) Medium",Dry,Daylight,Cloudy,Angle (Front - to - Side) Opposite Direction,No,Traffic Control Signal,3,0,No Injury,2,,41.83521,-71.42565
923888,2025-00031838,2025-05-03,7:51:00 PM,Vehicle - Vehicle,,F C GREENE MEMORIAL BLVD,F C GREENE MEMORIAL BLVD,Michael Sullivan,347,2025-05-03,One-Way Trafficway,Dry,Dusk,Clear,"Sideswipe, Same Direction","Yes, M/V and Driver Left Scene",No Controls,4,0,No Injury,2,1,41.77778,-71.41455
923910,2025-00031844,2025-05-03,8:30:00 PM,Vehicle - Vehicle,,ORTOLEVA DR,CHALKSTONE AVE,Alexander Frias,669,2025-05-04,"Two-Way , Not Divided",Dry,Dark - Lighted,Clear,"Sidwswipe, Opposite Direction",No,No Controls,2,0,No Injury,2,,41.83155,-71.4575
923867,2025-00031724,2025-05-03,1:24:00 PM,Vehicle - Vehicle,,Broad St,,Alexander Wagoner,541,2025-05-03,"Two-Way , Not Divided",Dry,Daylight,Clear,Rear End(Front-to-Rear),No,Traffic Control Signal,3,0,No Injury,2,,41.81806,-71.41618
923868,2025-00031670,2025-05-03,9:40:00 AM,Vehicle - Parked Vehicle,,NASHUA ST,MATILDA ST,Jeann Lugo,543,2025-05-03,"Two-Way , Not Divided",Dry,Daylight,Clear,"Sideswipe, Same Direction",No,No Controls,6,0,No Injury,2,,41.85446,-71.40155
923873,2025-00031735,2025-05-03,2:02:00 PM,Vehicle - Vehicle,,PLAINFIELD STREET,ATWOOD ST,Patrolwoman Addai,513,2025-05-03,"Two-Way, Divided, Unprotected (painted>4feet) Medium",Dry,Daylight,Clear,Angle (Front - to - Side) Right Angle (Includes Broadside),No,No Controls,6,0,No Injury,2,2,41.81598,-71.44505
923874,2025-00031744,2025-05-03,2:22:00 PM,Vehicle - Vehicle,,BRANCH AVENUE,BRANCH AVE EXIT,Ian Quinn,102,2025-05-03,"Two-Way , Not Divided",Dry,Daylight,Clear,Rear End(Front-to-Rear),No,Traffic Control Signal,5,0,No Injury,2,4,41.84643,-71.4118
923875,2025-00031745,2025-05-03,2:15:00 PM,Vehicle - Parked Vehicle,,HOPE ST,JOHN ST,D. Hernandez,148,2025-05-03,"Two-Way , Not Divided",Dry,Daylight,Clear,Not a Collision Between Two Motor Vehicles in Transport,"Yes, M/V and Driver Left Scene",No Controls,1,0,Unknown,2,,41.82208,-71.39663
923876,2025-00031772,2025-05-03,4:34:00 PM,Vehicle - Vehicle,,BROADWAY,SERVICE ROAD 7,Cory Nicholls,609,2025-05-03,One-Way Trafficway,Dry,Daylight,Clear,Rear End(Front-to-Rear),No,Traffic Control Signal,3,0,No Injury,2,,41.82186,-71.42079
923879,2025-00031758,2025-05-03,3:41:00 PM,Vehicle - Vehicle,,EXIT 22A (RT ),FRANCIS ST,Ptlw. Kawejsza,118,2025-05-03,One-Way Trafficway,Dry,Daylight,Clear,Angle (Front - to - Side) Opposite Direction,No,Traffic Control Signal,6,0,No Injury,2,,41.82577,-71.41527
923880,2025-00031786,2025-05-03,5:17:00 PM,Vehicle - Vehicle,,Broad St,Lillian Ave,Brandon McDonnell,620,2025-05-03,"Two-Way , Not Divided",Dry,Daylight,Clear,Rear End(Front-to-Rear),No,No Controls,3,0,No Injury,2,,,
923881,2025-00031805,2025-05-03,6:17:00 PM,Vehicle - Vehicle,,PARK ST,BROWNELL ST,Ptlw. Kawejsza,118,2025-05-03,"Two-Way, Divided, Unprotected (painted>4feet) Medium",Dry,Daylight,Cloudy,Angle (Front - to - Side) Same Direction,No,No Controls,2,0,No Injury,2,,41.83023,-71.41735
923882,2025-00031754,2025-05-03,3:06:00 PM,Vehicle - Vehicle,,JASTRAM ST,EATON ST,Raymond Criner,340,2025-05-03,One-Way Trafficway,Dry,Daylight,Clear,Angle (Front - to - Side) Right Angle (Includes Broadside),No,Pavement Markings,7,3,Complains Of Pain,2,,41.84184,-71.44332
923883,2025-00031831,2025-05-03,7:39:00 PM,Vehicle - Parked Vehicle,,LAWN ST,CHALKSTONE AVE,Raymond Criner,340,2025-05-03,"Two-Way , Not Divided",Dry,Dark - Not Lighted,Clear,"Sidwswipe, Opposite Direction",No,No Controls,4,0,No Injury,2,,41.83281,-71.44664
923884,2025-00031836,2025-05-03,7:53:00 PM,Vehicle - Vehicle,,FRANCIS ST,SMITH ST,Michael Gammino,491,2025-05-03,"Two-Way, Divided, Unprotected (painted>4feet) Medium",Dry,Dark - Lighted,Cloudy,Angle (Front - to - Side) Right Angle (Includes Broadside),No,Traffic Control Signal,2,1,Complains Of Pain,2,,41.83181,-71.41629
924096,2025-00031720,2025-05-03,1:09:00 PM,Vehicle - Vehicle,,CHARLES ST,BRANCH AVE,Albert Pereira,111,2025-05-09,"Two-Way , Not Divided",Dry,Daylight,Clear,Angle (Front - to - Side) Right Angle (Includes Broadside),No,No Controls,3,0,No Injury,2,,41.85051,-71.42001
924071,2025-00033046,2025-05-03,11:00:00 PM,Vehicle - Vehicle,,N MAIN ST,STEEPLE ST,Jason Clancy,999,2025-05-08,One-Way Trafficway,Dry,Dark - Unknown Lighting,Clear,Rear End(Front-to-Rear),No,Unknown,2,0,Unknown,2,,41.82748,-71.40906
924088,2025-00031871,2025-05-03,9:59:00 PM,Vehicle - Parked Vehicle,,ROSEDALE ST,ELLERY ST,Serge Bouyssou,105,2025-05-08,"Two-Way , Not Divided",Dry,Dark - Lighted,Clear,Rear End(Front-to-Rear),No,Stop Signs,2,0,No Injury,2,,41.81052,-71.43824
924044,2025-00031862,2025-05-03,9:36:00 PM,Vehicle - Vehicle,,BARSTOW ST,VALLEY ST,Brendan O'Brien,667,2025-05-07,"Two-Way , Not Divided",Dry,Dark - Lighted,Clear,"Sideswipe, Same Direction","Yes, M/V and Driver Left Scene",No Controls,2,0,No Injury,2,,41.82413,-71.43965
924179,2025-00031734,2025-05-03,2:01:00 PM,Vehicle - Vehicle,,HARTFORD AVE,HARTFORD AVE,Michelle Nunez,140,2025-05-11,"Two-Way , Not Divided",Dry,Daylight,Clear,Angle (Front - to - Side) Right Angle (Includes Broadside),No,No Controls,5,3,Complains Of Pain,2,,41.81886,-71.46073
924349,2025-00035460,2025-05-03,4:07:00 PM,Vehicle - Parked Vehicle,,POINT ST,PARSONAGE ST,J Clancy,999,2025-05-16,"Two-Way , Not Divided",Dry,Daylight,Clear,Other,"Yes, M/V and Driver Left Scene",Unknown,1,0,Unknown,2,,41.81597,-71.40873
924509,2025-00037579,2025-05-03,2:00:00 AM,Vehicle - Vehicle,,ELMWOOD AVE,RUTLAND ST,Quincy Griffin,970,2025-05-22,"Two-Way , Not Divided",Dry,Dark - Not Lighted,Clear,Rear End(Front-to-Rear),"Yes, M/V and Driver Left Scene",No Controls,2,2,Complains Of Pain,2,,41.79877,-71.42634
924636,2025-00038508,2025-05-03,9:00:00 AM,Vehicle - Parked Vehicle,,29 LONGFELLOW TER,,Jason Clancy,999,2025-05-27,Unknown,Unknown,Daylight,Clear,Unknown,"Yes, M/V and Driver Left Scene",Unknown,3,0,Unknown,2,,,
925336,2025-00031382,2025-05-02,3:06:00 PM,Vehicle - Vehicle,,JUNCTION ST,BRIDGHAM ST,Evan Alarcon,131,2025-06-19,"Two-Way , Not Divided",Dry,Daylight,Clear,Angle - Direction Not Specified,No,No Controls,4,0,No Injury,2,,41.81246,-71.42386
924608,2025-00038274,2025-05-02,9:56:00 AM,Vehicle - Vehicle,,BROADWAY,JOHN J PARTINGTON WAY,Vanessa Hull,648,2025-05-26,One-Way Trafficway,Dry,Daylight,Clear,Angle - Direction Not Specified,No,Traffic Control Signal,4,0,No Injury,2,,,
924872,2025-00041349,2025-05-02,6:05:00 PM,Vehicle - Parked Vehicle,,MARLBOROUGH AVE,TAYLOR ST,Jason Clancy,999,2025-06-03,"Two-Way , Not Divided",Dry,Daylight,Clear,Rear - to - Side,No,Unknown,3,0,Unknown,2,,41.80622,-71.41761
924902,2025-00031277,2025-05-02,7:17:00 AM,Vehicle - Vehicle,,Potters Ave,GRAND ST,Stephen Noti,119,2025-06-04,"Two-Way , Not Divided",Dry,Daylight,Clear,Angle (Front - to - Side) Right Angle (Includes Broadside),No,Unknown,3,0,No Injury,2,,41.80296,-71.43192
924246,2025-00034382,2025-05-02,,Vehicle - Vehicle,,I 95 S,CHARLES ST,J. Clancy,999,2025-05-13,One-Way Trafficway,Dry,Unknown,Clear,Rear End(Front-to-Rear),No,Unknown,4,2,Complains Of Pain,2,,41.83748,-71.41381
924178,2025-00031336,2025-05-02,11:13:00 AM,Vehicle - Parked Vehicle,,MAPLE ST,PRINCE ST,Michelle Nunez,140,2025-05-11,"Two-Way , Not Divided",Dry,Daylight,Clear,Not a Collision Between Two Motor Vehicles in Transport,No,No Controls,2,0,No Injury,2,,41.81516,-71.41552
924199,2025-00033542,2025-05-02,1:55:00 PM,Vehicle - Vehicle,,WESTMINSTER ST,,J. Clancy,999,2025-05-12,Unknown,Dry,Daylight,Cloudy,Other,No,Unknown,2,1,Complains Of Pain,2,,,
924070,2025-00033041,2025-05-02,5:02:00 PM,Vehicle - Vehicle,,PROVIDENCE PL,,Jason Clancy,999,2025-05-08,Unknown,Dry,Dusk,Clear,Other,"Yes, M/V and Driver Left Scene",Unknown,2,0,Unknown,2,,,
923885,2025-00031506,2025-05-02,8:41:00 PM,Vehicle - Vehicle,,HARTFORD AVE,LAUREL HILL AVE,Lucas Ramalho,507,2025-05-03,"Two-Way , Not Divided",Dry,Dark - Lighted,Clear,Angle (Front - to - Side) Same Direction,"Yes, Driver Left Scene",Traffic Control Signal,2,0,No Injury,2,,41.81773,-71.45424
923843,2025-00031429,2025-05-02,5:20:00 PM,Vehicle - Vehicle,,CHARLES STREET,ADMIRAL STREET,Ian Quinn,102,2025-05-02,"Two-Way, Divided, Positive Median Barrier",Dry,Daylight,Clear,Rear End(Front-to-Rear),No,No Controls,2,1,Complains Of Pain,2,3,,