CrashReportId,ReportNumber,CrashDate,CrashTime,TypeOfCollision,Collision Type,StreetOrHighway,NearestIntersection,Officer,Badge,ReportDate,TypeOfRoadway,RoadSurfaceCondition,LightCondition,WeatherCondition,MannerofImpact,HitAndRun,TrafficControl,PersonCount,InjuryCount,MostSeriousInjury,NumberofVehicles,NumberOfLanes,Latitude,Longitude
923844,2025-00031424,2025-05-02,5:11:00 PM,Vehicle - Vehicle,,KILLINGLY ST EXIT,KILLINGLY ST,Raymond Criner,340,2025-05-02,"Two-Way , Not Divided",Dry,Daylight,Clear,Angle (Front - to - Side) Right Angle (Includes Broadside),No,Stop Signs,3,2,Complains Of Pain,2,,41.82121,-71.46973
923846,2025-00031409,2025-05-02,4:41:00 PM,Vehicle - Object,,OBEDIAH BROWN RD,CHALKSTONE AVE,Raymond Criner,340,2025-05-02,Unknown,Dry,Daylight,Clear,Not a Collision Between Two Motor Vehicles in Transport,No,No Controls,2,1,Complains Of Pain,1,,41.83334,-71.46134
923847,2025-00031514,2025-05-02,9:06:00 PM,Vehicle - Vehicle,,ALLENS AVE,ALLENS AVE,Lane,109,2025-05-02,"Two-Way , Not Divided",Dry,Dark - Lighted,Clear,Angle (Front - to - Side) Same Direction,No,No Controls,4,1,Complains Of Pain,2,,41.79377,-71.39757
923848,2025-00031520,2025-05-02,9:28:00 PM,Vehicle - Vehicle,,CRANSTON ST,HARRISON ST,Evan Alarcon,131,2025-05-02,"Two-Way , Not Divided",Dry,Dark - Lighted,Clear,Rear End(Front-to-Rear),No,No Controls,3,1,Complains Of Pain,2,,41.81308,-71.42864
923849,2025-00031483,2025-05-02,7:24:00 PM,Vehicle - Vehicle,,INDIA STREET,,Ricardo Sanchez,632,2025-05-02,"Two-Way , Not Divided",Dry,Dark - Lighted,Clear,Rear End(Front-to-Rear),No,No Controls,4,0,No Injury,4,2,41.81797,-71.39107
923822,2025-00031270,2025-05-02,5:07:00 AM,Vehicle - Object,,YORKSHIRE ST,LONGMONT ST,Johusua Nazario Feliz,142,2025-05-02,"Two-Way , Not Divided",Wet,Dark - Lighted,Rain,"Sideswipe, Same Direction",No,No Controls,1,0,No Injury,1,,41.84623,-71.4229
923833,2025-00031327,2025-05-02,10:59:00 AM,Vehicle - Pedestrian,Pedestrian,ZONE ST,CHALKSTONE AVE,Ptlm. Castagliuolo,351,2025-05-02,"Two-Way , Not Divided",Dry,Daylight,Clear,Not a Collision Between Two Motor Vehicles in Transport,No,No Controls,3,1,Complains Of Pain,1,,41.83475,-71.42755
923838,2025-00031324,2025-05-02,11:13:00 AM,Vehicle - Parked Vehicle,,PLAIN ST,BLACKSTONE ST,Michelle Nunez,140,2025-05-02,Unknown,Dry,Daylight,Clear,Rear - to - Side,No,No Controls,2,0,Unknown,2,,41.80927,-71.41087
923840,2025-00031342,2025-05-02,12:26:00 PM,Vehicle - Vehicle,,E Franklin St,CLIFFORD ST,Alexander Wagoner,541,2025-05-02,One-Way Trafficway,Dry,Daylight,Clear,"Sideswipe, Same Direction",No,No Controls,3,0,No Injury,2,,41.8158,-71.41245
923918,2025-00031425,2025-05-02,5:10:00 PM,Vehicle - Parked Vehicle,,STANWOOD ST,PUBLIC ST,Jose Cortorreal,604,2025-05-04,"Two-Way , Not Divided",Dry,Daylight,Clear,"Sidwswipe, Opposite Direction","Yes, M/V and Driver Left Scene",No Controls,4,0,No Injury,2,,41.80201,-71.42585
923863,2025-00031311,2025-05-02,9:57:00 AM,Vehicle - Vehicle,,TERMINAL RD,ALLENS AVE,Victor Tavarez,564,2025-05-03,"Two-Way , Not Divided",Dry,Daylight,Cloudy,Rear End(Front-to-Rear),No,No Controls,3,0,No Injury,2,,41.79612,-71.3889
923852,2025-00031595,2025-05-02,1:50:00 AM,Vehicle - Parked Vehicle,,savings st,CORINTH ST,Thomas O'Mara,650,2025-05-03,"Two-Way , Not Divided",Dry,Dark - Not Lighted,Clear,Unknown,"Yes, M/V and Driver Left Scene",No Controls,1,0,Unknown,2,,41.79357,-71.41233
923866,2025-00031275,2025-05-02,6:50:00 AM,Vehicle - Parked Vehicle,,ELMWOOD AVENUE,WHITMARSH STREET,Flavio Tavares,371,2025-05-03,"Two-Way , Not Divided",Dry,Daylight,Clear,Other,No,No Controls,2,0,No Injury,2,,,
923961,2025-00031672,2025-05-02,7:00:00 PM,Vehicle - Parked Vehicle,,BROWN ST,,J. Clancy,999,2025-05-05,Unknown,Dry,Dark - Unknown Lighting,Clear,"Sideswipe, Same Direction","Yes, M/V and Driver Left Scene",Unknown,1,0,Unknown,2,,,
923949,2025-00031488,2025-05-02,6:59:00 PM,Vehicle - Vehicle,,MANTON AVE,SISSON ST,J. Clancy,999,2025-05-05,"Two-Way , Not Divided",Dry,Dark - Unknown Lighting,Clear,Angle (Front - to - Side) Same Direction,"Yes, M/V and Driver Left Scene",Unknown,1,0,Unknown,2,,41.82548,-71.45542
924016,2025-00031512,2025-05-02,8:56:00 PM,Vehicle - Pedestrian,Pedestrian,HAMILTON ST,LAURA ST,Ruben Morales,685,2025-05-06,"Two-Way , Not Divided",Dry,Dark - Lighted,Clear,Rear End(Front-to-Rear),"Yes, M/V and Driver Left Scene",No Controls,2,0,Unknown,2,,41.80115,-71.42223
924021,2025-00031284,2025-05-02,7:43:00 AM,Vehicle - Vehicle,,DUNCAN AVE,N MAIN ST,Yesenia Caba,549,2025-05-07,"Two-Way , Not Divided",Dry,Daylight,Cloudy,"Sideswipe, Same Direction",No,No Controls,3,0,No Injury,2,,41.84127,-71.40818
923994,2025-00032427,2025-05-02,10:30:00 AM,Vehicle - Vehicle,,NEW YORK AVE,,J. Clancy,999,2025-05-06,"Two-Way , Not Divided",Dry,Daylight,Clear,Other,No,Unknown,2,0,Unknown,2,,,
924005,2025-00031390,2025-05-02,3:40:00 PM,Vehicle - Parked Vehicle,,COOKE ST,WATERMAN ST,Luis Pelaez,336,2025-05-06,Unknown,Dry,Daylight,Clear,Unknown,"Yes, M/V and Driver Left Scene",No Controls,1,0,Unknown,2,,41.82764,-71.39548
923988,2025-00031071,2025-05-01,2:01:00 PM,Vehicle - Vehicle,,CHALKSTONE AVE,GALILEO AVE,Kyana Williams,426,2025-05-06,"Two-Way , Not Divided",Dry,Daylight,Clear,Head-On (Front - to - Front),No,Stop Signs,2,0,No Injury,2,,41.83218,-71.45533
924029,2025-00032779,2025-05-01,5:32:00 PM,Vehicle - Parked Vehicle,,POTTERS AVE,CRANSTON ST,J. Clancy,999,2025-05-07,"Two-Way , Not Divided",Dry,Daylight,Clear,Other,"Yes, M/V and Driver Left Scene",Unknown,4,0,Unknown,2,,41.80504,-71.43775
923973,2025-00031089,2025-05-01,2:39:00 PM,Vehicle - Vehicle,,LEXINGTON AVE,MELROSE ST,Johansell Montilla,627,2025-05-05,"Two-Way, Divided, Unprotected (painted>4feet) Medium",Dry,Daylight,Clear,Rear End(Front-to-Rear),No,Stop Signs,3,0,No Injury,2,,41.7981,-71.42272
923945,2025-00031439,2025-05-01,2:29:00 PM,Vehicle - Vehicle,,BRANCH AVE,BRANCH AVE EXIT,J. Clancy,999,2025-05-05,"Two-Way, Divided, Unprotected (painted>4feet) Medium",Dry,Daylight,Clear,Rear End(Front-to-Rear),No,Unknown,3,2,Complains Of Pain,2,,41.84485,-71.40998
923943,2025-00031449,2025-05-01,4:45:00 PM,Vehicle - Vehicle,,PROVIDENCE PL,,J. Clancy,999,2025-05-05,Unknown,Dry,Daylight,Clear,Other,No,Unknown,2,0,Unknown,2,,,
923839,2025-00031366,2025-05-01,3:15:00 PM,Vehicle - Vehicle,,PLAINFIELD ST,ATWOOD ST,J. Clancy,999,2025-05-02,"Two-Way , Not Divided",Dry,Daylight,Clear,Unknown,"Yes, M/V and Driver Left Scene",Unknown,1,0,Unknown,2,,41.81599,-71.44503
923824,2025-00031019,2025-05-01,10:47:00 AM,Vehicle - Parked Vehicle,,PLAIN STREET,BORINQUEN STREET,Flavio Tavares,371,2025-05-02,"Two-Way , Not Divided",Dry,Daylight,Clear,Unknown,"Yes, M/V and Driver Left Scene",No Controls,1,0,No Injury,2,,,
923806,2025-00031168,2025-05-01,8:04:00 PM,Vehicle - Parked Vehicle,,DOYLE AVE,N MAIN ST,Manuel Tueros,621,2025-05-01,Unknown,Dry,Dark - Lighted,Clear,Unknown,"Yes, M/V and Driver Left Scene",No Controls,1,0,No Injury,2,,41.83835,-71.40896
923808,2025-00031180,2025-05-01,8:13:00 PM,Vehicle - Vehicle,,orms street,BATH ST,Tyler Cargill,619,2025-05-01,"Two-Way , Not Divided",Dry,Dark - Lighted,Clear,Angle (Front - to - Side) Right Angle (Includes Broadside),No,Stop Signs,2,0,No Injury,2,,41.83321,-71.42555
923809,2025-00031094,2025-05-01,3:18:00 PM,Vehicle - Vehicle,,ADMIRAL ST,ROYAL AVE,Cory Nicholls,609,2025-05-01,"Two-Way , Not Divided",Dry,Daylight,Clear,Rear End(Front-to-Rear),No,No Controls,7,0,No Injury,3,,41.85259,-71.44566
923812,2025-00031119,2025-05-01,4:38:00 PM,Vehicle - Vehicle,,COLD SPRING ST,WATERMAN ST,Jared Guiot,608,2025-05-01,One-Way Trafficway,Dry,Daylight,Clear,Rear End(Front-to-Rear),No,No Controls,2,0,No Injury,2,,41.8279,-71.38461
923814,2025-00031187,2025-05-01,9:04:00 PM,Vehicle - Vehicle,,SMITH STREET,RIVER AVE,Arthur Lima,126,2025-05-01,"Two-Way , Not Divided",Dry,Dark - Lighted,Clear,Rear End(Front-to-Rear),No,No Controls,2,0,No Injury,2,,41.84038,-71.43997
923815,2025-00031173,2025-05-01,8:02:00 PM,Vehicle - Vehicle,,180 Admiral St.,,Mark Roman,120,2025-05-01,"Two-Way , Not Divided",Dry,Daylight,Clear,Rear End(Front-to-Rear),No,No Controls,2,0,No Injury,2,,,
923816,2025-00031166,2025-05-01,7:44:00 PM,Vehicle - Vehicle,,BROAD ST,,Brandon McDonnell,620,2025-05-01,"Two-Way , Not Divided",Dry,Dark - Lighted,Clear,Other,"Yes, M/V and Driver Left Scene",No Controls,2,0,No Injury,2,,,
923818,2025-00031211,2025-05-01,10:27:00 PM,Vehicle - Vehicle,,OWEN ST,MANTON AVE,Johnson,622,2025-05-01,"Two-Way , Not Divided",Dry,Dark - Lighted,Clear,Angle (Front - to - Side) Same Direction,No,No Controls,3,0,No Injury,2,,41.82392,-71.45189
923842,2025-00031346,2025-05-01,3:15:00 PM,Vehicle - Parked Vehicle,,HOPE ST,BROOK ST,J. Clancy,999,2025-05-02,"Two-Way , Not Divided",Dry,Daylight,Clear,Unknown,"Yes, M/V and Driver Left Scene",Unknown,1,0,Unknown,2,,41.83175,-71.39991
924073,2025-00031032,2025-05-01,11:27:00 AM,Vehicle - Vehicle,,hanover street,CRANSTON ST,Brad McParlin,395,2025-05-08,"Two-Way , Not Divided",Dry,Daylight,Clear,Rear - to - Side,No,No Controls,2,0,No Injury,2,,41.80922,-71.43263
923787,2025-00030964,2025-05-01,7:46:00 AM,Vehicle - Pedestrian,Pedestrian,ROCHAMBEAU AVE,BLACKSTONE BLVD,Raleek Byfield,375,2025-05-01,"Two-Way, Divided, Positive Median Barrier",Dry,Dawn,Clear,Not a Collision Between Two Motor Vehicles in Transport,No,No Controls,2,1,Complains Of Pain,1,,41.84556,-71.38674
923788,2025-00030968,2025-05-01,8:04:00 AM,Vehicle - Vehicle,,342 Veazie St,CONCANNON ST,Albert Pereira,111,2025-05-01,"Two-Way , Not Divided",Dry,Daylight,Clear,Angle (Front - to - Side) Right Angle (Includes Broadside),No,No Controls,4,0,No Injury,2,,41.85378,-71.43503
923789,2025-00030987,2025-05-01,9:09:00 AM,Vehicle - Vehicle,,oakland ave,PLEASANT VALLEY PKWY,Albert Pereira,111,2025-05-01,"Two-Way , Not Divided",Dry,Daylight,Clear,Rear End(Front-to-Rear),No,No Controls,2,0,No Injury,2,,41.83564,-71.43044
923790,2025-00031002,2025-05-01,10:01:00 AM,Vehicle - Parked Vehicle,,ALLENS AVE,GEORGIA AVE,Joshua Cascione,225,2025-05-01,"Two-Way , Not Divided",Dry,Daylight,Clear,Angle (Front - to - Side) Right Angle (Includes Broadside),No,Stop Signs,3,0,No Injury,2,,41.79235,-71.39711
923791,2025-00030999,2025-05-01,9:57:00 PM,Vehicle - Parked Vehicle,,BRANCH AVE,MOY ST,John Benros,481,2025-05-01,"Two-Way , Not Divided",Dry,Daylight,Clear,"Sideswipe, Same Direction",No,No Controls,4,0,No Injury,2,,41.85488,-71.43624
923792,2025-00031012,2025-05-01,10:14:00 AM,Vehicle - Vehicle,,SILVER LAKE AVE,FARMINGTON AVE,Luis Garcia Colon,128,2025-05-01,"Two-Way , Not Divided",Dry,Daylight,Clear,Angle (Front - to - Side) Right Angle (Includes Broadside),No,Stop Signs,4,2,Complains Of Pain,2,,41.80653,-71.4628
923793,2025-00031027,2025-05-01,11:00:00 AM,Vehicle - Vehicle,,VALLEY ST,DELAINE ST,Damaris Sanchez,566,2025-05-01,"Two-Way , Not Divided",Dry,Daylight,Clear,Rear End(Front-to-Rear),No,No Controls,2,1,Complains Of Pain,2,,41.81939,-71.44052
923794,2025-00031035,2025-05-01,11:34:00 AM,Vehicle - Object,,Smith Street,MERIDIAN ST,Igor Barbosa,114,2025-05-01,"Two-Way, Divided, Unprotected (painted>4feet) Medium",Dry,Daylight,Clear,Not a Collision Between Two Motor Vehicles in Transport,No,No Controls,2,0,No Injury,1,,41.84298,-71.44609
923795,2025-00031008,2025-05-01,10:01:00 AM,Vehicle - Parked Vehicle,,DEAN ST,W FOUNTAIN ST,J Heeder,557,2025-05-01,Unknown,Dry,Daylight,Clear,Angle (Front - to - Side) Right Angle (Includes Broadside),No,No Controls,3,0,No Injury,2,,41.81959,-71.42106
923785,2025-00030923,2025-05-01,12:09:00 AM,Vehicle - Pedestrian,Pedestrian,DOUGLAS AVE,CHALKSTONE AVE,Erik Lane,109,2025-05-01,"Two-Way , Not Divided",Dry,Dark - Lighted,Clear,Not a Collision Between Two Motor Vehicles in Transport,"Yes, M/V and Driver Left Scene",No Controls,2,1,Complains Of Pain,1,,41.83636,-71.42038
923801,2025-00030982,2025-05-01,8:20:00 AM,Vehicle - Vehicle,,OAKLAND AVE,SMITH ST,J. Clancy,999,2025-05-01,"Two-Way , Not Divided",Dry,Daylight,Clear,Rear End(Front-to-Rear),"Yes, M/V and Driver Left Scene",Unknown,2,0,Unknown,2,,41.83639,-71.4304
923803,2025-00031103,2025-05-01,3:42:00 PM,Vehicle - Vehicle,,BROADWAY,COURTLAND ST,Sean Cooney,523,2025-05-01,"Two-Way , Not Divided",Dry,Daylight,Clear,Rear End(Front-to-Rear),No,Stop Signs,3,0,No Injury,2,,,
923804,2025-00031113,2025-05-01,4:17:00 PM,Vehicle - Vehicle,,ASHBURTON STREET,ASHBURTON ST,Manuel Tueros,621,2025-05-01,One-Way Trafficway,Dry,Daylight,Clear,Angle (Front - to - Side) Same Direction,No,Stop Signs,2,0,No Injury,2,,41.83643,-71.41356
924510,2025-00037621,2025-05-01,8:00:00 AM,Vehicle - Parked Vehicle,,190 ANGELL ST,ANGELL ST,Quincy Griffin,970,2025-05-22,One-Way Trafficway,Dry,Daylight,Clear,Unknown,"Yes, M/V and Driver Left Scene",No Controls,2,0,Unknown,2,,,
924456,2025-00036938,2025-04-30,5:58:00 PM,Vehicle - Vehicle,,601 N MAIN ST,,J Clancy,999,2025-05-20,Unknown,Dry,Daylight,Clear,Rear - to - Side,No,Unknown,2,0,Unknown,2,,,
923802,2025-00030839,2025-04-30,7:15:00 PM,Vehicle - Vehicle,,CHAPMAN ST,VIRGINIA AVE,Kyle Ludovici,390,2025-05-01,"Two-Way , Not Divided",Dry,Daylight,Clear,"Sidwswipe, Opposite Direction","Yes, M/V and Driver Left Scene",No Controls,1,0,No Injury,2,,41.79323,-71.39739
923786,2025-00030906,2025-04-30,11:10:00 PM,Vehicle - Vehicle,,GAY STREET,DUDLEY ST,Tyler Houlihan,617,2025-05-01,"Two-Way, Divided, Unprotected (painted>4feet) Medium",Dry,Dark - Lighted,Cloudy,Angle (Front - to - Side) Right Angle (Includes Broadside),No,Stop Signs,2,0,No Injury,2,,41.81013,-71.41292
923799,2025-00030862,2025-04-30,,Vehicle - Parked Vehicle,,ATWELLS AVE,SEARS AVE,J. Clancy,999,2025-05-01,Unknown,Dry,Unknown,Clear,Unknown,"Yes, M/V and Driver Left Scene",Unknown,2,0,Unknown,2,,41.82492,-71.44577
923800,2025-00030841,2025-04-30,2:45:00 PM,Vehicle - Vehicle,,NIANTIC AVE,CRANSTON ST,J. Clancy,999,2025-05-01,"Two-Way , Not Divided",Dry,Daylight,Clear,Rear End(Front-to-Rear),"Yes, M/V and Driver Left Scene",Unknown,3,0,Unknown,2,,41.80339,-71.44
923796,2025-00030797,2025-04-30,4:12:00 PM,Vehicle - Pedestrian,Pedestrian,WASHINGTON ST,EMPIRE ST,Cassidy Simanski,132,2025-05-01,"Two-Way, Divided, Unprotected (painted>4feet) Medium",Dry,Daylight,Clear,Not a Collision Between Two Motor Vehicles in Transport,No,Traffic Control Signal,3,0,No Injury,1,,41.82182,-71.41645
923756,2025-00030718,2025-04-30,11:41:00 AM,Vehicle - Vehicle,,PROMENADE ST,DEAN ST,Albert Pereira,111,2025-04-30,"Two-Way , Not Divided",Dry,Daylight,Clear,Rear End(Front-to-Rear),No,No Controls,2,0,No Injury,2,,41.82937,-71.42602
923757,2025-00030698,2025-04-30,10:31:00 AM,Vehicle - Parked Vehicle,,JUDITH ST,LENA ST,Damaris Sanchez,566,2025-04-30,"Two-Way , Not Divided",Dry,Daylight,Clear,Unknown,No,No Controls,3,0,No Injury,2,,41.81371,-71.44653
923758,2025-00030708,2025-04-30,11:06:00 AM,Vehicle - Vehicle,,NELLIE ST,SELKIRK ST,John Benros,481,2025-04-30,"Two-Way , Not Divided",Dry,Daylight,Clear,Angle (Front - to - Side) Opposite Direction,No,No Controls,3,0,No Injury,2,,41.85737,-71.41083
923759,2025-00030757,2025-04-30,1:35:00 PM,Vehicle - Vehicle,,MANNING ST,COOKE ST,Michael Cifuentes,330,2025-04-30,"Two-Way , Not Divided",Dry,Daylight,Clear,Angle (Front - to - Side) Right Angle (Includes Broadside),No,Stop Signs,3,0,No Injury,2,,41.82671,-71.39543
923761,2025-00030765,2025-04-30,2:26:00 PM,Vehicle - Parked Vehicle,,333 W RIVER ST,,Ptlm. Labutti,104,2025-04-30,Unknown,Dry,Daylight,Clear,"Sideswipe, Same Direction","Yes, M/V and Driver Left Scene",No Controls,1,0,Unknown,2,,,
923765,2025-00030800,2025-04-30,4:22:00 PM,Vehicle - Vehicle,,CHALKSTONE AVE,OAKLAND AVE,Atanael Lara,129,2025-04-30,"Two-Way , Not Divided",Dry,Daylight,Clear,Rear End(Front-to-Rear),No,Traffic Control Signal,3,0,No Injury,2,,41.83419,-71.43024
923770,2025-00030777,2025-04-30,3:12:00 PM,Vehicle - Vehicle,,BROAD ST,POTTERS AVE,Raymond Criner,340,2025-04-30,"Two-Way , Not Divided",Dry,Daylight,Clear,Rear End(Front-to-Rear),"Yes, M/V and Driver Left Scene",Pavement Markings,2,2,Complains Of Pain,2,,41.80357,-71.41909
923771,2025-00030798,2025-04-30,4:50:00 PM,Vehicle - Pedestrian,Pedestrian,NARRAGANSETT AVE,ROGER WILLIAMS AVE,Tyler Calandra,418,2025-04-30,"Two-Way , Not Divided",Dry,Daylight,Clear,"Sideswipe, Same Direction",No,No Controls,3,3,Complains Of Pain,2,,41.78883,-71.42363
923772,2025-00030804,2025-04-30,4:46:00 PM,Vehicle - Vehicle,,CHALKSTONE AVE,BILTMORE AVE,Colby Berciano,671,2025-04-30,"Two-Way , Not Divided",Dry,Daylight,Clear,Rear End(Front-to-Rear),No,Traffic Control Signal,2,0,No Injury,2,,41.8328,-71.43793
923773,2025-00030834,2025-04-30,7:01:00 PM,Vehicle - Pedestrian,Pedestrian,PUBLIC ST,EDDY ST,Erik Lane,109,2025-04-30,"Two-Way , Not Divided",Dry,Daylight,Clear,Not a Collision Between Two Motor Vehicles in Transport,No,Traffic Control Signal,3,1,Complains Of Pain,1,,41.80731,-71.40725
923775,2025-00030829,2025-04-30,5:00:00 PM,Vehicle - Vehicle,,993 Manton Ave,greenville ave,Conor Fleurant,171,2025-04-30,"Two-Way , Not Divided",Dry,Daylight,Clear,"Sidwswipe, Opposite Direction","Yes, M/V and Driver Left Scene",No Controls,1,1,Complains Of Pain,2,2,,
923780,2025-00030870,2025-04-30,8:39:00 PM,Vehicle - Vehicle,,SMITH ST,GENTIAN AVE,Erik Lane,109,2025-04-30,"Two-Way , Not Divided",Dry,Dusk,Clear,Angle (Front - to - Side) Opposite Direction,No,Traffic Control Signal,3,1,Complains Of Pain,2,,41.846,-71.45167
923781,2025-00030778,2025-04-30,3:12:00 PM,Vehicle - Vehicle,,145 Admiral St.,,Mark Roman,120,2025-04-30,"Two-Way , Not Divided",Dry,Daylight,Clear,Rear End(Front-to-Rear),No,No Controls,2,0,No Injury,2,,,
923784,2025-00030903,2025-04-30,11:03:00 PM,Vehicle - Object,,ROGER WILLIAMS CT,ELMWOOD AVE,Adrian Francis,239,2025-04-30,"Two-Way , Not Divided",Dry,Dark - Lighted,Clear,Not a Collision Between Two Motor Vehicles in Transport,No,No Controls,0,0,Unknown,1,,41.78892,-71.42199
923752,2025-00030670,2025-04-30,7:58:00 AM,Vehicle - Vehicle,,PETTEYS AVENUE,JEWELL ST,Patrolwoman Addai,513,2025-04-30,"Two-Way, Divided, Unprotected (painted>4feet) Medium",Dry,Daylight,Clear,Rear End(Front-to-Rear),No,No Controls,5,1,Complains Of Pain,2,2,41.81386,-71.46023
923753,2025-00030676,2025-04-30,8:54:00 AM,Vehicle - Pedestrian,Bicycle,BROADWAY,ATWELLS AVE,Raleek Byfield,375,2025-04-30,"Two-Way, Divided, Unprotected (painted>4feet) Medium",Dry,Daylight,Clear,Unknown,"Yes, Driver Left Scene",Pavement Markings,3,1,Non-Incapacitating,1,,41.8225,-71.41819
923845,2025-00030807,2025-04-30,4:56:00 PM,Vehicle - Vehicle,,3 RICOM WAY,UNION AVE,Brendan O'Brien,667,2025-05-02,"Two-Way , Not Divided",Dry,Daylight,Clear,Rear End(Front-to-Rear),No,No Controls,4,0,No Injury,2,,41.81082,-71.4422
923813,2025-00030754,2025-04-30,1:31:00 PM,Vehicle - Vehicle,,87 COOKE ST,WATERMAN ST,Patrick Hourahan,243,2025-05-01,"Two-Way , Not Divided",Dry,Daylight,Clear,"Sideswipe, Same Direction",No,No Controls,2,0,No Injury,2,,41.8281,-71.39548
923828,2025-00031328,2025-04-30,2:55:00 PM,Vehicle - Parked Vehicle,,SEARS AVE,CAMBRIDGE ST,J. Clancy,999,2025-05-02,Unknown,Dry,Daylight,Clear,Unknown,No,Unknown,5,0,Unknown,2,,41.82563,-71.4459
923948,2025-00031693,2025-04-30,3:30:00 PM,Vehicle - Parked Vehicle,,DUDLEY ST,,J. Clancy,999,2025-05-05,Unknown,Dry,Daylight,Clear,"Sideswipe, Same Direction","Yes, M/V and Driver Left Scene",Unknown,1,0,Unknown,2,,,
924028,2025-00030746,2025-04-30,1:07:00 PM,Vehicle - Vehicle,,ALDRICH ST,BROAD ST,Waldorf Pognon,501,2025-05-07,"Two-Way , Not Divided",Dry,Daylight,Clear,Rear End(Front-to-Rear),"Yes, M/V and Driver Left Scene",No Controls,4,0,No Injury,2,2,41.79382,-71.40857
924022,2025-00032605,2025-04-30,6:50:00 AM,Vehicle - Vehicle,,BROADWAY,VINTON ST,J. Clancy,999,2025-05-07,"Two-Way , Not Divided",Dry,Daylight,Clear,Angle (Front - to - Side) Right Angle (Includes Broadside),No,Unknown,2,0,Unknown,2,,41.82007,-71.4282
924052,2025-00030491,2025-04-29,4:00:00 PM,Vehicle - Vehicle,,Huntington Ave,,Conor Fleurant,171,2025-05-07,One-Way Trafficway,Dry,Daylight,Clear,Angle (Front - to - Side) Right Angle (Includes Broadside),No,No Controls,2,0,No Injury,2,1,,
923742,2025-00030516,2025-04-29,4:10:00 PM,Vehicle - Vehicle,,HARRIS AVE,ATWELLS AVE,Alexander Frias,669,2025-04-29,"Two-Way , Not Divided",Dry,Daylight,Clear,Rear - to - Side,No,No Controls,3,0,No Injury,2,,41.82445,-71.4355
923743,2025-00030545,2025-04-29,6:10:00 PM,Vehicle - Vehicle,,ALLENS AVE,OCONNELL ST,Jose Cortorreal,604,2025-04-29,"Two-Way , Not Divided",Dry,Daylight,Clear,Rear End(Front-to-Rear),"Yes, M/V and Driver Left Scene",No Controls,6,3,Complains Of Pain,2,,41.80751,-71.4034
923744,2025-00030507,2025-04-29,4:19:00 PM,Vehicle - Vehicle,,BORDEN ST,HOSPITAL ST,Matthew Carlone,602,2025-04-29,"Two-Way , Not Divided",Dry,Daylight,Clear,Rear End(Front-to-Rear),No,No Controls,2,1,Complains Of Pain,2,,41.81338,-71.40945
923745,2025-00030508,2025-04-29,4:17:00 PM,Vehicle - Vehicle,,STATE STREET,STATE STREET,Manuel Tueros,621,2025-04-29,"Two-Way , Not Divided",Dry,Daylight,Clear,Angle (Front - to - Side) Opposite Direction,No,Traffic Control Signal,2,0,No Injury,2,,41.8316,-71.41286
923746,2025-00030518,2025-04-29,4:44:00 PM,Vehicle - Vehicle,,BRANCH AVE,BRANCH AVE EXIT,David Palumbo,106,2025-04-29,"Two-Way , Not Divided",Dry,Daylight,Clear,Angle (Front - to - Side) Same Direction,No,No Controls,4,0,No Injury,2,,41.85338,-71.42771
923747,2025-00030572,2025-04-29,8:10:00 PM,Vehicle - Vehicle,,PUBLIC ST,PRAIRIE AVE,Matthew Carlone,602,2025-04-29,"Two-Way , Not Divided",Dry,Dark - Lighted,Clear,Rear End(Front-to-Rear),No,Traffic Control Signal,5,0,No Injury,2,,41.80556,-71.41481
923748,2025-00030531,2025-04-29,5:30:00 PM,Vehicle - Vehicle,,IVES ST,E MANNING ST,Stephanie Teran,625,2025-04-29,"Two-Way , Not Divided",Dry,Daylight,Clear,Other,No,No Controls,3,0,No Injury,2,,41.82718,-71.39284
923749,2025-00030597,2025-04-29,11:12:00 PM,Vehicle - Vehicle,,ATWELLS AVE,DEAN ST,Ralph Abenante,511,2025-04-29,"Two-Way, Divided, Unprotected (painted>4feet) Medium",Dry,Dark - Lighted,Clear,Rear End(Front-to-Rear),No,Traffic Control Signal,3,0,No Injury,2,,41.82339,-71.4242
923711,2025-00030368,2025-04-29,5:30:00 AM,Vehicle - Object,,459 Hartford Ave,Merino St,Alexis Rosales,682,2025-04-29,"Two-Way , Not Divided",Dry,Dawn,Clear,Other,No,No Controls,1,0,No Injury,1,,,
923714,2025-00030380,2025-04-29,7:08:00 AM,Vehicle - Vehicle,,PARK ROW,N MAIN ST,George Pereira,421,2025-04-29,"Two-Way , Not Divided",Dry,Daylight,Clear,Angle (Front - to - Side) Opposite Direction,No,Stop Signs,2,0,No Injury,2,,41.82865,-71.40964
923730,2025-00030436,2025-04-29,9:10:00 AM,Vehicle - Parked Vehicle,,LEXINGTON AVE,NIAGARA ST,J. Clancy,999,2025-04-29,"Two-Way , Not Divided",Dry,Daylight,Clear,Unknown,"Yes, M/V and Driver Left Scene",Unknown,2,0,Unknown,2,,41.79991,-71.41679