CrashReportId,ReportNumber,CrashDate,CrashTime,TypeOfCollision,Collision Type,StreetOrHighway,NearestIntersection,Officer,Badge,ReportDate,TypeOfRoadway,RoadSurfaceCondition,LightCondition,WeatherCondition,MannerofImpact,HitAndRun,TrafficControl,PersonCount,InjuryCount,MostSeriousInjury,NumberofVehicles,NumberOfLanes,Latitude,Longitude
923731,2025-00030426,2025-04-29,11:37:00 AM,Vehicle - Vehicle,,996 BRANCH AVE,BINGHAM ST,Raleek Byfield,375,2025-04-29,"Two-Way, Divided, Unprotected (painted>4feet) Medium",Dry,Daylight,Clear,Rear End(Front-to-Rear),No,Pavement Markings,4,3,Complains Of Pain,3,,41.85518,-71.43919
923732,2025-00030458,2025-04-29,1:24:00 PM,Vehicle - Vehicle,,Ann,Armstrong,Martin Hames,536,2025-04-29,"Two-Way , Not Divided",Dry,Daylight,Clear,Angle (Front - to - Side) Right Angle (Includes Broadside),No,Stop Signs,2,0,No Injury,2,,,
923733,2025-00030451,2025-04-29,1:00:00 PM,Vehicle - Vehicle,,CHALKSTONE AVE,RIVER AVE,Jason Dennis,392,2025-04-29,"Two-Way , Not Divided",Dry,Daylight,Clear,Angle (Front - to - Side) Right Angle (Includes Broadside),No,Traffic Control Signal,3,1,Complains Of Pain,2,,41.83258,-71.43854
923734,2025-00030496,2025-04-29,3:22:00 PM,Vehicle - Parked Vehicle,,HARTFORD AVE,MERINO ST,Terrence Gibson,610,2025-04-29,"Two-Way , Not Divided",Dry,Daylight,Clear,"Sideswipe, Same Direction",No,No Controls,2,0,No Injury,2,,41.81861,-71.45895
923735,2025-00030503,2025-04-29,3:39:00 PM,Vehicle - Vehicle,,PRAIRIE AVE,PEARL ST,Matthew Carlone,602,2025-04-29,"Two-Way , Not Divided",Dry,Daylight,Clear,Rear End(Front-to-Rear),No,No Controls,3,0,No Injury,2,,41.81185,-71.41527
923736,2025-00030495,2025-04-29,3:22:00 PM,Vehicle - Vehicle,,Elmwood Ave,CADILLAC DR,Tyler Calandra,418,2025-04-29,"Two-Way , Not Divided",Dry,Daylight,Clear,Angle (Front - to - Side) Right Angle (Includes Broadside),No,No Controls,2,1,Complains Of Pain,2,,41.78922,-71.42129
923755,2025-00030414,2025-04-29,10:19:00 AM,Vehicle - Parked Vehicle,,CHAPMAN ST,VIRGINIA AVE,Waldorf Pognon,501,2025-04-30,"Two-Way , Not Divided",Dry,Daylight,Clear,Rear - to - Rear,No,No Controls,3,0,No Injury,2,2,,
923760,2025-00030464,2025-04-29,1:00:00 PM,Vehicle - Vehicle,,N MAIN ST,,J. Clancy,999,2025-04-30,Unknown,Dry,Daylight,Clear,Rear - to - Side,No,Unknown,3,0,Unknown,2,,,
923797,2025-00030466,2025-04-29,1:39:00 PM,Vehicle - Vehicle,,POINT ST,EDDY ST,Lucio Andreozzi,381,2025-05-01,"Two-Way, Divided, Positive Median Barrier",Dry,Daylight,Clear,Rear End(Front-to-Rear),No,Traffic Control Signal,4,0,No Injury,2,,41.81699,-71.40625
923798,2025-00030820,2025-04-28,8:00:00 PM,Vehicle - Vehicle,,DEAN ST,ATWELLS AVE,J. Clancy,999,2025-05-01,Unknown,Dry,Dark - Unknown Lighting,Clear,"Sideswipe, Same Direction",No,Unknown,1,0,Unknown,2,,41.82331,-71.42411
923741,2025-00030255,2025-04-28,5:45:00 PM,Vehicle - Vehicle,,PLAINFIELD ST,POCASSET AVE,Peyton Ginolfi,657,2025-04-29,"Two-Way , Not Divided",Dry,Daylight,Cloudy,"Sideswipe, Same Direction",No,No Controls,5,0,No Injury,2,,41.8138,-71.44781
923713,2025-00030309,2025-04-28,7:40:00 PM,Vehicle - Parked Vehicle,,ACADEMY AVE,,J. Clancy,999,2025-04-29,Unknown,Dry,Dark - Unknown Lighting,Clear,Rear - to - Side,No,Unknown,2,0,Unknown,2,,,
923691,2025-00030202,2025-04-28,2:59:00 PM,Vehicle - Parked Vehicle,,allens ave,ALLENS AVE,Tyler Calandra,418,2025-04-28,"Two-Way , Not Divided",Dry,Daylight,Clear,Rear End(Front-to-Rear),No,No Controls,2,1,Complains Of Pain,2,,41.79255,-71.39717
923693,2025-00030230,2025-04-28,4:26:00 PM,Vehicle - Vehicle,,DEAN ST,SPRUCE ST,Sean Cooney,523,2025-04-28,"Two-Way , Not Divided",Dry,Daylight,Clear,Angle (Front - to - Side) Right Angle (Includes Broadside),No,No Controls,4,0,No Injury,2,,,
923694,2025-00030240,2025-04-28,5:06:00 PM,Vehicle - Vehicle,,CRANSTON ST,DIAMOND ST,Darlin Hernandez,148,2025-04-28,"Two-Way , Not Divided",Dry,Daylight,Clear,Angle (Front - to - Side) Opposite Direction,No,No Controls,4,0,Unknown,2,,41.8122,-71.43037
923722,2025-00030162,2025-04-28,11:19:00 AM,Vehicle - Vehicle,,NORTH MAIN ST,DOYLE AVE,Ptlm. Castagliuolo,351,2025-04-28,Unknown,Dry,Daylight,Clear,Angle (Front - to - Side) Right Angle (Includes Broadside),No,No Controls,3,0,No Injury,2,,41.83835,-71.40837
923665,2025-00030071,2025-04-28,12:00:00 AM,Vehicle - Vehicle,,ATWELLS AVE,WEEDEN ST,Lane,109,2025-04-28,"Two-Way , Not Divided",Dry,Dark - Lighted,Clear,Rear End(Front-to-Rear),No,No Controls,4,2,Complains Of Pain,3,,41.8234,-71.42431
923671,2025-00030121,2025-04-28,8:12:00 AM,Vehicle - Vehicle,,Kinsley Avenue,Promenade Street,James Lanier,211,2025-04-28,One-Way Trafficway,Dry,Daylight,Clear,Angle (Front - to - Side) Right Angle (Includes Broadside),No,Pavement Markings,5,0,No Injury,2,2,41.82875,-71.4233
923672,2025-00030129,2025-04-28,8:48:00 AM,Vehicle - Parked Vehicle,,12 cold spring st,PITMAN ST,Louis Gianfrancesco,350,2025-04-28,One-Way Trafficway,Dry,Daylight,Clear,"Sideswipe, Same Direction","Yes, M/V and Driver Left Scene",No Controls,1,0,Unknown,2,1,41.82699,-71.38493
923677,2025-00030124,2025-04-28,8:14:00 AM,Vehicle - Parked Vehicle,,HOPE ST,WILLIAMS ST,Raleek Byfield,375,2025-04-28,"Two-Way, Divided, Unprotected (painted>4feet) Medium",Dry,Daylight,Clear,"Sideswipe, Same Direction",No,Pavement Markings,2,0,No Injury,2,,41.82239,-71.39676
923678,2025-00030141,2025-04-28,10:07:00 AM,Vehicle - Vehicle,,KILLINGLY ST,HARTFORD AVE,Joel Ikuejamofo,143,2025-04-28,"Two-Way , Not Divided",Dry,Daylight,Clear,Rear End(Front-to-Rear),No,No Controls,2,1,Complains Of Pain,2,,41.81995,-71.46891
923684,2025-00030185,2025-04-28,1:11:00 PM,Vehicle - Parked Vehicle,,benefit st,COLLEGE ST,Louis Gianfrancesco,350,2025-04-28,"Two-Way , Not Divided",Dry,Daylight,Clear,Rear - to - Side,No,No Controls,3,0,No Injury,2,2,41.82604,-71.40686
923696,2025-00030228,2025-04-28,4:04:00 PM,Vehicle - Parked Vehicle,,LAUREL HILL AVE,SYRACUSE ST,Alexander Frias,669,2025-04-28,"Two-Way , Not Divided",Dry,Daylight,Clear,"Sideswipe, Same Direction",No,No Controls,3,1,Complains Of Pain,2,,41.8175,-71.45547
923700,2025-00030223,2025-04-28,4:06:00 PM,Vehicle - Vehicle,,W FOUNTAIN ST,WINTER ST,Pedro Saravia,611,2025-04-28,"Two-Way , Not Divided",Dry,Daylight,Clear,Not a Collision Between Two Motor Vehicles in Transport,No,No Controls,4,0,No Injury,2,,41.81879,-71.42269
923701,2025-00030200,2025-04-28,2:29:00 PM,Vehicle - Vehicle,,RIALTO ST,STANDISH AVE,Jessenia Montano,149,2025-04-28,"Two-Way, Not Divided With a Continuous Left Turn Lane",Dry,Daylight,Clear,Angle (Front - to - Side) Opposite Direction,No,No Controls,4,0,No Injury,2,,41.83722,-71.4521
923702,2025-00030250,2025-04-28,5:24:00 PM,Vehicle - Vehicle,,BAINBRIDGE AVE,WESTMINSTER ST,Pedro Saravia,611,2025-04-28,"Two-Way , Not Divided",Dry,Daylight,Clear,"Sideswipe, Same Direction",No,No Controls,12,0,No Injury,3,,41.81695,-71.43561
923703,2025-00030231,2025-04-28,4:30:00 PM,Vehicle - Vehicle,,ORANGE ST,CLIFFORD ST,Cassidy Simanski,132,2025-04-28,One-Way Trafficway,Dry,Daylight,Clear,Rear End(Front-to-Rear),No,No Controls,1,0,No Injury,2,,41.8221,-71.4085
923704,2025-00030263,2025-04-28,6:13:00 PM,Vehicle - Vehicle,,Douglas Ave,LANCASHIRE ST,Tyler Calandra,418,2025-04-28,"Two-Way , Not Divided",Dry,Daylight,Clear,Angle (Front - to - Side) Right Angle (Includes Broadside),No,No Controls,5,3,Complains Of Pain,2,,41.84882,-71.43221
923705,2025-00030253,2025-04-28,5:42:00 PM,Vehicle - Vehicle,,SAYLES ST,OCEAN ST,Jose Cortorreal,604,2025-04-28,"Two-Way , Not Divided",Dry,Daylight,Clear,Angle (Front - to - Side) Right Angle (Includes Broadside),No,No Controls,4,0,No Injury,2,,41.80329,-71.41069
923706,2025-00030218,2025-04-28,3:57:00 PM,Vehicle - Parked Vehicle,,LAUREL AVE,GROTTO AVE,Ricardo Sanchez,632,2025-04-28,"Two-Way , Not Divided",Dry,Daylight,Clear,Rear - to - Side,No,No Controls,3,0,No Injury,2,2,41.83837,-71.38424
923707,2025-00030252,2025-04-28,5:19:00 PM,Vehicle - Vehicle,,POWER ST,BROWN ST,Kelsey Woodbine,633,2025-04-28,"Two-Way , Not Divided",Dry,Daylight,Clear,"Sideswipe, Same Direction","Yes, M/V and Driver Left Scene",No Controls,2,0,No Injury,2,,41.82284,-71.40248
923708,2025-00030327,2025-04-28,11:27:00 PM,Vehicle - Vehicle,,PUBLIC ST,UPDIKE ST,Ralph Abenante,511,2025-04-28,"Two-Way , Not Divided",Dry,Dark - Lighted,Clear,Rear End(Front-to-Rear),No,No Controls,5,0,No Injury,2,,41.80377,-71.42111
923709,2025-00030321,2025-04-28,10:33:00 PM,Vehicle - Vehicle,,PUBLIC ST,BROAD ST,Lucas Ramalho,507,2025-04-29,"Two-Way , Not Divided",Dry,Dark - Lighted,Clear,Angle (Front - to - Side) Right Angle (Includes Broadside),"Yes, Driver Left Scene",Traffic Control Signal,3,1,Complains Of Pain,2,,41.80442,-71.41935
924076,2025-00030193,2025-04-28,2:13:00 PM,Vehicle - Vehicle,,BUTTON HOLE DR,GLENBRIDGE AVE,D WILSON,123,2025-05-08,"Two-Way, Divided, Unprotected (painted>4feet) Medium",Dry,Daylight,Clear,Angle - Direction Not Specified,No,Stop Signs,2,0,No Injury,2,,41.82307,-71.46044
923962,2025-00030188,2025-04-28,1:20:00 PM,Vehicle - Parked Vehicle,,31 JULIAN ST,AMHERST ST,D WILSON,123,2025-05-05,"Two-Way , Not Divided",Dry,Daylight,Clear,Not a Collision Between Two Motor Vehicles in Transport,"Yes, M/V and Driver Left Scene",No Controls,1,0,Unknown,2,,41.82285,-71.44489
923764,2025-00030679,2025-04-28,4:00:00 PM,Vehicle - Parked Vehicle,,OCEAN ST,THURBERS AVE,J. Clancy,999,2025-04-30,"Two-Way , Not Divided",Dry,Daylight,Clear,Unknown,"Yes, M/V and Driver Left Scene",Unknown,2,0,Unknown,2,,41.79932,-71.40901
924060,2025-00029912,2025-04-27,7:21:00 AM,Vehicle - Vehicle,,BLACKSTONE ST,EDDY ST,Gustavo Genao,135,2025-05-08,"Two-Way , Not Divided",Dry,Daylight,Clear,Angle (Front - to - Side) Right Angle (Includes Broadside),No,Stop Signs,2,0,No Injury,2,,41.81013,-71.40722
923679,2025-00029991,2025-04-27,2:45:00 AM,Vehicle - Parked Vehicle,,GREENE ST,BROAD ST,J. Clancy,999,2025-04-28,Unknown,Dry,Dark - Unknown Lighting,Clear,Rear - to - Rear,"Yes, M/V and Driver Left Scene",Unknown,1,0,Unknown,2,,41.81939,-71.41495
923655,2025-00029996,2025-04-27,5:17:00 PM,Vehicle - Vehicle,,CHARLES ST,ASHBURTON ST,David Palumbo,106,2025-04-27,"Two-Way , Not Divided",Dry,Daylight,Clear,Rear End(Front-to-Rear),No,No Controls,3,0,No Injury,2,,41.83664,-71.41272
923656,2025-00030004,2025-04-27,6:03:00 PM,Vehicle - Parked Vehicle,,PLAINFIELD ST,LAUREL HILL AVE,Brendan O'Brien,667,2025-04-27,"Two-Way , Not Divided",Dry,Daylight,Clear,"Sideswipe, Same Direction",No,No Controls,3,0,No Injury,2,,41.81313,-71.45605
923657,2025-00030021,2025-04-27,6:54:00 PM,Vehicle - Object,,Eddy St,Allens Ave,Matthew Kelley,186,2025-04-27,"Two-Way , Not Divided",Dry,Dusk,Cloudy,Not a Collision Between Two Motor Vehicles in Transport,No,No Controls,2,0,No Injury,1,,41.81491,-71.40675
923658,2025-00030016,2025-04-27,6:37:00 PM,Vehicle - Vehicle,,CRANSTON ST,BELLEVUE AVE,Raymond Criner,340,2025-04-27,"Two-Way , Not Divided",Dry,Dusk,Clear,Head-On (Front - to - Front),No,Pavement Markings,4,1,Complains Of Pain,2,,41.80889,-71.43406
923659,2025-00030027,2025-04-27,7:11:00 PM,Vehicle - Pedestrian,Bicycle,BLACKSTONE BLVD,LAUREL AVE,Kelsey Woodbine,633,2025-04-27,"Two-Way, Divided, Positive Median Barrier",Dry,Dawn,Clear,Not a Collision Between Two Motor Vehicles in Transport,"Yes, M/V and Driver Left Scene",Other,1,1,Complains Of Pain,1,,41.83811,-71.3854
923660,2025-00030003,2025-04-27,5:36:00 PM,Vehicle - Vehicle,,DEAN ST,DEAN ST EXIT,J. GASPAR,683,2025-04-27,Unknown,Dry,Daylight,Clear,Angle (Front - to - Side) Same Direction,No,Traffic Control Signal,2,0,No Injury,2,,41.82486,-71.42563
923661,2025-00030034,2025-04-27,7:35:00 PM,Vehicle - Vehicle,,atwells ave,PIEDMONT ST,N Ayala,122,2025-04-27,"Two-Way, Divided, Unprotected (painted>4feet) Medium",Dry,Daylight,Clear,Rear End(Front-to-Rear),"Yes, M/V and Driver Left Scene",No Controls,3,3,Complains Of Pain,2,,41.82389,-71.43108
923662,2025-00030037,2025-04-27,7:44:00 PM,Vehicle - Vehicle,,CEDAR ST,BRADFORD ST,N Ayala,122,2025-04-27,"Two-Way , Not Divided",Dry,Dark - Lighted,Clear,Angle (Front - to - Side) Right Angle (Includes Broadside),No,Stop Signs,4,0,No Injury,2,,41.82459,-71.42161
923663,2025-00030050,2025-04-27,9:02:00 PM,Vehicle - Parked Vehicle,,DOUGLAS AVE,CANDACE ST,David Palumbo,106,2025-04-27,"Two-Way , Not Divided",Dry,Dark - Lighted,Clear,Rear End(Front-to-Rear),No,No Controls,3,0,No Injury,2,,41.83753,-71.42312
923664,2025-00030017,2025-04-27,,Vehicle - Vehicle,,52 Cheshire St.,,Mark Roman,120,2025-04-27,"Two-Way , Not Divided",Dry,Daylight,Clear,Unknown,No,No Controls,3,0,No Injury,2,,,
923635,2025-00029842,2025-04-27,12:36:00 AM,Vehicle - Pedestrian,Pedestrian,S WATER ST / PIKE ST,,Gabrielle O'Loughlin,680,2025-04-27,One-Way Trafficway,Dry,Dark - Lighted,Cloudy,Angle (Front - to - Side) Same Direction,"Yes, M/V and Driver Left Scene",No Controls,3,0,No Injury,2,,41.81787,-71.40097
923636,2025-00029883,2025-04-27,2:31:00 AM,Vehicle - Parked Vehicle,,PAVILION AVE,EDDY ST,Alexandra Dzialo,616,2025-04-27,"Two-Way , Not Divided",Dry,Dark - Lighted,Clear,Rear End(Front-to-Rear),No,Unknown,2,0,No Injury,2,,41.79765,-71.40526
923637,2025-00029867,2025-04-27,2:01:00 AM,Vehicle - Vehicle,,STATE HWY 10,CRANSTON ST,M. Suarez,689,2025-04-27,"Two-Way, Divided, Positive Median Barrier",Dry,Dark - Lighted,Clear,Head-On (Front - to - Front),No,Traffic Control Signal,3,0,No Injury,2,,41.8038,-71.43917
923638,2025-00029850,2025-04-27,1:14:00 AM,Vehicle - Object,,ADMIRAL ST,EVA ST,Ryan Blaisdell,603,2025-04-27,"Two-Way , Not Divided",Dry,Dark - Lighted,Clear,Not a Collision Between Two Motor Vehicles in Transport,"Yes, Driver Left Scene",Pavement Markings,1,0,Unknown,1,,41.84685,-71.43312
923648,2025-00029942,2025-04-27,12:10:00 PM,Vehicle - Vehicle,,NEW YORK AVE,ALLENS AVE,Eduar Espinal,386,2025-04-27,"Two-Way, Divided, Unprotected (painted>4feet) Medium",Dry,Daylight,Clear,Angle (Front - to - Side) Opposite Direction,No,Traffic Control Signal,3,0,No Injury,2,,41.791,-71.39665
923650,2025-00029928,2025-04-27,9:33:00 AM,Vehicle - Parked Vehicle,,102 LEAH STREET,,Michelle Nunez,140,2025-04-27,"Two-Way , Not Divided",Dry,Unknown,Clear,Not a Collision Between Two Motor Vehicles in Transport,"Yes, M/V and Driver Left Scene",No Controls,1,0,Unknown,2,,,
923651,2025-00029951,2025-04-27,1:00:00 PM,Vehicle - Vehicle,,MANTON AVE,HERSCHEL ST,Joel Ikuejamofo,143,2025-04-27,"Two-Way , Not Divided",Dry,Daylight,Clear,Rear End(Front-to-Rear),No,No Controls,5,0,No Injury,2,,41.83343,-71.46936
923652,2025-00029957,2025-04-27,1:23:00 PM,Vehicle - Pedestrian,Bicycle,1 BODELL AVE,ETNA ST,Joshua Cascione,225,2025-04-27,"Two-Way , Not Divided",Dry,Daylight,Clear,Not a Collision Between Two Motor Vehicles in Transport,No,No Controls,3,1,Complains Of Pain,1,,41.81661,-71.45223
923653,2025-00029926,2025-04-27,9:05:00 AM,Vehicle - Pedestrian,Pedestrian,Roosevelt St,WEBSTER AVE,Ajay Subramaniam,569,2025-04-27,"Two-Way , Not Divided",Unknown,Unknown,Clear,Unknown,"Yes, M/V and Driver Left Scene",No Controls,2,0,Unknown,2,,41.81141,-71.44906
923715,2025-00030257,2025-04-27,2:50:00 PM,Vehicle - Parked Vehicle,,CHARLES ST,,Jason Clancy,999,2025-04-29,Unknown,Dry,Daylight,Clear,Other,"Yes, M/V and Driver Left Scene",Unknown,1,0,Unknown,2,,,
923762,2025-00030732,2025-04-27,11:30:00 AM,Vehicle - Parked Vehicle,,CORLISS ST,,J. Clancy,999,2025-04-30,Unknown,Dry,Daylight,Clear,Unknown,"Yes, M/V and Driver Left Scene",Unknown,3,0,Unknown,2,,,
923751,2025-00029710,2025-04-26,1:20:00 PM,Vehicle - Parked Vehicle,,HARRIS AVE,KINSLEY AVE,Kyana Williams,426,2025-04-30,"Two-Way , Not Divided",Dry,Daylight,Clear,Rear End(Front-to-Rear),No,No Controls,2,0,No Injury,2,,41.82778,-71.41906
923717,2025-00030291,2025-04-26,12:35:00 AM,Vehicle - Vehicle,,ATWELLS AVE,SERVICE ROAD 8,J. Clancy,999,2025-04-29,One-Way Trafficway,Dry,Dark - Unknown Lighting,Clear,Angle (Front - to - Side) Opposite Direction,"Yes, M/V and Driver Left Scene",Unknown,4,0,No Injury,2,,41.82306,-71.41951
923649,2025-00029693,2025-04-26,11:51:00 AM,Vehicle - Vehicle,,CHARLES ST,CHARLES ST,Yesenia Caba,549,2025-04-27,"Two-Way , Not Divided",Dry,Daylight,Clear,Rear End(Front-to-Rear),No,Yield Signs,2,0,No Injury,2,,41.83642,-71.41238
923614,2025-00029657,2025-04-26,7:31:00 AM,Vehicle - Vehicle,,ALLENS AVE,EDDY ST,Ptlm. Castagliuolo,351,2025-04-26,"Two-Way , Not Divided",Wet,Daylight,Rain,"Sideswipe, Same Direction",No,Pavement Markings,3,0,No Injury,2,,41.81529,-71.40658
923615,2025-00029659,2025-04-26,7:59:00 AM,Vehicle - Vehicle,,WASHINGTON ST,SERVICE ROAD 8,Ptlm. Castagliuolo,351,2025-04-26,One-Way Trafficway,Wet,Daylight,Rain,Angle (Front - to - Side) Same Direction,No,Pavement Markings,2,0,No Injury,2,,41.82021,-71.41885
923643,2025-00029687,2025-04-26,11:27:00 AM,Vehicle - Vehicle,,OXFORD ST,CAHILL ST,Ptlm. Castagliuolo,351,2025-04-26,"Two-Way , Not Divided",Wet,Daylight,Rain,Angle (Front - to - Side) Right Angle (Includes Broadside),No,Stop Signs,4,2,Non-Incapacitating,2,,41.80277,-71.4081
923606,2025-00029628,2025-04-26,3:05:00 AM,Vehicle - Vehicle,,HUNTINGTON AVENUE,CRANSTON ST,Tyler Houlihan,617,2025-04-26,One-Way Trafficway,Dry,Dark - Lighted,Cloudy,Rear End(Front-to-Rear),"Yes, M/V and Driver Left Scene",No Controls,8,5,Complains Of Pain,3,,41.80387,-71.43929
923607,2025-00029612,2025-04-26,2:24:00 AM,Vehicle - Parked Vehicle,,S ANGELL ST,PATERSON ST,Gabrielle O'Loughlin,680,2025-04-26,One-Way Trafficway,Dry,Dark - Lighted,Clear,Angle (Front - to - Side) Same Direction,No,No Controls,2,0,No Injury,2,,41.82916,-71.3834
923608,2025-00029643,2025-04-26,4:24:00 AM,Vehicle - Vehicle,,WASHINGTON ST,SERVICE ROAD 8,Kayla Facey,658,2025-04-26,One-Way Trafficway,Dry,Dark - Lighted,Clear,Rear End(Front-to-Rear),No,Traffic Control Signal,2,1,Complains Of Pain,2,,41.82021,-71.41885
923621,2025-00029674,2025-04-26,10:42:00 AM,Vehicle - Vehicle,,bradford street,ATWELLS AVE,Brad McParlin,395,2025-04-26,"Two-Way , Not Divided",Wet,Daylight,Rain,Angle (Front - to - Side) Right Angle (Includes Broadside),No,Stop Signs,2,1,Complains Of Pain,2,,41.82323,-71.42178
923626,2025-00029677,2025-04-26,10:39:00 AM,Vehicle - Vehicle,,ELMWOOD AVE,ADELAIDE AVE,Matthew Sheridan,229,2025-04-26,"Two-Way, Divided, Positive Median Barrier",Wet,Daylight,Rain,Angle (Front - to - Side) Right Angle (Includes Broadside),No,No Controls,5,0,No Injury,2,,41.79579,-71.42506
923627,2025-00029704,2025-04-26,12:56:00 PM,Vehicle - Parked Vehicle,,HARTFORD AVE,HARTFORD AVE,Joel Ikuejamofo,143,2025-04-26,"Two-Way , Not Divided",Dry,Daylight,Clear,"Sideswipe, Same Direction",No,No Controls,5,0,No Injury,2,,41.81887,-71.46077
923628,2025-00029725,2025-04-26,3:26:00 PM,Vehicle - Vehicle,,Eddy Street,Ernest Street,Robert Raso,606,2025-04-26,"Two-Way , Not Divided",Wet,Daylight,Rain,Rear End(Front-to-Rear),No,Traffic Control Signal,2,1,Complains Of Pain,2,,,
923629,2025-00029761,2025-04-26,6:48:00 PM,Vehicle - Vehicle,,181 CORLISS,,Ian Quinn,102,2025-04-26,Unknown,Wet,Dusk,Clear,Rear - to - Side,No,No Controls,4,0,No Injury,2,,,
923630,2025-00029732,2025-04-26,4:39:00 PM,Vehicle - Parked Vehicle,,messer st,KENWOOD ST,N Ayala,122,2025-04-26,"Two-Way , Not Divided",Wet,Daylight,Cloudy,"Sideswipe, Same Direction",No,No Controls,2,0,No Injury,2,,41.80994,-71.43441
923631,2025-00029757,2025-04-26,6:39:00 PM,Vehicle - Vehicle,,atwells ave,ALBRO ST,N Ayala,122,2025-04-26,"Two-Way, Divided, Unprotected (painted>4feet) Medium",Wet,Daylight,Clear,Rear End(Front-to-Rear),No,No Controls,5,2,Complains Of Pain,2,,41.82343,-71.42464
923632,2025-00029802,2025-04-26,10:17:00 PM,Vehicle - Parked Vehicle,,GESLER ST,RIDGE ST,David Monteiro,613,2025-04-26,"Two-Way , Not Divided",Wet,Dark - Lighted,Rain,Rear End(Front-to-Rear),"Yes, Driver Left Scene",No Controls,1,0,No Injury,2,,41.82202,-71.4349
923633,2025-00029824,2025-04-26,11:42:00 PM,Vehicle - Vehicle,,SMITH ST,PINEHURST AVE,Aidan Pendergast,651,2025-04-26,"Two-Way , Not Divided",Wet,Dark - Lighted,Rain,"Sideswipe, Same Direction",No,No Controls,3,0,No Injury,2,,41.83741,-71.43314
923634,2025-00029797,2025-04-26,9:48:00 PM,Vehicle - Object,,LAUREL HILL AVE,ELMDALE AVE,Lane,109,2025-04-27,"Two-Way , Not Divided",Wet,Dark - Lighted,Rain,Not a Collision Between Two Motor Vehicles in Transport,No,No Controls,2,0,No Injury,1,,41.80665,-71.45249
923673,2025-00029575,2025-04-26,12:05:00 AM,Vehicle - Parked Vehicle,,DORRANCE ST,FULTON ST,J. Clancy,999,2025-04-28,One-Way Trafficway,Dry,Dark - Unknown Lighting,Clear,Other,"Yes, M/V and Driver Left Scene",Unknown,1,0,Unknown,2,,41.82413,-71.41236
923676,2025-00029742,2025-04-26,,Vehicle - Vehicle,,ARNOLD ST,BROOK ST,Jason Clancy,999,2025-04-28,"Two-Way , Not Divided",Wet,Unknown,Cloudy,"Sideswipe, Same Direction",No,Unknown,2,0,Unknown,2,,41.82118,-71.39739
923666,2025-00029794,2025-04-26,9:39:00 PM,Vehicle - Parked Vehicle,,1303 N MAIN ST,9TH ST,Stephen Sage,353,2025-04-27,Unknown,Dry,Dark - Lighted,Rain,Angle (Front - to - Side) Opposite Direction,No,No Controls,3,0,No Injury,2,,41.85511,-71.40018
923841,2025-00031345,2025-04-26,2:00:00 AM,Vehicle - Vehicle,,BROAD ST,SERVICE ROAD 7,J. Clancy,999,2025-05-02,Unknown,Dry,Dark - Unknown Lighting,Clear,Rear End(Front-to-Rear),"Yes, M/V and Driver Left Scene",Unknown,4,0,Unknown,2,,41.81729,-71.41711
923807,2025-00029476,2025-04-25,4:00:00 PM,Vehicle - Vehicle,,81 Manton Ave,,Conor Fleurant,171,2025-05-01,"Two-Way , Not Divided",Dry,Daylight,Clear,"Sideswipe, Same Direction","Yes, M/V and Driver Left Scene",No Controls,2,0,No Injury,2,,,
923685,2025-00029993,2025-04-25,8:35:00 PM,Vehicle - Vehicle,,VALLEY ST,GENNARO PL,Jason Clancy,999,2025-04-28,"Two-Way , Not Divided",Dry,Dark - Unknown Lighting,Clear,Rear End(Front-to-Rear),"Yes, M/V and Driver Left Scene",Unknown,3,0,Unknown,2,,41.82179,-71.4401
923687,2025-00029373,2025-04-25,11:15:00 AM,Vehicle - Vehicle,,BROAD ST,BROAD ST,Jason Clancy,999,2025-04-28,"Two-Way , Not Divided",Dry,Daylight,Clear,Rear End(Front-to-Rear),"Yes, M/V and Driver Left Scene",Unknown,3,0,Unknown,2,,,
923688,2025-00029427,2025-04-25,2:30:00 PM,Vehicle - Vehicle,,CRANSTON ST,ALTHEA ST,Jason Clancy,999,2025-04-28,"Two-Way , Not Divided",Dry,Daylight,Clear,Unknown,No,Unknown,1,0,Unknown,2,,41.80773,-71.43508
923591,2025-00029428,2025-04-25,4:04:00 PM,Vehicle - Parked Vehicle,,SMITH ST,ACADEMY AVE,Colby Berciano,671,2025-04-25,"Two-Way , Not Divided",Dry,Daylight,Clear,Not a Collision Between Two Motor Vehicles in Transport,No,No Controls,3,0,No Injury,2,,41.84222,-71.44428
923592,2025-00029445,2025-04-25,5:05:00 PM,Vehicle - Vehicle,,SILVER SPRING ST,DE PINEDO ST,Ptlm. Labutti,104,2025-04-25,"Two-Way , Not Divided",Dry,Daylight,Clear,Rear End(Front-to-Rear),No,No Controls,4,0,No Injury,3,,41.85489,-71.4117
923593,2025-00029441,2025-04-25,4:53:00 PM,Vehicle - Vehicle,,Hayes St,FRANCIS ST,Matthew Kelley,186,2025-04-25,"Two-Way , Not Divided",Dry,Daylight,Clear,Rear End(Front-to-Rear),No,Traffic Control Signal,4,1,Complains Of Pain,2,,41.82928,-71.41564
923604,2025-00029500,2025-04-25,8:51:00 PM,Vehicle - Vehicle,,POINT ST,POINT ST EXIT,Stephen Sage,353,2025-04-26,One-Way Trafficway,Dry,Dark - Lighted,Clear,Angle (Front - to - Side) Right Angle (Includes Broadside),No,Traffic Control Signal,4,0,No Injury,2,,41.81496,-71.41334