CrashReportId,ReportNumber,CrashDate,CrashTime,TypeOfCollision,Collision Type,StreetOrHighway,NearestIntersection,Officer,Badge,ReportDate,TypeOfRoadway,RoadSurfaceCondition,LightCondition,WeatherCondition,MannerofImpact,HitAndRun,TrafficControl,PersonCount,InjuryCount,MostSeriousInjury,NumberofVehicles,NumberOfLanes,Latitude,Longitude
923750,2025-00029370,2025-04-25,12:52:00 PM,Vehicle - Vehicle,,WESTMINSTER ST,MESSER ST,Brad McParlin,395,2025-04-30,"Two-Way , Not Divided",Dry,Daylight,Clear,Angle (Front - to - Side) Opposite Direction,No,No Controls,2,2,Complains Of Pain,2,,41.81585,-71.43706
923716,2025-00030214,2025-04-25,7:00:00 PM,Vehicle - Parked Vehicle,,PINE ST,,Jason Clancy,999,2025-04-29,Unknown,Dry,Dark - Unknown Lighting,Clear,Unknown,"Yes, M/V and Driver Left Scene",Unknown,1,0,Unknown,2,,,
923763,2025-00030525,2025-04-25,11:55:00 AM,Vehicle - Vehicle,,WILLARD AVE,,J. Clancy,999,2025-04-30,Unknown,Dry,Daylight,Clear,Rear - to - Side,No,Unknown,5,0,Unknown,2,,,
923570,2025-00029252,2025-04-25,1:45:00 AM,Vehicle - Object,,S WATER ST/ CRAWFORD ST,DYER ST,Gabrielle O'Loughlin,680,2025-04-25,One-Way Trafficway,Dry,Dark - Lighted,Clear,Not a Collision Between Two Motor Vehicles in Transport,No,No Controls,2,2,Complains Of Pain,1,,41.82426,-71.40769
923571,2025-00029250,2025-04-25,1:23:00 AM,Vehicle - Parked Vehicle,,15 BRIDGE ST,INDIA ST,Mariangie Ponder,150,2025-04-25,One-Way Trafficway,Dry,Dark - Lighted,Clear,Unknown,"Yes, M/V and Driver Left Scene",No Controls,1,0,No Injury,2,,41.81841,-71.40205
923572,2025-00029271,2025-04-25,3:58:00 AM,Vehicle - Object,,BRANCH AVE,WOODWARD RD,Louis Prete,522,2025-04-25,"Two-Way, Divided, Unprotected (painted>4feet) Medium",Dry,Dark - Lighted,Clear,Not a Collision Between Two Motor Vehicles in Transport,No,No Controls,3,0,No Injury,1,,,
923578,2025-00029035,2025-04-25,3:45:00 PM,Vehicle - Vehicle,,KILLINGLY ST,SUNSET AVE,J. Clancy,999,2025-04-25,"Two-Way , Not Divided",Dry,Daylight,Clear,Unknown,No,Unknown,2,0,Unknown,2,,41.81457,-71.46366
923579,2025-00029340,2025-04-25,11:34:00 AM,Vehicle - Vehicle,,brown st,ANGELL ST,Louis Gianfrancesco,350,2025-04-25,"Two-Way , Not Divided",Dry,Daylight,Clear,Angle (Front - to - Side) Same Direction,No,Stop Signs,2,0,No Injury,2,2,41.82807,-71.40323
923583,2025-00029354,2025-04-25,12:18:00 PM,Vehicle - Vehicle,,BRANCH AVE,DRYDEN LN,Domingo Diaz,519,2025-04-25,"Two-Way, Divided, Unprotected (painted>4feet) Medium",Dry,Daylight,Clear,Rear End(Front-to-Rear),No,Traffic Control Signal,3,1,Complains Of Pain,2,,41.84237,-71.40823
923584,2025-00029310,2025-04-25,9:47:00 AM,Vehicle - Pedestrian,Bicycle,AUTUMN ST,EDDY ST,Matthew Sheridan,229,2025-04-25,"Two-Way , Not Divided",Dry,Daylight,Clear,Not a Collision Between Two Motor Vehicles in Transport,No,No Controls,2,1,Complains Of Pain,1,,41.80098,-71.4061
923585,2025-00029376,2025-04-25,1:01:00 PM,Vehicle - Vehicle,,steeple st,CANAL ST,Louis Gianfrancesco,350,2025-04-25,One-Way Trafficway,Dry,Daylight,Clear,"Sideswipe, Same Direction",No,Traffic Control Signal,4,0,No Injury,2,3,41.82715,-71.40996
923586,2025-00029377,2025-04-25,1:13:00 PM,Vehicle - Parked Vehicle,,wickenden st,BROOK ST,Michael Cifuentes,330,2025-04-25,"Two-Way , Not Divided",Dry,Daylight,Clear,Angle (Front - to - Side) Same Direction,No,No Controls,9,0,No Injury,2,,41.81947,-71.3983
923587,2025-00029281,2025-04-25,6:49:00 AM,Vehicle - Parked Vehicle,,CONVENT ST,MAUDE ST,Jason Dennis,392,2025-04-25,Unknown,Dry,Unknown,Clear,Unknown,"Yes, M/V and Driver Left Scene",No Controls,1,0,Unknown,2,,41.837,-71.43392
923588,2025-00029365,2025-04-25,12:42:00 PM,Vehicle - Vehicle,,ELMWOOD AVENUE,LINDEN AVE,Eduar Espinal,386,2025-04-25,One-Way Trafficway,Dry,Daylight,Clear,Other,No,No Controls,6,1,Complains Of Pain,2,,41.786,-71.4195
923589,2025-00029361,2025-04-25,12:29:00 PM,Vehicle - Parked Vehicle,,1 Providence Place,,Alexander Wagoner,541,2025-04-25,Unknown,Dry,Unknown,Clear,Unknown,"Yes, M/V and Driver Left Scene",No Controls,1,0,Unknown,2,,41.82927,-71.4166
923595,2025-00029444,2025-04-25,4:58:00 PM,Vehicle - Parked Vehicle,,SMITH STREET,DUKE STREET,Ian Quinn,102,2025-04-25,"Two-Way , Not Divided",Dry,Daylight,Clear,Angle (Front - to - Side) Right Angle (Includes Broadside),No,No Controls,2,1,Complains Of Pain,2,2,,
923596,2025-00029485,2025-04-25,12:00:00 PM,Vehicle - Parked Vehicle,,DORRANCE ST,WEYBOSSET ST,Matthew Kelley,186,2025-04-25,"Two-Way, Divided, Unprotected (painted>4feet) Medium",Dry,Daylight,Clear,"Sideswipe, Same Direction","Yes, M/V and Driver Left Scene",No Controls,1,0,Unknown,2,,41.8231,-71.41101
923597,2025-00029498,2025-04-25,8:37:00 PM,Vehicle - Vehicle,,ELMWOOD AVE,BROAD ST,Matthew Carlone,602,2025-04-25,"Two-Way , Not Divided",Dry,Dark - Lighted,Clear,Rear End(Front-to-Rear),No,Traffic Control Signal,2,0,No Injury,2,,41.81301,-71.42202
923598,2025-00029496,2025-04-25,8:33:00 PM,Vehicle - Vehicle,,BROADWAY,ATWELLS AVE,Cassidy Simanski,132,2025-04-25,"Two-Way, Divided, Unprotected (painted>4feet) Medium",Dry,Dark - Lighted,Clear,Head-On (Front - to - Front),No,Traffic Control Signal,4,0,No Injury,2,,41.82249,-71.41854
923599,2025-00029506,2025-04-25,9:02:00 PM,Vehicle - Vehicle,,SAN SOUCI DR,VALLEY ST,Brendan O'Brien,667,2025-04-25,"Two-Way , Not Divided",Dry,Dark - Lighted,Clear,Rear End(Front-to-Rear),No,No Controls,5,0,No Injury,3,,41.81735,-71.44093
923600,2025-00029531,2025-04-25,10:11:00 PM,Vehicle - Pedestrian,Bicycle,PINE ST,CHESTNUT ST,Ralph Abenante,511,2025-04-25,One-Way Trafficway,Dry,Dark - Lighted,Cloudy,Not a Collision Between Two Motor Vehicles in Transport,No,No Controls,3,1,Non-Incapacitating,1,,41.81944,-71.41294
923601,2025-00029532,2025-04-25,10:13:00 PM,Vehicle - Vehicle,,NORTH MAIN STREET,DOYLE AVE,Manuel Tueros,621,2025-04-25,"Two-Way, Divided, Positive Median Barrier",Dry,Dark - Lighted,Clear,Angle (Front - to - Side) Right Angle (Includes Broadside),No,Traffic Control Signal,2,2,Complains Of Pain,2,,41.83836,-71.40923
923602,2025-00029541,2025-04-25,11:09:00 PM,Vehicle - Vehicle,,DUDLEY STREET,PRAIRIE AVE,Tyler Houlihan,617,2025-04-26,"Two-Way, Divided, Unprotected (painted>4feet) Medium",Dry,Dark - Lighted,Clear,Angle (Front - to - Side) Same Direction,"Yes, M/V and Driver Left Scene",No Controls,4,1,Complains Of Pain,2,,41.80997,-71.41596
910595,2024-00031017,2025-04-25,12:26:00 PM,Vehicle - Parked Vehicle,,POCASSET AVE,MOOREFIELD ST,Yesenia Caba,549,2024-04-25,"Two-Way , Not Divided",Dry,Daylight,Clear,"Sideswipe, Same Direction",No,Stop Signs,3,0,No Injury,2,,41.80692,-71.45675
923603,2025-00029212,2025-04-24,10:58:00 PM,Vehicle - Vehicle,,TOCKWOTTON ST,S MAIN ST,Irving Liriano,631,2025-04-26,"Two-Way , Not Divided",Dry,Dark - Lighted,Clear,"Sideswipe, Same Direction",No,No Controls,7,0,No Injury,2,,41.81692,-71.4001
923573,2025-00029218,2025-04-24,10:40:00 PM,Vehicle - Parked Vehicle,,VANDEWATER ST,GLASGOW ST,Abdiel Mendez,652,2025-04-25,One-Way Trafficway,Dry,Dark - Lighted,Clear,Angle - Direction Not Specified,"Yes, M/V and Driver Left Scene",No Controls,1,0,Unknown,2,,41.85105,-71.43136
923545,2025-00028960,2025-04-24,8:20:00 AM,Vehicle - Pedestrian,Bicycle,60 VALLEY ST,SCHOOL ST,Raleek Byfield,375,2025-04-24,"Two-Way, Divided, Unprotected (painted>4feet) Medium",Dry,Daylight,Clear,Not a Collision Between Two Motor Vehicles in Transport,No,No Controls,2,1,Non-Incapacitating,1,,41.81896,-71.44059
923558,2025-00029092,2025-04-24,3:33:00 PM,Vehicle - Vehicle,,manton ave,OLNEYVILLE SQ,Serge Bouyssou,105,2025-04-24,"Two-Way, Divided, Positive Median Barrier",Dry,Daylight,Clear,"Sideswipe, Same Direction",No,No Controls,4,0,No Injury,2,,41.81677,-71.44322
923559,2025-00029099,2025-04-24,4:19:00 PM,Vehicle - Vehicle,,broadway,SUTTON ST,N Ayala,122,2025-04-24,"Two-Way, Divided, Unprotected (painted>4feet) Medium",Dry,Daylight,Clear,Rear End(Front-to-Rear),No,No Controls,3,0,No Injury,2,,41.82023,-71.4275
923560,2025-00029116,2025-04-24,5:22:00 PM,Vehicle - Vehicle,,HOPE ST,LARCH ST,Patrick Hourahan,243,2025-04-24,"Two-Way , Not Divided",Dry,Daylight,Clear,Angle (Front - to - Side) Right Angle (Includes Broadside),No,Stop Signs,2,0,No Injury,2,,41.84193,-71.39854
923561,2025-00029106,2025-04-24,4:37:00 PM,Vehicle - Vehicle,,hartford ave,MERINO ST,Serge Bouyssou,105,2025-04-24,"Two-Way , Not Divided",Dry,Daylight,Clear,Rear End(Front-to-Rear),"Yes, M/V and Driver Left Scene",No Controls,1,1,Complains Of Pain,2,,41.81863,-71.45908
923562,2025-00029113,2025-04-24,5:12:00 PM,Vehicle - Parked Vehicle,,850 MANTON AVE,,Colby Berciano,671,2025-04-24,"Two-Way , Not Divided",Dry,Daylight,Clear,Unknown,"Yes, M/V and Driver Left Scene",No Controls,2,0,Unknown,2,,41.83391,-71.4675
923563,2025-00029131,2025-04-24,5:52:00 PM,Vehicle - Vehicle,,CHALKSTONE AVE,IMERA ST,Colby Berciano,671,2025-04-24,"Two-Way , Not Divided",Dry,Daylight,Clear,Rear End(Front-to-Rear),No,No Controls,3,2,Complains Of Pain,2,,41.83211,-71.4565
923564,2025-00029156,2025-04-24,7:29:00 PM,Vehicle - Parked Vehicle,,CRANSTON ST,WAVERLY ST,Terrence Gibson,610,2025-04-24,"Two-Way , Not Divided",Dry,Daylight,Clear,Other,No,No Controls,2,0,No Injury,2,,41.80841,-71.43447
923565,2025-00029159,2025-04-24,7:41:00 PM,Vehicle - Vehicle,,SMITH STREET,SMITH ST,Arthur Lima,126,2025-04-24,"Two-Way , Not Divided",Dry,Daylight,Clear,Rear End(Front-to-Rear),"Yes, M/V and Driver Left Scene",No Controls,2,0,No Injury,2,,41.84337,-71.44695
923566,2025-00029195,2025-04-24,9:33:00 PM,Vehicle - Vehicle,,UNION AVE,POCASSET AVE,Ralph Abenante,511,2025-04-24,"Two-Way, Divided, Unprotected (painted>4feet) Medium",Dry,Dark - Not Lighted,Clear,Rear End(Front-to-Rear),No,No Controls,5,0,No Injury,2,,41.80639,-71.45714
923567,2025-00029142,2025-04-24,6:24:00 PM,Vehicle - Vehicle,,CHARLES STREET,ORMS ST,Manuel Tueros,621,2025-04-24,"Two-Way , Not Divided",Dry,Daylight,Clear,"Sideswipe, Same Direction",No,No Controls,4,0,No Injury,2,,41.83523,-71.41156
923568,2025-00029176,2025-04-24,8:28:00 PM,Vehicle - Pedestrian,Pedestrian,UNION AVE,WAVERLY ST,Lane,109,2025-04-24,"Two-Way , Not Divided",Dry,Dark - Lighted,Clear,Angle (Front - to - Side) Opposite Direction,No,No Controls,4,2,Complains Of Pain,3,,41.8095,-71.43755
923569,2025-00029193,2025-04-24,9:27:00 PM,Vehicle - Parked Vehicle,,BROAD STREET,HARVARD AVE,David Monteiro,613,2025-04-24,"Two-Way , Not Divided",Dry,Dark - Lighted,Clear,Rear End(Front-to-Rear),No,No Controls,2,0,No Injury,2,,41.80854,-71.42066
923541,2025-00028942,2025-04-24,7:04:00 AM,Vehicle - Vehicle,,LINWOOD AVE,DEXTER ST,Luis Garcia Colon,128,2025-04-24,"Two-Way, Divided, Unprotected (painted>4feet) Medium",Dry,Daylight,Clear,Rear End(Front-to-Rear),No,No Controls,5,1,Complains Of Pain,2,,41.80536,-71.4296
923549,2025-00028952,2025-04-24,7:46:00 AM,Vehicle - Vehicle,,DABOLL ST,BUCKLIN ST,Hildenise Espanol,137,2025-04-24,"Two-Way , Not Divided",Dry,Daylight,Clear,"Sideswipe, Same Direction","Yes, M/V and Driver Left Scene",Stop Signs,2,0,No Injury,2,,41.80409,-71.42772
923550,2025-00028949,2025-04-24,7:40:00 AM,Vehicle - Vehicle,,FAIRFIELD AVE,MANTON AVE,Igor Barbosa,114,2025-04-24,"Two-Way, Divided, Unprotected (painted>4feet) Medium",Dry,Daylight,Clear,Rear End(Front-to-Rear),No,Stop Signs,2,0,No Injury,2,,41.82566,-71.45645
923551,2025-00029024,2025-04-24,12:13:00 PM,Vehicle - Pedestrian,Pedestrian,SHIPYARD ST,ERNEST ST,Matthew Carlone,602,2025-04-24,"Two-Way , Not Divided",Dry,Daylight,Clear,Unknown,No,No Controls,3,1,Complains Of Pain,1,,41.79151,-71.39129
923552,2025-00029060,2025-04-24,2:22:00 PM,Vehicle - Vehicle,,JEWETT ST,BATH ST,Albert Pereira,111,2025-04-24,"Two-Way , Not Divided",Dry,Daylight,Clear,Head-On (Front - to - Front),"Yes, M/V and Driver Left Scene",No Controls,1,1,Complains Of Pain,2,,41.83261,-71.42508
923553,2025-00029058,2025-04-24,2:19:00 PM,Vehicle - Vehicle,,Gaspee St,FRANCIS ST,Alexander Wagoner,541,2025-04-24,"Two-Way , Not Divided",Dry,Daylight,Clear,Rear End(Front-to-Rear),No,No Controls,3,0,No Injury,2,,41.82918,-71.41423
923554,2025-00029062,2025-04-24,2:37:00 PM,Vehicle - Parked Vehicle,,PORTLAND ST,HAYWARD ST,Matthew Carlone,602,2025-04-24,"Two-Way , Not Divided",Dry,Daylight,Clear,Unknown,"Yes, M/V and Driver Left Scene",No Controls,1,0,Unknown,2,,41.81341,-71.41993
923556,2025-00029090,2025-04-24,3:57:00 PM,Vehicle - Vehicle,,hartford ave,HARTFORD AVE,Tyler Calandra,418,2025-04-24,"Two-Way , Not Divided",Dry,Daylight,Clear,Angle - Direction Not Specified,No,No Controls,3,1,Complains Of Pain,2,,41.81878,-71.46015
923692,2025-00029148,2025-04-24,6:30:00 PM,Vehicle - Pedestrian,Pedestrian,DE SOTO ST,GROVE ST,Peyton Ginolfi,657,2025-04-28,"Two-Way , Not Divided",Dry,Daylight,Clear,"Sideswipe, Same Direction","Yes, M/V and Driver Left Scene",No Controls,2,0,Unknown,2,,41.8203,-71.43908
923727,2025-00029029,2025-04-24,12:31:00 PM,Vehicle - Pedestrian,Pedestrian,Cranston st,Huntington Ave,Quinilla,572,2025-04-29,"Two-Way , Not Divided",Dry,Daylight,Clear,Rear End(Front-to-Rear),"Yes, M/V and Driver Left Scene",No Controls,3,0,No Injury,2,2,,
923575,2025-00029144,2025-04-24,6:02:00 PM,Vehicle - Vehicle,,POINT ST,,J Clancy,999,2025-04-25,"Two-Way , Not Divided",Dry,Dark - Unknown Lighting,Clear,Head-On (Front - to - Front),"Yes, M/V and Driver Left Scene",Unknown,1,0,Unknown,2,,41.81403,-71.41704
923594,2025-00029228,2025-04-24,11:36:00 PM,Vehicle - Vehicle,,ELMWOOD AVE,LENOX AVE,Ralph Abenante,511,2025-04-25,"Two-Way, Divided, Positive Median Barrier",Dry,Dark - Lighted,Clear,Angle (Front - to - Side) Opposite Direction,"Yes, Driver Left Scene",No Controls,7,0,Unknown,4,,41.79524,-71.42464
923620,2025-00028983,2025-04-24,9:32:00 AM,Vehicle - Parked Vehicle,,broadway ave,ANDREW ST,Brad McParlin,395,2025-04-26,"Two-Way , Not Divided",Dry,Daylight,Clear,Rear End(Front-to-Rear),No,No Controls,2,0,No Injury,2,,41.81956,-71.43037
923654,2025-00028977,2025-04-24,9:27:00 AM,Vehicle - Vehicle,,CALDER ST,HUNTINGTON AVE,Kelsey Woodbine,633,2025-04-27,"Two-Way , Not Divided",Dry,Daylight,Clear,"Sideswipe, Same Direction",No,No Controls,2,0,No Injury,2,,41.80139,-71.43042
923670,2025-00028974,2025-04-24,9:01:00 AM,Vehicle - Vehicle,,EDDY ST,POINT ST,Lucio Andreozzi,381,2025-04-28,"Two-Way, Divided, Positive Median Barrier",Dry,Daylight,Clear,"Sideswipe, Same Direction",No,Traffic Control Signal,3,0,No Injury,2,,41.81675,-71.4064
923909,2025-00029179,2025-04-24,8:36:00 PM,Vehicle - Parked Vehicle,,HARTFORD AVE,LAUREL HILL AVE,Peyton Ginolfi,657,2025-05-04,"Two-Way , Not Divided",Dry,Dark - Lighted,Clear,Angle (Front - to - Side) Same Direction,"Yes, M/V and Driver Left Scene",No Controls,1,0,Unknown,2,,41.81807,-71.45601
924423,2025-00029051,2025-04-24,1:48:00 PM,Vehicle - Vehicle,,BRANCH AVE,SILVER SPRING ST,Albert Pereira,111,2025-05-19,"Two-Way , Not Divided",Dry,Daylight,Clear,Rear End(Front-to-Rear),No,No Controls,3,0,No Injury,2,,41.84783,-71.41469
923613,2025-00028661,2025-04-23,10:35:00 AM,Vehicle - Pedestrian,Pedestrian,CHAPMAN ST,VIRGINIA AVE,Ptlm. Castagliuolo,351,2025-04-23,"Two-Way , Not Divided",Dry,Daylight,Clear,Not a Collision Between Two Motor Vehicles in Transport,No,Stop Signs,2,1,Complains Of Pain,1,,41.79267,-71.40049
923690,2025-00028838,2025-04-23,8:01:00 PM,Vehicle - Parked Vehicle,,POTTERS AVE,PURITAN ST,Peyton Ginolfi,657,2025-04-28,"Two-Way , Not Divided",Dry,Dark - Lighted,Clear,"Sideswipe, Same Direction","Yes, Driver Left Scene",No Controls,3,3,Complains Of Pain,2,,41.80472,-71.43691
923754,2025-00028631,2025-04-23,8:17:00 AM,Vehicle - Vehicle,,EDDY ST,JILLSON ST,Waldorf Pognon,501,2025-04-30,"Two-Way , Not Divided",Dry,Daylight,Clear,Head-On (Front - to - Front),No,No Controls,3,1,Complains Of Pain,2,2,41.79144,-71.40345
923542,2025-00028806,2025-04-23,5:00:00 PM,Vehicle - Vehicle,,BRANCH AVE EXIT,BRANCH AVE,Jason Clancy,999,2025-04-24,"Two-Way , Not Divided",Dry,Dark - Unknown Lighting,Clear,Unknown,"Yes, M/V and Driver Left Scene",Unknown,1,0,Unknown,2,,41.84577,-71.41095
923543,2025-00028719,2025-04-23,12:50:00 PM,Vehicle - Vehicle,,VALLEY ST,BROADWAY,Jason Clancy,999,2025-04-24,"Two-Way , Not Divided",Dry,Daylight,Clear,Angle - Direction Not Specified,No,Unknown,2,0,Unknown,2,,41.81685,-71.44099
923544,2025-00028791,2025-04-23,2:15:00 PM,Vehicle - Parked Vehicle,,SILVER SPRING ST,,Jason Clancy,999,2025-04-24,Unknown,Dry,Daylight,Clear,Unknown,No,Unknown,2,0,Unknown,2,,,
923527,2025-00028639,2025-04-23,9:15:00 AM,Vehicle - Vehicle,,OLNEYVILLE SQ,MANTON AVE,Eder Delgado,580,2025-04-23,"Two-Way , Not Divided",Dry,Daylight,Clear,Angle (Front - to - Side) Same Direction,No,No Controls,3,0,No Injury,2,,41.81698,-71.44359
923539,2025-00028814,2025-04-23,6:53:00 PM,Vehicle - Vehicle,,Bodell Ave,ETNA ST,Alexander Frias,669,2025-04-23,"Two-Way , Not Divided",Dry,Daylight,Clear,Head-On (Front - to - Front),No,No Controls,3,1,Complains Of Pain,3,,41.81669,-71.45307
923540,2025-00028825,2025-04-23,7:30:00 PM,Vehicle - Vehicle,,PLAINFIELD ST,FARMINGTON AVE,Terrence Gibson,610,2025-04-23,"Two-Way , Not Divided",Dry,Daylight,Clear,Angle (Front - to - Side) Opposite Direction,No,Stop Signs,2,0,No Injury,2,,41.80702,-71.46417
923516,2025-00028613,2025-04-23,7:27:00 AM,Vehicle - Vehicle,,ATWELLS AVE,DE PASQUALE AVE,Raleek Byfield,375,2025-04-23,"Two-Way, Divided, Unprotected (painted>4feet) Medium",Dry,Daylight,Clear,"Sideswipe, Same Direction","Yes, M/V and Driver Left Scene",No Controls,4,0,No Injury,2,,41.82359,-71.42694
923517,2025-00028611,2025-04-23,7:12:00 AM,Vehicle - Vehicle,,ADELAIDE AVE,ELMWOOD AVE,Hansel Ventura,570,2025-04-23,"Two-Way , Not Divided",Dry,Daylight,Clear,Angle (Front - to - Side) Right Angle (Includes Broadside),No,Traffic Control Signal,3,0,No Injury,2,,41.79587,-71.42504
923518,2025-00028648,2025-04-23,9:41:00 AM,Vehicle - Vehicle,,Bridgham Street,BROAD ST,Mario Andrade,130,2025-04-23,"Two-Way, Divided, Positive Median Barrier",Dry,Daylight,Clear,Rear End(Front-to-Rear),No,No Controls,5,1,Complains Of Pain,2,,41.81273,-71.42205
923524,2025-00028688,2025-04-23,11:59:00 AM,Vehicle - Vehicle,,N MAIN ST,CANAL ST,Domingo Diaz,519,2025-04-23,One-Way Trafficway,Dry,Daylight,Clear,Angle (Front - to - Side) Right Angle (Includes Broadside),No,Stop Signs,5,0,No Injury,2,,41.83231,-71.41093
923525,2025-00028614,2025-04-23,7:42:00 AM,Vehicle - Vehicle,,Atwells ave,PUTNAM ST,Eder Delgado,580,2025-04-23,"Two-Way , Not Divided",Dry,Daylight,Clear,Angle (Front - to - Side) Opposite Direction,"Yes, M/V and Driver Left Scene",Traffic Control Signal,2,0,No Injury,2,,41.82479,-71.44356
923529,2025-00028698,2025-04-23,12:43:00 PM,Vehicle - Vehicle,,Manton Ave,OLNEYVILLE SQ,Eder Delgado,580,2025-04-23,"Two-Way , Not Divided",Dry,Daylight,Clear,Angle (Front - to - Side) Same Direction,No,No Controls,2,0,No Injury,2,,41.81706,-71.44358
923530,2025-00028751,2025-04-23,3:39:00 PM,Vehicle - Vehicle,,BRANCH AVE,EXIT,Ptlm. Labutti,104,2025-04-23,"Two-Way , Not Divided",Dry,Daylight,Clear,Rear End(Front-to-Rear),No,Traffic Control Signal,5,0,No Injury,2,,41.85301,-71.42634
923531,2025-00028807,2025-04-23,5:58:00 PM,Vehicle - Parked Vehicle,,LEDGE ST,CHARLES ST,Ptlm. Labutti,104,2025-04-23,"Two-Way , Not Divided",Dry,Daylight,Clear,"Sideswipe, Same Direction","Yes, M/V and Driver Left Scene",No Controls,2,0,Unknown,2,,41.85314,-71.42033
923534,2025-00028816,2025-04-23,7:06:00 PM,Vehicle - Vehicle,,331 SMITH ST,ORMS ST,David Palumbo,106,2025-04-23,"Two-Way , Not Divided",Dry,Dusk,Clear,"Sidwswipe, Opposite Direction","Yes, M/V and Driver Left Scene",No Controls,3,0,No Injury,2,,41.83379,-71.42204
923535,2025-00028752,2025-04-23,7:51:00 AM,Vehicle - Vehicle,,F C GREENE MEMORIAL BLVD,CARR ST,Pedro Saravia,611,2025-04-23,"Two-Way , Not Divided",Dry,Daylight,Clear,Rear End(Front-to-Rear),"Yes, Driver Left Scene",No Controls,2,0,No Injury,2,,41.78689,-71.40875
923536,2025-00028787,2025-04-23,4:57:00 PM,Vehicle - Vehicle,,EDDY ST,THURBERS AVE,Pedro Saravia,611,2025-04-23,"Two-Way , Not Divided",Dry,Daylight,Clear,Angle (Front - to - Side) Opposite Direction,No,No Controls,3,1,Complains Of Pain,2,,41.80007,-71.40587
923537,2025-00028845,2025-04-23,8:07:00 PM,Vehicle - Parked Vehicle,,ARGOL ST,EDGEWORTH AVE,Ptlm. Labutti,104,2025-04-23,"Two-Way , Not Divided",Dry,Dark - Lighted,Clear,Rear End(Front-to-Rear),"Yes, M/V and Driver Left Scene",No Controls,1,0,Unknown,2,,41.85886,-71.41334
923546,2025-00028632,2025-04-23,8:45:00 AM,Vehicle - Vehicle,,ATWELLS AVE,ALBRO ST,Hildenise Espanol,137,2025-04-24,"Two-Way , Not Divided",Dry,Daylight,Clear,"Sideswipe, Same Direction",No,Traffic Control Signal,3,0,No Injury,2,,41.82342,-71.4246
923547,2025-00028695,2025-04-23,12:34:00 PM,Vehicle - Vehicle,,DIKE ST,STOKES ST,Southavout Im,382,2025-04-24,"Two-Way , Not Divided",Dry,Daylight,Clear,Angle (Front - to - Side) Right Angle (Includes Broadside),No,Stop Signs,6,0,No Injury,2,,41.81579,-71.44293
923548,2025-00028713,2025-04-23,1:21:00 PM,Vehicle - Vehicle,,1880 WESTMINSTER STREET,BROADWAY,Southavout Im,382,2025-04-24,"Two-Way , Not Divided",Dry,Daylight,Clear,Rear End(Front-to-Rear),"Yes, M/V and Driver Left Scene",Traffic Control Signal,3,0,No Injury,2,,41.81667,-71.4423
923574,2025-00028625,2025-04-23,8:20:00 AM,Vehicle - Vehicle,,PINE ST,CHESTNUT ST,Lucio Andreozzi,381,2025-04-25,One-Way Trafficway,Dry,Daylight,Clear,"Sideswipe, Same Direction",No,Traffic Control Signal,3,0,No Injury,2,,41.81944,-71.41294
925116,2025-00029083,2025-04-22,12:41:00 PM,Vehicle - Vehicle,,W RIVER ST,BRANCH AVE,Jason Clancy,999,2025-06-11,"Two-Way , Not Divided",Unknown,Daylight,Clear,Rear End(Front-to-Rear),"Yes, M/V and Driver Left Scene",Unknown,1,0,Unknown,2,,41.8469,-71.41269
923538,2025-00028416,2025-04-22,2:45:00 PM,Vehicle - Vehicle,,THURBERS AVE,BAFFIN CT,Peyton Ginolfi,657,2025-04-23,"Two-Way , Not Divided",Dry,Daylight,Clear,Rear End(Front-to-Rear),No,No Controls,2,1,Complains Of Pain,2,,41.79947,-71.40809
923499,2025-00028362,2025-04-22,9:43:00 AM,Vehicle - Vehicle,,CANAL ST,PARK ROW,Jason Clancy,999,2025-04-22,"Two-Way , Not Divided",Dry,Daylight,Clear,Other,No,Unknown,2,0,Unknown,2,,41.82848,-71.4107
923528,2025-00028499,2025-04-22,7:00:00 PM,Vehicle - Vehicle,,WATERMAN ST,GANO ST,Kelsey Woodbine,633,2025-04-23,One-Way Trafficway,Dry,Dark - Lighted,Clear,"Sideswipe, Same Direction",No,No Controls,3,0,No Injury,2,,41.82822,-71.39052
923557,2025-00028495,2025-04-22,7:12:00 PM,Vehicle - Vehicle,,PUBLIC ST,MILK ST,Peyton Ginolfi,657,2025-04-24,"Two-Way , Not Divided",Dry,Daylight,Clear,Angle (Front - to - Side) Same Direction,"Yes, M/V and Driver Left Scene",No Controls,2,0,No Injury,2,,41.80566,-71.41435
923491,2025-00028330,2025-04-22,8:53:00 AM,Vehicle - Object,,Douglas Avenue,Seamans Street,James Lanier,211,2025-04-22,"Two-Way, Divided, Unprotected (painted>4feet) Medium",Dry,Daylight,Clear,Not a Collision Between Two Motor Vehicles in Transport,No,No Controls,2,0,No Injury,1,1,,