CrashReportId,ReportNumber,CrashDate,CrashTime,TypeOfCollision,Collision Type,StreetOrHighway,NearestIntersection,Officer,Badge,ReportDate,TypeOfRoadway,RoadSurfaceCondition,LightCondition,WeatherCondition,MannerofImpact,HitAndRun,TrafficControl,PersonCount,InjuryCount,MostSeriousInjury,NumberofVehicles,NumberOfLanes,Latitude,Longitude
923494,2025-00028341,2025-04-22,9:38:00 AM,Vehicle - Vehicle,,WOONASQUATUCKET AVE,Bel-Air DR,Joel Ikuejamofo,143,2025-04-22,"Two-Way , Not Divided",Dry,Daylight,Clear,"Sidwswipe, Opposite Direction",No,No Controls,2,0,No Injury,2,,41.83962,-71.47482
923495,2025-00028382,2025-04-22,12:11:00 PM,Vehicle - Vehicle,,NORTH MAIN STREET,JENKINS STREET,Joseph Madeira,552,2025-04-22,"Two-Way, Divided, Positive Median Barrier",Dry,Daylight,Clear,Other,No,Stop Signs,2,0,No Injury,2,4,41.83566,-71.41582
923496,2025-00028391,2025-04-22,12:41:00 PM,Vehicle - Vehicle,,WEST RIVER STREET,BRANCH AVENUE,James Lanier,211,2025-04-22,"Two-Way, Divided, Unprotected (painted>4feet) Medium",Dry,Daylight,Clear,Rear End(Front-to-Rear),No,Traffic Control Signal,3,1,Complains Of Pain,2,2,,
923497,2025-00028339,2025-04-22,9:31:00 AM,Vehicle - Parked Vehicle,,675 Elmwood Ave,,Luis Quinilla,572,2025-04-22,Unknown,Dry,Daylight,Clear,Rear - to - Side,"Yes, M/V and Driver Left Scene",No Controls,1,0,No Injury,2,,,
923504,2025-00028447,2025-04-22,4:23:00 PM,Vehicle - Object,,francis st,HAYES ST,Tyler Calandra,418,2025-04-22,"Two-Way , Not Divided",Dry,Daylight,Clear,Head-On (Front - to - Front),No,No Controls,3,2,Complains Of Pain,1,,41.82933,-71.41562
923505,2025-00028471,2025-04-22,5:32:00 PM,Vehicle - Vehicle,,RAPHAEL AVE,CHARLES ST,Ptlm. Labutti,104,2025-04-22,"Two-Way , Not Divided",Dry,Daylight,Clear,"Sidwswipe, Opposite Direction","Yes, M/V and Driver Left Scene",No Controls,2,0,No Injury,2,,41.85921,-71.4217
923506,2025-00028445,2025-04-22,4:18:00 PM,Vehicle - Vehicle,,POINT ST,POINT ST EXIT 21,Cassidy Simanski,132,2025-04-22,One-Way Trafficway,Dry,Daylight,Clear,Rear End(Front-to-Rear),No,Traffic Control Signal,3,0,No Injury,2,,41.81505,-71.4127
923507,2025-00028458,2025-04-22,4:54:00 PM,Vehicle - Vehicle,,ATWELLS AVE,DEAN ST,Sean Cooney,523,2025-04-22,"Two-Way , Not Divided",Dry,Daylight,Clear,Angle (Front - to - Side) Right Angle (Includes Broadside),No,Traffic Control Signal,3,0,No Injury,2,,,
923508,2025-00028395,2025-04-22,12:59:00 PM,Vehicle - Parked Vehicle,,91 Hartford ave,,Eder Delgado,580,2025-04-22,Unknown,Dry,Daylight,Clear,Unknown,"Yes, M/V and Driver Left Scene",No Controls,1,0,Unknown,2,,,
923509,2025-00028459,2025-04-22,4:58:00 PM,Vehicle - Vehicle,,CYPRESS STREET,NORTH MAIN STREET,Ricardo Sanchez,632,2025-04-22,"Two-Way , Not Divided",Dry,Daylight,Clear,Rear End(Front-to-Rear),No,No Controls,2,0,No Injury,2,2,,
923510,2025-00028486,2025-04-22,6:41:00 PM,Vehicle - Parked Vehicle,,WEBSTER AVE,DORCHESTER AVE,Jared Guiot,608,2025-04-22,"Two-Way , Not Divided",Dry,Daylight,Clear,"Sideswipe, Same Direction",No,No Controls,3,0,No Injury,2,,41.81285,-71.45041
923512,2025-00028520,2025-04-22,8:14:00 PM,Vehicle - Vehicle,,BRANCH AVE,EXIT,Michael Duffy,354,2025-04-22,"Two-Way , Not Divided",Dry,Dark - Lighted,Clear,Rear End(Front-to-Rear),"Yes, M/V and Driver Left Scene",Traffic Control Signal,2,1,Complains Of Pain,2,,41.85279,-71.42581
923513,2025-00028425,2025-04-22,3:34:00 PM,Vehicle - Vehicle,,VALLEY STREET,HEMLOCK ST,Saramarie Cerullo,151,2025-04-22,"Two-Way, Divided, Unprotected (painted>4feet) Medium",Dry,Daylight,Clear,Rear End(Front-to-Rear),No,No Controls,2,0,No Injury,2,,41.83044,-71.43051
923695,2025-00028524,2025-04-22,8:44:00 PM,Vehicle - Vehicle,,F C GREENE MEMORIAL BLVD,F C GREENE MEMORIAL BLVD,Andrew Mitura,605,2025-04-28,"Two-Way , Not Divided",Dry,Dark - Lighted,Clear,Rear End(Front-to-Rear),"Yes, M/V and Driver Left Scene",No Controls,1,0,No Injury,2,,41.78582,-71.41564
923805,2025-00028523,2025-04-22,8:29:00 PM,Vehicle - Vehicle,,Hartford Ave,,Conor Fleurant,171,2025-05-01,"Two-Way , Not Divided",Dry,Daylight,Clear,Rear End(Front-to-Rear),No,No Controls,2,0,No Injury,2,,,
923605,2025-00028514,2025-04-22,7:50:00 PM,Vehicle - Vehicle,,BROAD ST,,Ridalson Emile,649,2025-04-26,"Two-Way , Not Divided",Dry,Daylight,Clear,Rear End(Front-to-Rear),"Yes, M/V and Driver Left Scene",No Controls,3,0,No Injury,3,,,
923669,2025-00028313,2025-04-22,7:08:00 AM,Vehicle - Vehicle,,DUXBURY ST,KILLINGLY ST,Michelle Nunez,140,2025-04-28,"Two-Way , Not Divided",Dry,Daylight,Clear,Angle (Front - to - Side) Opposite Direction,No,Traffic Control Signal,6,0,No Injury,2,,41.81377,-71.46089
923689,2025-00029398,2025-04-22,2:43:00 PM,Vehicle - Vehicle,,SERVICE ROAD 8,ATWELLS AVE,Jason Clancy,999,2025-04-28,One-Way Trafficway,Dry,Daylight,Clear,Rear End(Front-to-Rear),No,Unknown,2,0,Unknown,2,,41.82303,-71.41951
923686,2025-00029403,2025-04-22,3:57:00 PM,Vehicle - Vehicle,,S MAIN ST,,Jason Clancy,999,2025-04-28,One-Way Trafficway,Dry,Daylight,Clear,Rear End(Front-to-Rear),No,Unknown,2,0,Unknown,2,,41.81904,-71.40093
923902,2025-00028373,2025-04-22,11:26:00 AM,Vehicle - Vehicle,,ELMWOOD AVE,LENOX AVE,Gustavo Genao,135,2025-05-04,"Two-Way , Not Divided",Dry,Daylight,Clear,Angle (Front - to - Side) Same Direction,No,No Controls,2,0,No Injury,2,,41.79534,-71.4247
923900,2025-00028323,2025-04-22,7:48:00 AM,Vehicle - Parked Vehicle,,BROAD ST,CAHIR ST,Gustavo Genao,135,2025-05-04,"Two-Way , Not Divided",Dry,Daylight,Clear,"Sideswipe, Same Direction",No,Traffic Control Signal,1,0,No Injury,2,,41.8167,-71.41842
924034,2025-00032937,2025-04-22,7:30:00 PM,Vehicle - Pedestrian,Pedestrian,DABOLL ST,DEXTER ST,Quincy Griffin,970,2025-05-07,"Two-Way , Not Divided",Dry,Dusk,Clear,Other,No,No Controls,2,1,Complains Of Pain,1,,41.80404,-71.43011
923668,2025-00028123,2025-04-21,12:47:00 PM,Vehicle - Vehicle,,593 EDDY STREET,,Michelle Nunez,140,2025-04-28,One-Way Trafficway,Dry,Daylight,Clear,Rear - to - Side,No,No Controls,11,1,Complains Of Pain,2,,41.81179,-71.40707
923576,2025-00029117,2025-04-21,9:00:00 AM,Vehicle - Vehicle,,ALLENS AVE,ERNEST ST,J. Clancy,999,2025-04-25,"Two-Way , Not Divided",Dry,Daylight,Clear,Rear End(Front-to-Rear),No,Unknown,2,0,Unknown,2,,41.79486,-71.39794
923477,2025-00028206,2025-04-21,5:52:00 PM,Vehicle - Object,,HARTFORD AVE,HARTFORD AVE,Serge Bouyssou,105,2025-04-21,"Two-Way , Not Divided",Dry,Daylight,Cloudy,Not a Collision Between Two Motor Vehicles in Transport,No,No Controls,1,1,Complains Of Pain,1,,41.81907,-71.46227
923478,2025-00028187,2025-04-21,4:36:00 PM,Vehicle - Parked Vehicle,,SWEETBRIAR ST,MALBONE ST,Ryan Fernandes,125,2025-04-21,Unknown,Dry,Daylight,Clear,"Sidwswipe, Opposite Direction",No,No Controls,2,0,No Injury,2,,41.83998,-71.42805
923471,2025-00028186,2025-04-21,4:39:00 PM,Vehicle - Vehicle,,DUDLEY ST,PRAIRIE AVE,Pedro Saravia,611,2025-04-21,"Two-Way , Not Divided",Dry,Daylight,Clear,Rear End(Front-to-Rear),No,Stop Signs,2,0,No Injury,2,,41.80995,-71.41567
923473,2025-00028181,2025-04-21,4:24:00 PM,Vehicle - Vehicle,,BERGEN ST,ANDEM ST,Raymond Criner,340,2025-04-21,"Two-Way , Not Divided",Dry,Daylight,Clear,Rear End(Front-to-Rear),No,No Controls,5,0,No Injury,2,,41.83147,-71.43997
923475,2025-00028154,2025-04-21,2:33:00 PM,Vehicle - Vehicle,,S WATER ST,S MAIN ST,Daniel Sirignano,261,2025-04-21,One-Way Trafficway,Dry,Daylight,Clear,"Sideswipe, Same Direction",No,No Controls,2,1,Fatal,2,,41.817,-71.40018
923480,2025-00028197,2025-04-21,5:06:00 PM,Vehicle - Vehicle,,BRANCH AVENUE,CHARLES STREET,Ian Quinn,102,2025-04-21,"Two-Way , Not Divided",Dry,Daylight,Clear,Rear End(Front-to-Rear),No,No Controls,4,0,No Injury,2,2,,
923485,2025-00028260,2025-04-21,6:42:00 PM,Vehicle - Vehicle,,RIVER AVE,DOUGLAS AVE,Jason Clancy,999,2025-04-22,"Two-Way , Not Divided",Dry,Dusk,Clear,Rear - to - Side,No,Unknown,2,0,Unknown,2,,41.85272,-71.43718
923443,2025-00028025,2025-04-21,2:46:00 AM,Vehicle - Object,,BRANCH AVE,VEAZIE ST,Matthew Lombardi,674,2025-04-21,"Two-Way, Divided, Unprotected (painted>4feet) Medium",Dry,Dark - Lighted,Clear,Not a Collision Between Two Motor Vehicles in Transport,No,No Controls,2,0,No Injury,1,,41.85477,-71.43517
923444,2025-00028036,2025-04-21,4:51:00 AM,Vehicle - Pedestrian,Pedestrian,328 Pocasset Avenue,ALTO ST,Ryan Whittemore,655,2025-04-21,Unknown,Dry,Dark - Not Lighted,Clear,Angle (Front - to - Side) Same Direction,"Yes, M/V and Driver Left Scene",No Controls,2,0,No Injury,2,,41.80578,-71.45756
923445,2025-00028049,2025-04-21,8:18:00 AM,Vehicle - Vehicle,,THURBERS AVE,EXIT 18,Vanessa Wilcox,197,2025-04-21,One-Way Trafficway,Dry,Daylight,Clear,Rear End(Front-to-Rear),No,No Controls,3,0,No Injury,2,,41.80053,-71.40327
923453,2025-00028069,2025-04-21,9:25:00 AM,Vehicle - Vehicle,,CHARLES ST,CORLISS ST,Ptlm. Castagliuolo,351,2025-04-21,One-Way Trafficway,Dry,Daylight,Clear,Angle (Front - to - Side) Same Direction,No,Pavement Markings,7,2,Complains Of Pain,3,,41.83802,-71.41446
923458,2025-00028108,2025-04-21,11:49:00 AM,Vehicle - Parked Vehicle,,KENYON ST,DE PASQUALE AVE,Mario Andrade,130,2025-04-21,"Two-Way , Not Divided",Dry,Daylight,Clear,Other,"Yes, Driver Left Scene",No Controls,3,0,Unknown,2,,41.8213,-71.42548
923459,2025-00028135,2025-04-21,1:28:00 AM,Vehicle - Vehicle,,BARSTOW ST,VALLEY ST,Eder Delgado,580,2025-04-21,"Two-Way, Not Divided With a Continuous Left Turn Lane",Dry,Daylight,Clear,"Sideswipe, Same Direction",No,No Controls,2,0,No Injury,2,,41.82413,-71.43958
923460,2025-00028067,2025-04-21,9:20:00 AM,Vehicle - Pedestrian,Pedestrian,ETHAN ST,SOPHIA ST,Ajay Subramaniam,569,2025-04-21,"Two-Way , Not Divided",Dry,Daylight,Clear,Angle (Front - to - Side) Same Direction,"Yes, M/V and Driver Left Scene",Stop Signs,3,1,Complains Of Pain,2,,41.80882,-71.45823
923469,2025-00028166,2025-04-21,3:15:00 PM,Vehicle - Object,,BROOK ST,MEETING ST,Raymond Criner,340,2025-04-21,"Two-Way , Not Divided",Dry,Daylight,Clear,Not a Collision Between Two Motor Vehicles in Transport,No,Pavement Markings,1,0,No Injury,1,,41.82925,-71.39959
923590,2025-00028169,2025-04-21,3:34:00 PM,Vehicle - Pedestrian,Pedestrian,BLACKSTONE ST,GAY ST,Ruben Morales,685,2025-04-25,"Two-Way , Not Divided",Dry,Daylight,Clear,"Sideswipe, Same Direction",No,No Controls,2,0,No Injury,2,,41.80937,-71.41265
923532,2025-00027990,2025-04-20,8:56:00 PM,Vehicle - Object,,WASHINGTON ST,DEAN ST,Kelsa Heron,133,2025-04-23,"Two-Way , Not Divided",Dry,Dark - Lighted,Clear,"Sideswipe, Same Direction",No,Traffic Control Signal,0,0,Unknown,1,,41.8196,-71.41985
923470,2025-00027920,2025-04-20,3:14:00 PM,Vehicle - Vehicle,,UNION AVE,WEBSTER AVE,Brendan O'Brien,667,2025-04-21,One-Way Trafficway,Dry,Daylight,Clear,Rear End(Front-to-Rear),No,No Controls,2,0,No Injury,2,,41.80678,-71.44773
923418,2025-00027903,2025-04-20,1:37:00 PM,Vehicle - Vehicle,,Waterman St,BROOK ST,Michael Cifuentes,330,2025-04-20,One-Way Trafficway,Dry,Daylight,Clear,Rear End(Front-to-Rear),"Yes, M/V and Driver Left Scene",No Controls,3,0,No Injury,2,,41.8274,-71.39934
923438,2025-00027968,2025-04-20,7:16:00 PM,Vehicle - Vehicle,,ADMIRAL ST,STATE HWY 146 N,David Palumbo,106,2025-04-20,"Two-Way, Divided, Positive Median Barrier",Dry,Dusk,Clear,Angle (Front - to - Side) Same Direction,No,Yield Signs,5,1,Complains Of Pain,2,,41.84073,-71.41778
923439,2025-00027980,2025-04-20,8:08:00 PM,Vehicle - Vehicle,,CHALKSTONE AVE,CAMDEN AVE,Raymond Criner,340,2025-04-20,"Two-Way , Not Divided",Dry,Dark - Lighted,Clear,Angle (Front - to - Side) Right Angle (Includes Broadside),No,Traffic Control Signal,3,2,Complains Of Pain,2,,41.83529,-71.42537
923441,2025-00027962,2025-04-20,6:42:00 PM,Vehicle - Vehicle,,LEDGE STREET,SILVER SPRING STREET,Ian Quinn,102,2025-04-20,"Two-Way , Not Divided",Dry,Daylight,Clear,"Sidwswipe, Opposite Direction",No,No Controls,3,0,No Injury,2,2,,
923442,2025-00027987,2025-04-20,8:39:00 PM,Vehicle - Pedestrian,Pedestrian,CHALKSTONE AVE,BERLIN ST,Raymond Criner,340,2025-04-20,"Two-Way , Not Divided",Dry,Dark - Lighted,Clear,Not a Collision Between Two Motor Vehicles in Transport,"Yes, M/V and Driver Left Scene",Pavement Markings,1,1,Complains Of Pain,1,,41.83229,-71.44199
923411,2025-00027862,2025-04-20,8:59:00 AM,Vehicle - Vehicle,,PRESIDENT AVE,WAYLAND AVE,George Pereira,421,2025-04-20,"Two-Way , Not Divided",Dry,Daylight,Clear,Angle (Front - to - Side) Right Angle (Includes Broadside),No,Stop Signs,6,1,Non-Incapacitating,2,,41.83552,-71.38961
923420,2025-00027895,2025-04-20,1:02:00 PM,Vehicle - Parked Vehicle,,ACADEMY AVE,ATWELLS AVE,Ptlm. Castagliuolo,351,2025-04-20,"Two-Way , Not Divided",Dry,Daylight,Clear,Not a Collision Between Two Motor Vehicles in Transport,No,Warning Signs,2,0,No Injury,2,,41.82483,-71.4434
923425,2025-00027898,2025-04-20,1:26:00 PM,Vehicle - Vehicle,,FERN STREET,CHALKSTONE AVENUE,Giuseppe Scarcello,485,2025-04-20,"Two-Way , Not Divided",Dry,Daylight,Clear,"Sideswipe, Same Direction",No,No Controls,2,0,Unknown,2,,41.82574,-71.42597
923426,2025-00027916,2025-04-20,2:54:00 PM,Vehicle - Pedestrian,Pedestrian,W FOUNTAIN ST,DEAN ST,Lane,109,2025-04-20,"Two-Way , Not Divided",Dry,Daylight,Clear,Not a Collision Between Two Motor Vehicles in Transport,No,No Controls,2,1,Complains Of Pain,1,,41.81943,-71.42098
923429,2025-00027935,2025-04-20,4:34:00 PM,Vehicle - Vehicle,,BLACKSTONE BLVD,PRESIDENT AVE,Kelsey Woodbine,633,2025-04-20,"Two-Way , Not Divided",Dry,Daylight,Clear,Head-On (Front - to - Front),No,No Controls,2,0,No Injury,2,,41.8365,-71.3845
923430,2025-00027924,2025-04-20,3:58:00 PM,Vehicle - Vehicle,,95 N BRANCH AVE EXIT 24,BRANCH AVE,Patrick Hourahan,243,2025-04-20,"Two-Way , Not Divided",Dry,Daylight,Clear,Rear End(Front-to-Rear),No,Traffic Control Signal,7,0,No Injury,2,,41.84429,-71.4095
923431,2025-00027941,2025-04-20,4:59:00 PM,Vehicle - Object,,BRANCH AVE,BRANCH AVE EXIT,Erik Lane,109,2025-04-20,"Two-Way , Not Divided",Dry,Daylight,Clear,Other,No,No Controls,2,1,Complains Of Pain,1,,41.85241,-71.42493
923432,2025-00027745,2025-04-20,5:21:00 PM,Vehicle - Pedestrian,Pedestrian,PROVIDENCE ST,LOCKWOOD ST,Pedro Saravia,611,2025-04-20,"Two-Way , Not Divided",Dry,Daylight,Clear,Other,No,No Controls,3,1,Complains Of Pain,1,,41.81294,-71.41599
923433,2025-00027951,2025-04-20,5:52:00 PM,Vehicle - Vehicle,,BROAD ST,PARKIS AVE,Pedro Saravia,611,2025-04-20,"Two-Way , Not Divided",Dry,Daylight,Clear,Rear End(Front-to-Rear),No,No Controls,5,0,No Injury,2,,41.80948,-71.42093
923434,2025-00027694,2025-04-20,11:10:00 PM,Vehicle - Vehicle,,DEXTER ST,CRANSTON ST,David Monteiro,613,2025-04-20,"Two-Way , Not Divided",Dry,Dark - Lighted,Clear,Rear End(Front-to-Rear),No,Traffic Control Signal,3,0,No Injury,2,,41.81255,-71.42957
923435,2025-00027930,2025-04-20,4:15:00 PM,Vehicle - Vehicle,,MARION AVE,F C GREENE MEMORIAL BLVD,Lane,109,2025-04-20,"Two-Way , Not Divided",Dry,Daylight,Clear,Head-On (Front - to - Front),No,No Controls,2,1,Complains Of Pain,2,,41.7877,-71.40381
923486,2025-00027953,2025-04-20,4:30:00 PM,Vehicle - Parked Vehicle,,CRANSTON ST,MESSER ST,Quincy Griffin,970,2025-04-22,"Two-Way , Not Divided",Dry,Daylight,Clear,Angle - Direction Not Specified,No,No Controls,3,0,No Injury,2,,41.80962,-71.43346
923487,2025-00028103,2025-04-20,3:00:00 PM,Vehicle - Vehicle,,MANTON AVE,DEARBORN ST,Quincy Griffin,970,2025-04-22,"Two-Way , Not Divided",Dry,Daylight,Clear,"Sidwswipe, Opposite Direction","Yes, M/V and Driver Left Scene",No Controls,4,1,Complains Of Pain,2,,41.82475,-71.4532
923481,2025-00027940,2025-04-20,4:52:00 PM,Vehicle - Parked Vehicle,,OCEAN ST,GALLUP ST,Jose Cortorreal,604,2025-04-21,"Two-Way , Not Divided",Dry,Daylight,Clear,"Sideswipe, Same Direction",No,No Controls,2,0,No Injury,2,,41.80066,-71.40955
923482,2025-00027754,2025-04-20,12:57:00 AM,Vehicle - Vehicle,,CRANSTON ST,WAVERLY ST,Hannabeth Mendez,675,2025-04-22,"Two-Way , Not Divided",Dry,Dark - Lighted,Clear,Angle (Front - to - Side) Right Angle (Includes Broadside),No,No Controls,3,0,No Injury,2,,41.80832,-71.43454
923476,2025-00027959,2025-04-20,6:01:00 PM,Vehicle - Parked Vehicle,,BOWLET ST,BARBARA ST,Alexander Frias,669,2025-04-21,"Two-Way , Not Divided",Dry,Daylight,Clear,"Sidwswipe, Opposite Direction","Yes, M/V and Driver Left Scene",No Controls,2,0,No Injury,2,,41.81911,-71.46224
923451,2025-00027881,2025-04-20,11:24:00 AM,Vehicle - Vehicle,,SEAMANS ST,SUNBURY ST,Ryan Anderson,107,2025-04-21,"Two-Way , Not Divided",Dry,Daylight,Clear,Head-On (Front - to - Front),"Yes, M/V and Driver Left Scene",No Controls,1,0,No Injury,2,,41.85326,-71.43903
923479,2025-00027995,2025-04-20,8:59:00 PM,Vehicle - Vehicle,,OLNEYVILLE SQ,LIBRARY CT,David Monteiro,613,2025-04-21,"Two-Way , Not Divided",Dry,Dark - Lighted,Clear,Head-On (Front - to - Front),No,Traffic Control Signal,3,0,No Injury,2,,41.81675,-71.44357
923498,2025-00027791,2025-04-20,1:59:00 AM,Vehicle - Vehicle,,HARRIS AVE,ATWELLS AVE,J Clancy,999,2025-04-22,One-Way Trafficway,Dry,Dark - Unknown Lighting,Clear,"Sideswipe, Same Direction","Yes, M/V and Driver Left Scene",Unknown,2,0,Unknown,2,,41.82449,-71.43538
923402,2025-00027740,2025-04-20,12:33:00 AM,Vehicle - Vehicle,,PINE ST,PAGE ST,Alexandria O'Loughlin,676,2025-04-20,One-Way Trafficway,Dry,Dark - Lighted,Clear,Rear End(Front-to-Rear),No,Stop Signs,5,0,No Injury,2,,41.82114,-71.41129
923403,2025-00027750,2025-04-20,12:52:00 AM,Vehicle - Parked Vehicle,,DOUGLAS AVE,VEAZIE ST,Kelly Morel,687,2025-04-20,"Two-Way , Not Divided",Dry,Dark - Lighted,Clear,Rear - to - Side,"Yes, M/V and Driver Left Scene",No Controls,2,0,No Injury,2,,41.85156,-71.43541
923404,2025-00027802,2025-04-20,2:40:00 AM,Vehicle - Parked Vehicle,,275 ALLENS AVENUE27,,Tyler Cargill,619,2025-04-20,"Two-Way , Not Divided",Dry,Dark - Lighted,Clear,"Sideswipe, Same Direction","Yes, M/V and Driver Left Scene",No Controls,2,0,No Injury,2,,,
923405,2025-00027808,2025-04-20,2:51:00 AM,Vehicle - Object,,CADILLAC DRIVE,EARLY ST,Adrian Francis,239,2025-04-20,"Two-Way , Not Divided",Dry,Dark - Lighted,Clear,Not a Collision Between Two Motor Vehicles in Transport,No,No Controls,1,1,Non-Incapacitating,1,,41.79354,-71.41586
923406,2025-00027787,2025-04-20,2:03:00 AM,Vehicle - Parked Vehicle,,BROAD ST,ELMA ST,Adrian Francis,239,2025-04-20,"Two-Way, Divided, Unprotected (painted>4feet) Medium",Dry,Dark - Lighted,Clear,Not a Collision Between Two Motor Vehicles in Transport,"Yes, M/V and Driver Left Scene",No Controls,1,0,Unknown,2,,41.79689,-71.41305
923407,2025-00027814,2025-04-20,3:15:00 AM,Vehicle - Vehicle,,ORMS ST,JEFFERSON ST,Abdiel Mendez,652,2025-04-20,"Two-Way , Not Divided",Dry,Dark - Lighted,Clear,Rear End(Front-to-Rear),No,No Controls,3,0,No Injury,3,,41.83445,-71.41753
923408,2025-00027789,2025-04-20,2:11:00 AM,Vehicle - Vehicle,,ATWELLS AVE,EAGLE ST,Vanessa Hull,648,2025-04-20,"Two-Way , Not Divided",Dry,Dark - Unknown Lighting,Clear,Angle (Front - to - Side) Same Direction,No,No Controls,4,0,No Injury,2,,41.82445,-71.43539
923409,2025-00027519,2025-04-19,12:54:00 PM,Vehicle - Parked Vehicle,,BUTLER DR,BUTLER DR,Yesenia Caba,549,2025-04-20,Unknown,Dry,Daylight,Clear,Unknown,"Yes, M/V and Driver Left Scene",No Controls,1,0,Unknown,2,,41.84294,-71.38179
923369,2025-00027402,2025-04-19,12:23:00 AM,Vehicle - Parked Vehicle,,CRANSTON ST,BELLEVUE AVE,Dondre Dacosta,662,2025-04-19,"Two-Way , Not Divided",Dry,Dark - Lighted,Clear,Unknown,"Yes, M/V and Driver Left Scene",No Controls,2,0,Unknown,2,,41.80917,-71.43382
923370,2025-00027427,2025-04-19,2:02:00 AM,Vehicle - Vehicle,,PLAINFIELD ST,EDNA ST,Erik Lane,109,2025-04-19,"Two-Way , Not Divided",Dry,Dark - Lighted,Clear,Head-On (Front - to - Front),No,No Controls,4,0,No Injury,3,,41.81557,-71.44569
923371,2025-00027484,2025-04-19,10:42:00 AM,Vehicle - Vehicle,,n main st,PARK ROW,Louis Gianfrancesco,350,2025-04-19,One-Way Trafficway,Dry,Daylight,Clear,Angle (Front - to - Side) Right Angle (Includes Broadside),No,No Controls,4,0,No Injury,2,2,41.82865,-71.40964
923373,2025-00027496,2025-04-19,11:15:00 AM,Vehicle - Vehicle,,s angell st,BUTLER AVE,Louis Gianfrancesco,350,2025-04-19,One-Way Trafficway,Dry,Daylight,Clear,Rear End(Front-to-Rear),No,Traffic Control Signal,3,0,No Injury,2,2,41.82947,-71.385
923374,2025-00027501,2025-04-19,11:41:00 AM,Vehicle - Vehicle,,HAZAEL ST,GENERAL ST,Albert Pereira,111,2025-04-19,"Two-Way , Not Divided",Dry,Daylight,Clear,Angle (Front - to - Side) Right Angle (Includes Broadside),No,No Controls,2,0,No Injury,2,,41.85409,-71.43917
923375,2025-00027482,2025-04-19,10:34:00 AM,Vehicle - Vehicle,,PORTER ST,OCONNOR ST,Waldorf Pognon,501,2025-04-19,"Two-Way , Not Divided",Dry,Daylight,Clear,Other,No,No Controls,3,0,No Injury,3,2,41.79354,-71.40599
923376,2025-00027500,2025-04-19,11:06:00 AM,Vehicle - Vehicle,,MAGNOLIA ST,JUDITH ST,Luis Garcia Colon,128,2025-04-19,"Two-Way , Not Divided",Dry,Daylight,Clear,Angle (Front - to - Side) Right Angle (Includes Broadside),No,Stop Signs,3,0,No Injury,2,,41.8131,-71.44587
923377,2025-00027518,2025-04-19,12:08:00 PM,Vehicle - Vehicle,,UNION AVE,RICOM WAY,Luis Garcia Colon,128,2025-04-19,"Two-Way , Not Divided",Dry,Daylight,Clear,Rear End(Front-to-Rear),No,No Controls,2,0,No Injury,2,,41.80829,-71.44198
923381,2025-00027247,2025-04-19,1:52:00 PM,Vehicle - Vehicle,,BRADFORD ST,ATWELLS AVE,Luis Garcia Colon,128,2025-04-19,"Two-Way , Not Divided",Dry,Daylight,Clear,Angle (Front - to - Side) Right Angle (Includes Broadside),No,No Controls,3,0,No Injury,2,,41.82323,-71.42178
923384,2025-00027527,2025-04-19,1:30:00 PM,Vehicle - Pedestrian,Pedestrian,N MAIN ST,DOYLE AVE,Joshua Cascione,225,2025-04-19,"Two-Way, Divided, Positive Median Barrier",Dry,Daylight,Cloudy,Not a Collision Between Two Motor Vehicles in Transport,No,Traffic Control Signal,6,1,Complains Of Pain,2,,41.8385,-71.4092
923385,2025-00027538,2025-04-19,2:26:00 PM,Vehicle - Pedestrian,Pedestrian,FRANCIS ST,GASPEE ST,Ptlw. Martinez,146,2025-04-19,"Two-Way, Divided, Positive Median Barrier",Dry,Daylight,Clear,Not a Collision Between Two Motor Vehicles in Transport,"Yes, Driver Left Scene",Traffic Control Signal,2,0,Unknown,1,,41.82916,-71.41506
923386,2025-00027565,2025-04-19,4:29:00 PM,Vehicle - Parked Vehicle,,APPLETON ST,DELAINE ST,Terrence Gibson,610,2025-04-19,"Two-Way , Not Divided",Dry,Daylight,Clear,"Sideswipe, Same Direction",No,No Controls,2,0,No Injury,2,,41.81934,-71.44311
923387,2025-00027575,2025-04-19,4:58:00 PM,Vehicle - Vehicle,,BRANCH AVE EXIT,BRANCH AVE,Cory Nicholls,609,2025-04-19,One-Way Trafficway,Dry,Daylight,Clear,"Sideswipe, Same Direction",No,No Controls,6,1,Complains Of Pain,2,,41.85293,-71.42699
923393,2025-00027430,2025-04-19,2:07:00 AM,Vehicle - Parked Vehicle,,VICTOR STREET,AMBROSE ST,Arthur Lima,126,2025-04-19,"Two-Way , Not Divided",Dry,Dark - Lighted,Clear,Unknown,"Yes, M/V and Driver Left Scene",No Controls,1,0,No Injury,2,,41.83707,-71.41668
923395,2025-00027592,2025-04-19,6:16:00 PM,Vehicle - Object,,North Main St,N MAIN ST,Tyler Calandra,418,2025-04-19,"Two-Way , Not Divided",Dry,Daylight,Clear,"Sideswipe, Same Direction",No,No Controls,2,0,No Injury,1,,41.83922,-71.40903