CrashReportId,ReportNumber,CrashDate,CrashTime,TypeOfCollision,Collision Type,StreetOrHighway,NearestIntersection,Officer,Badge,ReportDate,TypeOfRoadway,RoadSurfaceCondition,LightCondition,WeatherCondition,MannerofImpact,HitAndRun,TrafficControl,PersonCount,InjuryCount,MostSeriousInjury,NumberofVehicles,NumberOfLanes,Latitude,Longitude
923396,2025-00027583,2025-04-19,5:47:00 PM,Vehicle - Pedestrian,Bicycle,VALLEY ST,DEAN ST,Raymond Criner,340,2025-04-19,"Two-Way , Not Divided",Dry,Daylight,Clear,Not a Collision Between Two Motor Vehicles in Transport,No,Pavement Markings,5,0,No Injury,1,,41.83139,-71.42848
923397,2025-00027569,2025-04-19,4:41:00 PM,Vehicle - Vehicle,,CHALKSTONE AVENUE,CAMDEN AVENUE,Ian Quinn,102,2025-04-19,"Two-Way , Not Divided",Dry,Daylight,Clear,Rear End(Front-to-Rear),"Yes, M/V and Driver Left Scene",No Controls,2,2,Complains Of Pain,2,2,,
923398,2025-00027616,2025-04-19,7:36:00 PM,Vehicle - Vehicle,,VALLEY ST,HEMLOCK ST,Colby Berciano,671,2025-04-19,"Two-Way , Not Divided",Dry,Dusk,Clear,Angle (Front - to - Side) Opposite Direction,No,No Controls,4,0,No Injury,2,,41.83044,-71.43051
923399,2025-00027649,2025-04-19,9:14:00 PM,Vehicle - Parked Vehicle,,MANTON AVE,RIVERDALE ST,Colby Berciano,671,2025-04-19,"Two-Way , Not Divided",Dry,Dark - Lighted,Clear,"Sideswipe, Same Direction","Yes, M/V and Driver Left Scene",No Controls,1,0,Unknown,2,,41.82622,-71.45962
923400,2025-00027646,2025-04-19,8:47:00 PM,Vehicle - Vehicle,,PARK ST,SMITH ST,Cassidy Simanski,132,2025-04-20,"Two-Way, Divided, Unprotected (painted>4feet) Medium",Dry,Dark - Lighted,Clear,Angle (Front - to - Side) Right Angle (Includes Broadside),No,Traffic Control Signal,3,0,No Injury,2,,41.83188,-71.41689
923401,2025-00027659,2025-04-19,9:29:00 PM,Vehicle - Vehicle,,WESTMINSTER ST,ORANGE ST,Cassidy Simanski,132,2025-04-20,One-Way Trafficway,Dry,Dark - Lighted,Clear,Rear End(Front-to-Rear),"Yes, M/V and Driver Left Scene",Traffic Control Signal,2,0,No Injury,2,,41.82379,-71.41144
923514,2025-00028602,2025-04-19,12:30:00 PM,Vehicle - Vehicle,,SHARON ST,ERIE ST,Keith Lafazia,394,2025-04-23,"Two-Way , Not Divided",Dry,Dark - Lighted,Clear,Head-On (Front - to - Front),"Yes, M/V and Driver Left Scene",No Controls,1,0,No Injury,2,,41.84809,-71.44302
923515,2025-00028456,2025-04-19,12:00:00 PM,Vehicle - Parked Vehicle,,ATWELLS AVE,,Jason Clancy,999,2025-04-23,Unknown,Dry,Daylight,Clear,"Sideswipe, Same Direction","Yes, M/V and Driver Left Scene",Unknown,1,0,Unknown,2,,,
923483,2025-00027520,2025-04-19,12:59:00 PM,Vehicle - Parked Vehicle,,CHATHAM ST,FLORA ST,John Benros,481,2025-04-22,"Two-Way , Not Divided",Dry,Daylight,Clear,Rear - to - Side,No,No Controls,3,0,No Injury,2,,41.84718,-71.41693
923488,2025-00027655,2025-04-19,8:10:00 PM,Vehicle - Vehicle,,WASHINGTON ST,EDDY ST,Jason Clancy,999,2025-04-22,"Two-Way , Not Divided",Dry,Dark - Unknown Lighting,Clear,Unknown,No,Unknown,5,0,Unknown,2,,41.824,-71.41342
923450,2025-00027514,2025-04-19,12:28:00 PM,Vehicle - Vehicle,,Niantic Ave,Dupont Drive,Luis Quinilla,572,2025-04-21,"Two-Way, Not Divided With a Continuous Left Turn Lane",Dry,Daylight,Clear,Angle (Front - to - Side) Opposite Direction,No,Traffic Control Signal,3,0,No Injury,2,2,,
923493,2025-00027509,2025-04-19,12:14:00 PM,Vehicle - Parked Vehicle,,MARLBOROUGH AVE,TAYLOR ST,Jason Clancy,999,2025-04-22,"Two-Way , Not Divided",Dry,Daylight,Clear,"Sideswipe, Same Direction","Yes, M/V and Driver Left Scene",Unknown,1,0,Unknown,2,,41.80622,-71.41759
923490,2025-00027391,2025-04-18,9:21:00 PM,Vehicle - Vehicle,,SILVER SPRING ST,SMITHFIELD AVE,Jason Clancy,999,2025-04-22,"Two-Way , Not Divided",Dry,Dark - Unknown Lighting,Clear,Rear End(Front-to-Rear),"Yes, M/V and Driver Left Scene",Unknown,1,0,Unknown,2,,41.85636,-71.41088
923347,2025-00027141,2025-04-18,12:39:00 AM,Vehicle - Object,,Gentian Ave,LOTUS PL,Aidan Pendergast,651,2025-04-18,"Two-Way , Not Divided",Dry,Dark - Lighted,Clear,Not a Collision Between Two Motor Vehicles in Transport,No,No Controls,2,0,No Injury,1,,41.84864,-71.45044
923350,2025-00027182,2025-04-18,8:22:00 AM,Vehicle - Vehicle,,ORMS ST,CHARLES ST,Domingo Diaz,519,2025-04-18,"Two-Way, Divided, Unprotected (painted>4feet) Medium",Dry,Daylight,Clear,Angle (Front - to - Side) Same Direction,No,Yield Signs,4,0,No Injury,2,,41.83486,-71.41228
923472,2025-00028194,2025-04-18,8:00:00 AM,Vehicle - Parked Vehicle,,ALLENS AVE,,Ptlw. Martinez,146,2025-04-21,Unknown,Unknown,Unknown,Clear,Not a Collision Between Two Motor Vehicles in Transport,"Yes, M/V and Driver Left Scene",No Controls,1,0,Unknown,2,,,
923577,2025-00029139,2025-04-18,6:21:00 PM,Vehicle - Parked Vehicle,,BROAD ST,,J. Clancy,999,2025-04-25,Unknown,Dry,Dark - Unknown Lighting,Clear,"Sideswipe, Same Direction","Yes, M/V and Driver Left Scene",Unknown,2,0,Unknown,2,,,
923503,2025-00027289,2025-04-18,4:19:00 PM,Vehicle - Vehicle,,PLAINFIELD ST,DUXBURY ST,Nathaniel Eastman,112,2025-04-22,"Two-Way , Not Divided",Dry,Daylight,Clear,Angle (Front - to - Side) Opposite Direction,No,No Controls,2,0,No Injury,2,,41.81004,-71.46247
923410,2025-00027214,2025-04-18,11:12:00 AM,Vehicle - Parked Vehicle,,593 EDDY STREET,DUDLEY STREET,Flavio Tavares,371,2025-04-20,"Two-Way , Not Divided",Dry,Daylight,Clear,"Sidwswipe, Opposite Direction",No,No Controls,2,0,No Injury,2,,,
923355,2025-00027224,2025-04-18,12:09:00 PM,Vehicle - Vehicle,,HARTFORD AVENUE,HILARITY STREET,Patrolwoman Addai,513,2025-04-18,"Two-Way, Divided, Unprotected (painted>4feet) Medium",Dry,Daylight,Clear,"Sideswipe, Same Direction","Yes, M/V and Driver Left Scene",No Controls,4,1,Complains Of Pain,2,2,,
923356,2025-00027212,2025-04-18,11:08:00 AM,Vehicle - Vehicle,,TURNER ST,VALLEY ST,Igor Barbosa,114,2025-04-18,"Two-Way, Divided, Unprotected (painted>4feet) Medium",Dry,Daylight,Clear,Rear - to - Side,No,No Controls,4,0,No Injury,3,,41.82583,-71.439
923357,2025-00027252,2025-04-18,2:38:00 PM,Vehicle - Vehicle,,Terrace Ave,UNION AVE,Tyler Calandra,418,2025-04-18,"Two-Way , Not Divided",Dry,Daylight,Clear,Angle (Front - to - Side) Right Angle (Includes Broadside),No,No Controls,4,3,Complains Of Pain,2,,41.80635,-71.45021
923358,2025-00027298,2025-04-18,4:31:00 PM,Vehicle - Vehicle,,BRANCH AVE,SILVER SPRING ST,Colby Berciano,671,2025-04-18,"Two-Way , Not Divided",Dry,Daylight,Clear,Angle (Front - to - Side) Same Direction,No,Traffic Control Signal,4,0,No Injury,2,,41.84791,-71.41486
923360,2025-00027331,2025-04-18,6:45:00 PM,Vehicle - Parked Vehicle,,HOPE ST,4TH ST,Michael Gammino,491,2025-04-18,"Two-Way , Not Divided",Dry,Daylight,Clear,Rear - to - Rear,"Yes, M/V and Driver Left Scene",No Controls,3,0,Unknown,2,,41.84929,-71.39488
923361,2025-00027336,2025-04-18,6:52:00 PM,Vehicle - Vehicle,,KILLINGLY ST EXIT,KILLINGLY ST,Matthew LeClerc,180,2025-04-18,One-Way Trafficway,Dry,Dark - Lighted,Clear,Rear End(Front-to-Rear),No,Yield Signs,2,0,No Injury,2,1,41.82339,-71.47104
923362,2025-00027323,2025-04-18,6:09:00 PM,Vehicle - Pedestrian,Pedestrian,ATWELLS AVE,NEWTON ST,Raymond Criner,340,2025-04-18,"Two-Way , Not Divided",Dry,Daylight,Clear,Not a Collision Between Two Motor Vehicles in Transport,No,No Controls,5,1,Complains Of Pain,1,,41.82327,-71.42229
923363,2025-00027351,2025-04-18,8:15:00 PM,Vehicle - Vehicle,,ACORN ST,KINSLEY AVE,Saramarie Cerullo,151,2025-04-18,"Two-Way, Divided, Unprotected (painted>4feet) Medium",Dry,Daylight,Clear,Rear End(Front-to-Rear),"Yes, M/V and Driver Left Scene",No Controls,2,0,No Injury,2,,41.82834,-71.42851
923364,2025-00027266,2025-04-18,2:30:00 PM,Vehicle - Vehicle,,BELLEVUE AVE,DEXTER ST,Jeffrey Gagnon,317,2025-04-18,"Two-Way , Not Divided",Dry,Daylight,Clear,Rear - to - Side,No,No Controls,2,0,No Injury,2,,41.80737,-71.42842
923365,2025-00027262,2025-04-18,2:44:00 PM,Vehicle - Vehicle,,FREMONT ST,GANO ST,Luis Pelaez,336,2025-04-18,"Two-Way , Not Divided",Dry,Daylight,Clear,Angle (Front - to - Side) Right Angle (Includes Broadside),No,Stop Signs,3,0,No Injury,2,,41.8225,-71.3899
923366,2025-00027368,2025-04-18,9:53:00 PM,Vehicle - Vehicle,,CHALKSTONE AVE,DOUGLAS AVE,Lane,109,2025-04-18,"Two-Way , Not Divided",Dry,Dark - Lighted,Clear,Angle (Front - to - Side) Right Angle (Includes Broadside),"Yes, M/V and Driver Left Scene",No Controls,3,1,Complains Of Pain,2,,41.8363,-71.42026
923367,2025-00027396,2025-04-18,11:45:00 PM,Vehicle - Parked Vehicle,,PINE ST,EDDY ST,Alexandria O'Loughlin,676,2025-04-19,Unknown,Dry,Dark - Lighted,Clear,Rear End(Front-to-Rear),"Yes, M/V and Driver Left Scene",No Controls,3,0,No Injury,2,,41.82198,-71.41053
923368,2025-00027394,2025-04-18,11:46:00 PM,Vehicle - Vehicle,,UNION AVE,EXIT,Lane,109,2025-04-19,"Two-Way , Not Divided",Dry,Dark - Lighted,Clear,Angle (Front - to - Side) Right Angle (Includes Broadside),No,Traffic Control Signal,6,3,Complains Of Pain,2,,41.80842,-71.44157
923333,2025-00026728,2025-04-17,1:02:00 PM,Vehicle - Vehicle,,ADMIRAL ST,GLOUCESTER ST,Christopher Hines,537,2025-04-17,"Two-Way , Not Divided",Dry,Daylight,Clear,Angle (Front - to - Side) Right Angle (Includes Broadside),"Yes, M/V and Driver Left Scene",No Controls,1,0,No Injury,2,,41.84894,-71.43833
923334,2025-00026974,2025-04-17,1:31:00 PM,Vehicle - Vehicle,,PACKET ST,S MAIN ST,Luis Garcia Colon,128,2025-04-17,One-Way Trafficway,Dry,Daylight,Clear,"Sideswipe, Same Direction","Yes, M/V and Driver Left Scene",No Controls,2,0,No Injury,2,,41.8235,-71.40617
923335,2025-00026979,2025-04-17,1:46:00 PM,Vehicle - Vehicle,,S WATER ST,Wickenden ST,Joel Ikuejamofo,143,2025-04-17,One-Way Trafficway,Dry,Daylight,Clear,Rear End(Front-to-Rear),No,Traffic Control Signal,2,1,Complains Of Pain,2,,41.81884,-71.40203
923340,2025-00027027,2025-04-17,4:30:00 PM,Vehicle - Vehicle,,STEEPLE ST,EXCHANGE TER,Cassidy Simanski,132,2025-04-17,"Two-Way , Not Divided",Dry,Daylight,Clear,Angle (Front - to - Side) Same Direction,No,Traffic Control Signal,7,1,Non-Incapacitating,2,,41.8267,-71.41074
923341,2025-00026990,2025-04-17,2:39:00 PM,Vehicle - Vehicle,,DUDLEY ST,CULVER ST,Matthew Carlone,602,2025-04-17,"Two-Way , Not Divided",Dry,Daylight,Clear,"Sideswipe, Same Direction","Yes, M/V and Driver Left Scene",No Controls,3,0,No Injury,2,,41.81054,-71.40901
923342,2025-00027057,2025-04-17,6:08:00 PM,Vehicle - Parked Vehicle,,DUDLEY ST,CULVER ST,Matthew Carlone,602,2025-04-17,"Two-Way , Not Divided",Dry,Daylight,Clear,"Sideswipe, Same Direction",No,No Controls,3,0,No Injury,2,,41.81065,-71.40825
923343,2025-00027059,2025-04-17,6:09:00 PM,Vehicle - Vehicle,,N MAIN ST,ELIZABETH ST,Vincent Pazzetta,641,2025-04-17,One-Way Trafficway,Dry,Daylight,Clear,Angle (Front - to - Side) Same Direction,No,No Controls,3,0,No Injury,2,,41.82784,-71.40928
923344,2025-00027034,2025-04-17,4:57:00 PM,Vehicle - Vehicle,,MANTON AVE,FRUIT HILL AVE,Jared Guiot,608,2025-04-17,"Two-Way , Not Divided",Dry,Daylight,Clear,"Sideswipe, Same Direction","Yes, M/V and Driver Left Scene",No Controls,2,0,No Injury,2,,41.83386,-71.46791
923345,2025-00027090,2025-04-17,8:26:00 PM,Vehicle - Parked Vehicle,,1 PROVIDENCE PLACE,FRANCIS ST,Christian Main,145,2025-04-17,"Two-Way, Divided, Unprotected (painted>4feet) Medium",Dry,Dark - Lighted,Clear,Not a Collision Between Two Motor Vehicles in Transport,No,No Controls,3,0,No Injury,2,2,,
923346,2025-00027102,2025-04-17,8:47:00 PM,Vehicle - Parked Vehicle,,LINWOOD AVE,CRANSTON ST,Michael Duffy,354,2025-04-18,"Two-Way , Not Divided",Dry,Dark - Lighted,Clear,Angle (Front - to - Side) Same Direction,No,No Controls,2,0,No Injury,2,,41.80723,-71.43613
923484,2025-00027243,2025-04-17,12:00:00 AM,Vehicle - Object,,101 DUDLEY ST,GAY ST,Quincy Griffin,970,2025-04-22,Unknown,Dry,Unknown,Clear,Unknown,"Yes, M/V and Driver Left Scene",No Controls,1,0,Unknown,1,,,
923351,2025-00026972,2025-04-17,1:28:00 PM,Vehicle - Vehicle,,SILVER SPRING ST,SMITHFIELD AVE,John Benros,481,2025-04-18,"Two-Way , Not Divided",Dry,Daylight,Clear,Rear End(Front-to-Rear),No,Traffic Control Signal,2,0,No Injury,2,,41.85666,-71.41086
923352,2025-00026977,2025-04-17,1:40:00 PM,Vehicle - Vehicle,,ADMIRAL ST,SOUTH LN,John Benros,481,2025-04-18,One-Way Trafficway,Dry,Daylight,Clear,"Sideswipe, Same Direction",No,No Controls,3,0,No Injury,2,,41.85094,-71.4436
923348,2025-00027108,2025-04-17,9:26:00 PM,Vehicle - Parked Vehicle,,CEMETERY STREET,CONCORD ST,Ricardo Sanchez,632,2025-04-18,"Two-Way , Not Divided",Dry,Dark - Lighted,Clear,Rear End(Front-to-Rear),"Yes, Driver Left Scene",No Controls,1,0,No Injury,2,2,41.8511,-71.40431
923349,2025-00026962,2025-04-17,12:38:00 PM,Vehicle - Vehicle,,10 ORMS STREET,CHARLES STREET,Joseph Madeira,552,2025-04-18,"Two-Way, Divided, Positive Median Barrier",Dry,Daylight,Clear,Rear End(Front-to-Rear),"Yes, M/V and Driver Left Scene",Traffic Control Signal,1,1,Complains Of Pain,2,4,41.83476,-71.41637
923440,2025-00027037,2025-04-17,4:48:00 PM,Vehicle - Parked Vehicle,,MASSIE AVE,BAXTER ST,Jose Cortorreal,604,2025-04-20,"Two-Way , Not Divided",Dry,Daylight,Clear,Unknown,"Yes, M/V and Driver Left Scene",No Controls,1,0,No Injury,2,,41.80127,-71.4167
923437,2025-00027080,2025-04-17,7:58:00 PM,Vehicle - Vehicle,,GLENBRIDGE AVE,BARBARA ST,Alexander Frias,669,2025-04-20,"Two-Way , Not Divided",Dry,Dark - Lighted,Clear,Head-On (Front - to - Front),No,No Controls,2,0,No Injury,2,,41.82086,-71.46099
923452,2025-00026711,2025-04-16,12:16:00 PM,Vehicle - Vehicle,,BROAD ST,OXFORD ST,Gustavo Genao,135,2025-04-21,"Two-Way , Not Divided",Dry,Daylight,Clear,"Sideswipe, Same Direction",No,No Controls,3,0,No Injury,2,,41.80072,-71.41776
923526,2025-00028659,2025-04-16,10:29:00 AM,Vehicle - Vehicle,,VALLEY ST,RIVER AVE,Jason Dennis,392,2025-04-23,"Two-Way , Not Divided",Dry,Daylight,Clear,Angle (Front - to - Side) Right Angle (Includes Broadside),No,Traffic Control Signal,4,0,No Injury,2,,41.82796,-71.43516
924467,2025-00026715,2025-04-16,11:28:00 AM,Vehicle - Vehicle,,Charles Street,CORLISS ST,Stephen Noti,119,2025-05-20,"Two-Way , Not Divided",Dry,Daylight,Clear,"Sideswipe, Same Direction",No,Unknown,4,0,No Injury,2,,41.8381,-71.41455
923329,2025-00026826,2025-04-16,8:57:00 PM,Vehicle - Parked Vehicle,,551 NORTH MAIN STREET,DOYLE AVE,Ricardo Sanchez,632,2025-04-16,"Two-Way , Not Divided",Dry,Dark - Lighted,Clear,Rear End(Front-to-Rear),"Yes, M/V and Driver Left Scene",No Controls,2,0,No Injury,2,2,41.83821,-71.40926
923331,2025-00026819,2025-04-16,8:01:00 PM,Vehicle - Parked Vehicle,,NEWARK ST,CUTLER ST,Lucas Ramalho,507,2025-04-17,"Two-Way , Not Divided",Dry,Dark - Lighted,Clear,Rear End(Front-to-Rear),No,No Controls,2,1,Complains Of Pain,2,,41.82537,-71.44213
923297,2025-00026621,2025-04-16,1:12:00 AM,Vehicle - Parked Vehicle,,W PARK ST,BATH ST,Ryan Blaisdell,603,2025-04-16,"Two-Way , Not Divided",Dry,Dark - Lighted,Clear,Other,"Yes, M/V and Driver Left Scene",No Controls,5,2,Complains Of Pain,2,,41.83204,-71.42445
923298,2025-00026644,2025-04-16,5:18:00 AM,Vehicle - Vehicle,,GEORGIA AVE,VIRGINIA AVE,Thomas O'Mara,650,2025-04-16,"Two-Way , Not Divided",Dry,Dawn,Clear,"Sideswipe, Same Direction",No,No Controls,3,0,No Injury,2,,41.79213,-71.39706
923299,2025-00026632,2025-04-16,2:49:00 AM,Vehicle - Parked Vehicle,,PINE ST,LOCKWOOD ST,Hannabeth Mendez,675,2025-04-16,One-Way Trafficway,Dry,Dark - Lighted,Clear,Rear - to - Rear,No,No Controls,2,0,No Injury,2,,41.8141,-71.41803
923301,2025-00026675,2025-04-16,8:48:00 AM,Vehicle - Vehicle,,Smith Street,Chalkstone Avenue,James Lanier,211,2025-04-16,"Two-Way, Divided, Unprotected (painted>4feet) Medium",Dry,Daylight,Clear,Rear End(Front-to-Rear),No,No Controls,3,0,No Injury,2,1,,
923302,2025-00026659,2025-04-16,8:11:00 AM,Vehicle - Object,,BURNSIDE PARK,,Raleek Byfield,375,2025-04-16,Unknown,Unknown,Daylight,Clear,Not a Collision Between Two Motor Vehicles in Transport,No,No Controls,2,0,No Injury,1,,,
923304,2025-00026676,2025-04-16,8:48:00 AM,Vehicle - Vehicle,,MANTON AVE,FRUIT HILL AVE,Igor Barbosa,114,2025-04-16,"Two-Way, Divided, Unprotected (painted>4feet) Medium",Dry,Daylight,Cloudy,Rear End(Front-to-Rear),No,Traffic Control Signal,2,0,No Injury,2,,41.83388,-71.46783
923306,2025-00026646,2025-04-16,6:54:00 AM,Vehicle - Vehicle,,VALLEY ST,ATWELLS AVE,Hildenise Espanol,137,2025-04-16,"Two-Way , Not Divided",Dry,Daylight,Cloudy,Angle (Front - to - Side) Same Direction,No,No Controls,4,0,No Injury,2,,41.82451,-71.43949
923307,2025-00026661,2025-04-16,8:11:00 AM,Vehicle - Object,,BODELL AVE,SYRACUSE ST,Luis Garcia Colon,128,2025-04-16,"Two-Way , Not Divided",Dry,Unknown,Clear,Unknown,"Yes, M/V and Driver Left Scene",Traffic Control Signal,2,0,Unknown,1,,41.81766,-71.45394
923309,2025-00026690,2025-04-16,10:20:00 AM,Vehicle - Pedestrian,Pedestrian,SMITH STREET,ACADEMY AVENUE,Giuseppe Scarcello,485,2025-04-16,"Two-Way , Not Divided",Dry,Daylight,Cloudy,Not a Collision Between Two Motor Vehicles in Transport,No,No Controls,2,1,Complains Of Pain,1,,41.82269,-71.46671
923318,2025-00026674,2025-04-16,8:47:00 AM,Vehicle - Vehicle,,HAWKINS ST,GLASGOW ST,Christopher Hines,537,2025-04-16,"Two-Way , Not Divided",Dry,Daylight,Clear,Angle (Front - to - Side) Right Angle (Includes Broadside),"Yes, M/V and Driver Left Scene",Stop Signs,1,1,Complains Of Pain,2,,41.84773,-71.42663
923323,2025-00026773,2025-04-16,4:02:00 PM,Vehicle - Vehicle,,WATERMAN ST,BUTLER AVE,Stephanie Teran,625,2025-04-16,One-Way Trafficway,Dry,Daylight,Clear,Rear End(Front-to-Rear),No,No Controls,3,0,No Injury,2,,41.82813,-71.38575
923324,2025-00026754,2025-04-16,3:30:00 PM,Vehicle - Vehicle,,EXIT,S MAIN ST,Kelsey Woodbine,633,2025-04-16,One-Way Trafficway,Dry,Daylight,Clear,Angle (Front - to - Side) Same Direction,No,No Controls,3,0,No Injury,2,,41.81714,-71.39799
923326,2025-00026779,2025-04-16,4:32:00 PM,Vehicle - Parked Vehicle,,NORTH MAIN STREET,RANDALL STREET,Ricardo Sanchez,632,2025-04-16,"Two-Way , Not Divided",Dry,Daylight,Clear,Angle (Front - to - Side) Opposite Direction,No,No Controls,2,0,No Injury,2,2,,
923327,2025-00026794,2025-04-16,5:38:00 PM,Vehicle - Vehicle,,duxbury st,PLAINFIELD ST,Alexander Frias,669,2025-04-16,"Two-Way , Not Divided",Dry,Daylight,Clear,Rear - to - Side,No,No Controls,3,0,No Injury,2,,41.81233,-71.46152
926476,2025-00026531,2025-04-15,5:42:00 PM,Vehicle - Vehicle,,HARTFORD AVE,HARTFORD AVE EXIT,Nathaniel Eastman,112,2025-07-30,One-Way Trafficway,Dry,Daylight,Clear,"Sideswipe, Same Direction",No,Traffic Control Signal,2,0,No Injury,2,,41.81699,-71.44699
923325,2025-00026579,2025-04-15,9:32:00 PM,Vehicle - Vehicle,,1 ORMS STREET,,Kelsey Woodbine,633,2025-04-16,Unknown,Dry,Dark - Lighted,Clear,Head-On (Front - to - Front),"Yes, M/V and Driver Left Scene",No Controls,2,0,No Injury,2,,,
923289,2025-00026499,2025-04-15,3:56:00 PM,Vehicle - Vehicle,,BRANCH AVENUE,LANGDON ST,Ian Quinn,102,2025-04-15,"Two-Way , Not Divided",Dry,Daylight,Clear,Rear End(Front-to-Rear),No,No Controls,2,0,No Injury,2,2,41.852,-71.42398
923290,2025-00026497,2025-04-15,3:57:00 PM,Vehicle - Vehicle,,CHALKSTONE AVE,CANTON ST,Arthur Lima,126,2025-04-15,"Two-Way , Not Divided",Dry,Daylight,Clear,Angle (Front - to - Side) Opposite Direction,No,No Controls,5,0,No Injury,2,,41.83231,-71.44251
923332,2025-00026758,2025-04-15,1:43:00 PM,Vehicle - Pedestrian,Pedestrian,AMSTERDAM ST,HANNAH ST,J. Clancy,999,2025-04-17,"Two-Way , Not Divided",Dry,Daylight,Clear,"Sideswipe, Same Direction","Yes, M/V and Driver Left Scene",Unknown,4,1,Complains Of Pain,1,,41.82437,-71.44874
923330,2025-00026550,2025-04-15,7:29:00 PM,Vehicle - Vehicle,,ELMWOOD AVE,THACKERY ST,Lucas Ramalho,507,2025-04-17,"Two-Way, Divided, Positive Median Barrier",Wet,Dark - Lighted,Rain,Angle (Front - to - Side) Right Angle (Includes Broadside),No,No Controls,7,5,Complains Of Pain,2,,41.79208,-71.42288
923337,2025-00026566,2025-04-15,3:05:00 PM,Vehicle - Vehicle,,PARK ROW E,CANAL ST,David Girard,61,2025-04-17,"Two-Way , Not Divided",Dry,Daylight,Clear,Rear End(Front-to-Rear),No,Traffic Control Signal,2,1,Complains Of Pain,2,,41.82847,-71.41069
923322,2025-00026558,2025-04-15,7:56:00 PM,Vehicle - Vehicle,,CHARLES ST,ORMS ST,Kelsey Woodbine,633,2025-04-16,"Two-Way, Divided, Positive Median Barrier",Dry,Dark - Lighted,Cloudy,Angle (Front - to - Side) Same Direction,No,No Controls,3,1,Complains Of Pain,2,,41.83492,-71.41147
923339,2025-00026544,2025-04-15,6:39:00 PM,Vehicle - Vehicle,,HUNTINGTON AVE,CRANSTON ST,Stephen Noti,119,2025-04-17,"Two-Way , Not Divided",Dry,Daylight,Clear,Rear End(Front-to-Rear),No,Unknown,2,0,No Injury,2,,41.80366,-71.43916
923272,2025-00025932,2025-04-15,2:07:00 PM,Vehicle - Vehicle,,Francis St,AMERICAN EXPRESS PLZ,Alexander Wagoner,541,2025-04-15,"Two-Way , Not Divided",Dry,Daylight,Clear,"Sideswipe, Same Direction",No,No Controls,2,0,No Injury,2,,41.82714,-71.41545
923273,2025-00025891,2025-04-15,9:23:00 AM,Vehicle - Parked Vehicle,,RAILROAD ST,PARK ROW,Alexander Wagoner,541,2025-04-15,One-Way Trafficway,Wet,Daylight,Rain,Other,No,No Controls,3,0,No Injury,2,,41.82917,-71.41279
923274,2025-00026388,2025-04-15,6:37:00 AM,Vehicle - Vehicle,,Cranston St,HUNTINGTON AVE,Manuel Vlaun,551,2025-04-15,"Two-Way , Not Divided",Wet,Daylight,Clear,Angle (Front - to - Side) Same Direction,No,Traffic Control Signal,2,0,No Injury,2,,41.80373,-71.43926
923276,2025-00026430,2025-04-15,11:29:00 AM,Vehicle - Vehicle,,ADELAIDE AVE,EMERSON ST,Joshua Cascione,225,2025-04-15,"Two-Way , Not Divided",Dry,Daylight,Cloudy,Other,No,No Controls,3,0,No Injury,2,,41.79868,-71.41598
923277,2025-00026429,2025-04-15,11:19:00 AM,Vehicle - Vehicle,,FRIENDSHIP STREET,PRINCE STREET,Flavio Tavares,371,2025-04-15,"Two-Way, Divided, Unprotected (painted>4feet) Medium",Dry,Daylight,Cloudy,Angle (Front - to - Side) Right Angle (Includes Broadside),No,No Controls,2,0,No Injury,2,,,
923278,2025-00026452,2025-04-15,12:39:00 PM,Vehicle - Object,,TERMINAL RD,ALLENS AVE,Victor Tavarez,564,2025-04-15,"Two-Way, Divided, Unprotected (painted>4feet) Medium",Dry,Daylight,Cloudy,Not a Collision Between Two Motor Vehicles in Transport,No,No Controls,2,0,No Injury,1,,41.79615,-71.39497
923280,2025-00026463,2025-04-15,1:43:00 PM,Vehicle - Parked Vehicle,,WICKENDEN ST,HOPE ST,Joel Ikuejamofo,143,2025-04-15,"Two-Way , Not Divided",Wet,Daylight,Rain,Rear End(Front-to-Rear),"Yes, M/V and Driver Left Scene",No Controls,3,0,No Injury,2,,41.8198,-71.39543
923281,2025-00026443,2025-04-15,12:19:00 PM,Vehicle - Vehicle,,HARTFORD AVENUE,EDNA STREET,Mabel Addai,513,2025-04-15,"Two-Way, Divided, Unprotected (painted>4feet) Medium",Wet,Daylight,Rain,"Sidwswipe, Opposite Direction","Yes, M/V and Driver Left Scene",Unknown,3,0,No Injury,2,2,,
923283,2025-00026476,2025-04-15,2:32:00 PM,Vehicle - Pedestrian,Scooter,EDDY ST,TORONTO AVE,Andrew Brodeur,158,2025-04-15,"Two-Way , Not Divided",Wet,Daylight,Cloudy,Angle (Front - to - Side) Right Angle (Includes Broadside),No,No Controls,3,1,Complains Of Pain,1,2,41.79152,-71.40348
923284,2025-00026419,2025-04-15,7:45:00 AM,Vehicle - Parked Vehicle,,SMITH ST,,Jason Clancy,999,2025-04-15,Unknown,Dry,Daylight,Clear,Rear End(Front-to-Rear),No,Unknown,2,0,Unknown,2,,,