CrashReportId,ReportNumber,CrashDate,CrashTime,TypeOfCollision,Collision Type,StreetOrHighway,NearestIntersection,Officer,Badge,ReportDate,TypeOfRoadway,RoadSurfaceCondition,LightCondition,WeatherCondition,MannerofImpact,HitAndRun,TrafficControl,PersonCount,InjuryCount,MostSeriousInjury,NumberofVehicles,NumberOfLanes,Latitude,Longitude
923292,2025-00026502,2025-04-15,4:09:00 PM,Vehicle - Parked Vehicle,,GEORGE ST,BENEFIT ST,Luis Pelaez,336,2025-04-15,"Two-Way , Not Divided",Dry,Daylight,Clear,"Sideswipe, Same Direction",No,No Controls,2,0,No Injury,2,,41.82518,-71.4059
923293,2025-00026529,2025-04-15,5:48:00 PM,Vehicle - Pedestrian,Bicycle,GLENBRIDGE AVE,MATTIE ST,Alexander Frias,669,2025-04-15,"Two-Way , Not Divided",Dry,Daylight,Cloudy,Angle (Front - to - Side) Right Angle (Includes Broadside),"Yes, M/V and Driver Left Scene",No Controls,2,0,Unknown,2,,41.8216,-71.4608
923294,2025-00026520,2025-04-15,5:29:00 PM,Vehicle - Parked Vehicle,,BRANCH AVENUE,HAWKINS STREET,Ian Quinn,102,2025-04-15,"Two-Way , Not Divided",Dry,Daylight,Clear,"Sideswipe, Same Direction",No,No Controls,5,0,No Injury,2,2,,
923436,2025-00026509,2025-04-15,4:34:00 PM,Vehicle - Parked Vehicle,,OXFORD ST,VAN BUREN ST,Jose Cortorreal,604,2025-04-20,"Two-Way , Not Divided",Dry,Daylight,Clear,Unknown,"Yes, M/V and Driver Left Scene",Unknown,1,0,No Injury,2,,41.80083,-71.41609
925204,2025-00044958,2025-04-14,11:19:00 PM,Vehicle - Pedestrian,Pedestrian,262 WARRINGTON ST,ELMWOOD AVE,Lawrence TyHanson,684,2025-06-15,"Two-Way , Not Divided",Dry,Dark - Lighted,Clear,Rear End(Front-to-Rear),"Yes, M/V and Driver Left Scene",No Controls,2,0,No Injury,2,,41.79369,-71.42242
923419,2025-00026155,2025-04-14,12:47:00 PM,Vehicle - Vehicle,,HUNTINGTON AVE,CRANSTON ST,Ajay Subramaniam,569,2025-04-20,One-Way Trafficway,Dry,Daylight,Clear,Angle (Front - to - Side) Same Direction,No,No Controls,2,0,No Injury,2,,41.80379,-71.43915
923489,2025-00028145,2025-04-14,11:47:00 AM,Vehicle - Vehicle,,ATWELLS AVE,EAGLE ST,Jason Clancy,999,2025-04-22,"Two-Way , Not Divided",Unknown,Daylight,Clear,Rear End(Front-to-Rear),No,Unknown,2,0,Unknown,2,,41.82446,-71.43545
923502,2025-00026206,2025-04-14,3:33:00 PM,Vehicle - Vehicle,,HARTFORD AVE,HARTFORD AVE EXIT,Nathaniel Eastman,112,2025-04-22,"Two-Way, Not Divided With a Continuous Left Turn Lane",Dry,Daylight,Clear,Rear End(Front-to-Rear),No,No Controls,3,1,Complains Of Pain,3,,41.81697,-71.4468
923728,2025-00026148,2025-04-14,12:00:00 PM,Vehicle - Vehicle,,ADELAIDE AVE,MELROSE ST,Matthew Sheridan,229,2025-04-29,"Two-Way , Not Divided",Dry,Daylight,Clear,Rear End(Front-to-Rear),"Yes, M/V and Driver Left Scene",No Controls,1,0,No Injury,2,,41.7968,-71.42204
924951,2025-00026251,2025-04-14,5:44:00 PM,Vehicle - Parked Vehicle,,RUTLAND ST,BUCKLIN ST,Kyle Ludovici,390,2025-06-05,Unknown,Dry,Daylight,Clear,Unknown,"Yes, M/V and Driver Left Scene",No Controls,1,0,Unknown,2,,41.79866,-71.42692
923295,2025-00026322,2025-04-14,9:44:00 PM,Vehicle - Parked Vehicle,,RICHARDSON ST,PENNSYLVANIA AVE,Ruben Morales,685,2025-04-15,"Two-Way , Not Divided",Dry,Dusk,Clear,"Sideswipe, Same Direction","Yes, M/V and Driver Left Scene",No Controls,1,0,Unknown,2,,41.79786,-71.41146
923296,2025-00026202,2025-04-14,3:17:00 PM,Vehicle - Vehicle,,EDDY ST,CRARY,Ptlw.  Martinez,146,2025-04-15,"Two-Way, Divided, Positive Median Barrier",Dry,Daylight,Clear,Not a Collision Between Two Motor Vehicles in Transport,"Yes, M/V and Driver Left Scene",No Controls,2,1,Complains Of Pain,2,,,
923286,2025-00026226,2025-04-14,4:31:00 PM,Vehicle - Vehicle,,S ANGELL ST,WAYLAND AVE,Luis Pelaez,336,2025-04-15,One-Way Trafficway,Dry,Daylight,Clear,Rear - to - Side,No,No Controls,2,0,No Injury,2,,41.82984,-71.38696
923287,2025-00026240,2025-04-14,5:16:00 PM,Vehicle - Parked Vehicle,,S MAIN ST,HOPKINS ST,Luis Pelaez,336,2025-04-15,One-Way Trafficway,Dry,Daylight,Clear,"Sideswipe, Same Direction",No,No Controls,3,0,No Injury,2,,41.82498,-71.40733
923288,2025-00026224,2025-04-14,4:21:00 PM,Vehicle - Parked Vehicle,,LONGFELLOW ST,MELROSE ST,Ruben Morales,685,2025-04-15,Unknown,Dry,Daylight,Clear,Unknown,"Yes, M/V and Driver Left Scene",Pavement Markings,2,0,Unknown,2,,41.79168,-71.41935
923282,2025-00026096,2025-04-14,8:39:00 AM,Vehicle - Object,,VANDEWATER ST,BRANCH AVE,Ryan Anderson,107,2025-04-15,"Two-Way , Not Divided",Dry,Daylight,Clear,"Sidwswipe, Opposite Direction",,No Controls,0,0,Unknown,0,,41.85362,-71.42885
923275,2025-00026186,2025-04-14,2:20:00 PM,Vehicle - Vehicle,,Thurbers Ave,RUGBY ST,Matthew Sheridan,229,2025-04-15,"Two-Way , Not Divided",Dry,Daylight,Clear,Angle (Front - to - Side) Right Angle (Includes Broadside),"Yes, M/V and Driver Left Scene",No Controls,1,0,No Injury,2,,41.79963,-71.40726
923249,2025-00026129,2025-04-14,10:45:00 AM,Vehicle - Vehicle,,Cranston St,WAVERLY ST,Manuel Vlaun,551,2025-04-14,"Two-Way , Not Divided",Dry,Daylight,Clear,Angle (Front - to - Side) Same Direction,No,Stop Signs,7,4,Complains Of Pain,2,,41.80832,-71.43454
923250,2025-00026163,2025-04-14,12:55:00 PM,Vehicle - Parked Vehicle,,150 Eaton Street,Eaton Street,James Lanier,211,2025-04-14,"Two-Way, Divided, Unprotected (painted>4feet) Medium",Dry,Daylight,Clear,Not a Collision Between Two Motor Vehicles in Transport,"Yes, M/V and Driver Left Scene",No Controls,1,0,Unknown,2,1,,
923251,2025-00026173,2025-04-14,1:27:00 PM,Vehicle - Vehicle,,154 Cushing St,,Michael Cifuentes,330,2025-04-14,"Two-Way , Not Divided",Dry,Daylight,Clear,Angle (Front - to - Side) Same Direction,"Yes, M/V and Driver Left Scene",No Controls,2,0,No Injury,2,,41.83006,-71.40045
923253,2025-00026191,2025-04-14,2:49:00 PM,Vehicle - Vehicle,,BELLEVUE AVE,DEXTER ST,Evan Alarcon,131,2025-04-14,"Two-Way , Not Divided",Dry,Daylight,Clear,Angle (Front - to - Side) Same Direction,No,Stop Signs,2,0,No Injury,2,,41.80744,-71.4287
923254,2025-00026217,2025-04-14,3:58:00 PM,Vehicle - Vehicle,,CALDER ST,GREENWICH ST,Evan Alarcon,131,2025-04-14,"Two-Way , Not Divided",Dry,Daylight,Clear,Angle (Front - to - Side) Same Direction,No,Stop Signs,6,4,Complains Of Pain,2,,41.80225,-71.42992
923255,2025-00026235,2025-04-14,5:00:00 PM,Vehicle - Vehicle,,CLYM ST,ADMIRAL ST,Cory Nicholls,609,2025-04-14,"Two-Way , Not Divided",Dry,Daylight,Clear,Angle (Front - to - Side) Right Angle (Includes Broadside),No,Stop Signs,4,0,No Injury,2,,41.84418,-71.42372
923256,2025-00026246,2025-04-14,5:48:00 PM,Vehicle - Parked Vehicle,,LLOYD AVE,BROWN ST,Vincent Pazzetta,641,2025-04-14,"Two-Way , Not Divided",Dry,Daylight,Clear,"Sideswipe, Same Direction","Yes, M/V and Driver Left Scene",No Controls,1,0,Unknown,2,,41.83137,-71.40411
923257,2025-00026281,2025-04-14,7:03:00 PM,Vehicle - Vehicle,,VALLEY ST,DELAINE ST,Lane,109,2025-04-14,"Two-Way , Not Divided",Dry,Dusk,Clear,Angle (Front - to - Side) Right Angle (Includes Broadside),"Yes, M/V and Driver Left Scene",Stop Signs,2,1,Complains Of Pain,2,,41.81951,-71.4405
923258,2025-00026288,2025-04-14,7:01:00 PM,Vehicle - Vehicle,,Elmwood Ave,Cadillac Dr,Andrew Brodeur,158,2025-04-14,"Two-Way , Not Divided",Dry,Daylight,Clear,Angle (Front - to - Side) Right Angle (Includes Broadside),No,No Controls,2,0,No Injury,2,4,,
923259,2025-00026244,2025-04-14,3:20:00 PM,Vehicle - Vehicle,,FLORA ST,ASHTON ST,Cory Nicholls,609,2025-04-14,"Two-Way , Not Divided",Dry,Daylight,Clear,Angle (Front - to - Side) Right Angle (Includes Broadside),No,Stop Signs,3,0,No Injury,2,,41.84927,-71.41548
923260,2025-00026190,2025-04-14,2:37:00 PM,Vehicle - Vehicle,,NORTH MAIN STREET,BENEFIT ST,Ricardo Sanchez,632,2025-04-14,"Two-Way , Not Divided",Dry,Daylight,Clear,Rear End(Front-to-Rear),No,No Controls,3,0,No Injury,2,2,41.83484,-71.40983
923261,2025-00026304,2025-04-14,8:13:00 PM,Vehicle - Parked Vehicle,,ASHTON ST,LUNA ST,Cory Nicholls,609,2025-04-14,"Two-Way , Not Divided",Dry,Dark - Lighted,Clear,Unknown,"Yes, M/V and Driver Left Scene",No Controls,1,0,Unknown,2,,41.84979,-71.417
923262,2025-00026193,2025-04-14,2:58:00 PM,Vehicle - Pedestrian,Pedestrian,CHALKSTONE AVE,OAKLAND AVE,Raymond Criner,340,2025-04-14,"Two-Way , Not Divided",Dry,Daylight,Clear,Not a Collision Between Two Motor Vehicles in Transport,No,Pavement Markings,4,1,Complains Of Pain,1,,41.83419,-71.43024
923263,2025-00026313,2025-04-14,9:07:00 PM,Vehicle - Vehicle,,RUSSO ST,NAHANT ST,Cory Nicholls,609,2025-04-14,"Two-Way , Not Divided",Dry,Dark - Lighted,Clear,Angle (Front - to - Side) Right Angle (Includes Broadside),No,Stop Signs,4,1,Complains Of Pain,2,,41.85271,-71.42111
923264,2025-00026300,2025-04-14,8:01:00 PM,Vehicle - Vehicle,,206 BROAD ST,CAHIR ST,Lucas Ramalho,507,2025-04-15,"Two-Way , Not Divided",Dry,Dark - Lighted,Clear,Rear End(Front-to-Rear),No,No Controls,2,1,Complains Of Pain,2,,41.81664,-71.41857
923265,2025-00026103,2025-04-14,9:13:00 AM,Vehicle - Parked Vehicle,,EUROPE ST,DE PASQUALE AVE,Brad McParlin,395,2025-04-15,"Two-Way , Not Divided",Dry,Daylight,Clear,Angle (Front - to - Side) Opposite Direction,No,No Controls,2,0,No Injury,2,,41.82167,-71.42639
923266,2025-00026075,2025-04-14,7:04:00 AM,Vehicle - Parked Vehicle,,STANSBURY ST,GLASGOW ST,Ryan Anderson,107,2025-04-15,One-Way Trafficway,Dry,Daylight,Clear,Rear End(Front-to-Rear),"Yes, Driver Left Scene",No Controls,1,0,Unknown,2,,41.85084,-71.43284
923229,2025-00026087,2025-04-14,8:02:00 AM,Vehicle - Vehicle,,ATWELLS AVE,EXIT 21  (RT ),Mario Andrade,130,2025-04-14,One-Way Trafficway,Dry,Daylight,Clear,"Sideswipe, Same Direction","Yes, M/V and Driver Left Scene",No Controls,2,0,No Injury,2,,41.82314,-71.42041
923239,2025-00026099,2025-04-14,8:53:00 AM,Vehicle - Vehicle,,Dean Street,Valley Street,James Lanier,211,2025-04-14,"Two-Way, Divided, Positive Median Barrier",Dry,Daylight,Clear,Angle (Front - to - Side) Same Direction,No,Pavement Markings,3,0,No Injury,2,2,41.83086,-71.42793
923241,2025-00026095,2025-04-14,8:39:00 AM,Vehicle - Pedestrian,Pedestrian,WESTMINSTER ST,DORRANCE ST,Ptlm. Castagliuolo,351,2025-04-14,"Two-Way , Not Divided",Dry,Daylight,Clear,"Sideswipe, Same Direction",No,Other,4,0,No Injury,2,,41.82361,-71.41167
923242,2025-00026082,2025-04-14,7:42:00 AM,Vehicle - Pedestrian,Bicycle,PLAINFIELD ST,RT 6 EXIT,Ptlm. Castagliuolo,351,2025-04-14,"Two-Way , Not Divided",Dry,Daylight,Clear,Not a Collision Between Two Motor Vehicles in Transport,No,No Controls,2,1,Complains Of Pain,1,,41.81478,-71.44659
923338,2025-00026274,2025-04-14,6:43:00 PM,Vehicle - Parked Vehicle,,Cranston Street,WAVERLY ST,Stephen Noti,119,2025-04-17,"Two-Way , Not Divided",Dry,Daylight,Clear,"Sideswipe, Same Direction","Yes, M/V and Driver Left Scene",No Controls,1,0,Unknown,2,,41.80803,-71.43481
923308,2025-00026108,2025-04-14,9:54:00 AM,Vehicle - Vehicle,,WASHINGTON ST,EMPIRE ST,Michael Baldassare,568,2025-04-16,"Two-Way , Not Divided",Dry,Daylight,Clear,"Sideswipe, Same Direction",No,Traffic Control Signal,4,2,Non-Incapacitating,3,,41.82182,-71.41645
923218,2025-00025962,2025-04-13,4:15:00 PM,Vehicle - Vehicle,,ALLENS AVE,ALLENS AVE EXIT,Raymond Criner,340,2025-04-13,"Two-Way , Not Divided",Dry,Daylight,Clear,Angle (Front - to - Side) Opposite Direction,No,Pavement Markings,3,2,Complains Of Pain,2,,41.81478,-71.40661
923221,2025-00026012,2025-04-13,8:43:00 PM,Vehicle - Vehicle,,S MAIN ST,TOCKWOTTON ST,Jared Guiot,608,2025-04-13,One-Way Trafficway,Dry,Dark - Lighted,Clear,Rear End(Front-to-Rear),No,No Controls,3,0,No Injury,2,,41.81756,-71.39919
923222,2025-00026037,2025-04-13,11:30:00 PM,Vehicle - Vehicle,,38 Pembroke Avenue,CHAD BROWN ST,Matthew Lombardi,674,2025-04-14,"Two-Way, Divided, Unprotected (painted>4feet) Medium",Dry,Dark - Lighted,Clear,Angle (Front - to - Side) Same Direction,No,No Controls,5,0,No Injury,2,,41.83716,-71.43103
923198,2025-00025849,2025-04-13,2:17:00 AM,Vehicle - Vehicle,,RT 6 E,RT 10N,Karen Milian,673,2025-04-13,"Two-Way , Not Divided",Wet,Dark - Lighted,Rain,"Sidwswipe, Opposite Direction",No,No Controls,4,0,No Injury,2,,,
923199,2025-00025846,2025-04-13,2:17:00 AM,Vehicle - Vehicle,,FRIENDSHIP ST,GARNET ST,Kelly Morel,687,2025-04-13,One-Way Trafficway,Wet,Dark - Lighted,Rain,"Sidwswipe, Opposite Direction",No,No Controls,3,0,No Injury,2,,41.82112,-71.41027
923200,2025-00025856,2025-04-13,3:09:00 AM,Vehicle - Vehicle,,633 NORTH MAIN ST,DOYLE AVE,Vanessa Hull,648,2025-04-13,"Two-Way , Not Divided",Wet,Dark - Lighted,Rain,"Sideswipe, Same Direction","Yes, M/V and Driver Left Scene",No Controls,1,0,No Injury,2,,41.83824,-71.40925
923201,2025-00025845,2025-04-13,2:15:00 AM,Vehicle - Vehicle,,ELM ST,HOSPITAL ST,Alexandria O'Loughlin,676,2025-04-13,"Two-Way , Not Divided",Wet,Dark - Lighted,Rain,Rear End(Front-to-Rear),"Yes, M/V and Driver Left Scene",Stop Signs,4,0,No Injury,2,,41.81704,-71.41052
923202,2025-00025848,2025-04-13,2:26:00 AM,Vehicle - Pedestrian,Pedestrian,BLUNDELL ST,THURBERS AVE,Hannabeth Mendez,675,2025-04-13,"Two-Way , Not Divided",Wet,Dark - Lighted,Rain,Angle (Front - to - Side) Right Angle (Includes Broadside),"Yes, M/V and Driver Left Scene",No Controls,3,0,No Injury,2,,41.80001,-71.40492
923205,2025-00025915,2025-04-13,12:35:00 PM,Vehicle - Vehicle,,EXIT 22A (RT ),FRANCIS ST,Alexander Wagoner,541,2025-04-13,One-Way Trafficway,Wet,Daylight,Rain,Angle (Front - to - Side) Right Angle (Includes Broadside),No,Traffic Control Signal,3,0,No Injury,2,,41.82572,-71.41551
923207,2025-00025938,2025-04-13,2:37:00 PM,Vehicle - Parked Vehicle,,CYPRESS STREET,CAMP ST,Manuel Tueros,621,2025-04-13,"Two-Way , Not Divided",Wet,Daylight,Cloudy,Unknown,"Yes, M/V and Driver Left Scene",No Controls,1,0,No Injury,2,,41.84191,-71.40213
923208,2025-00025934,2025-04-13,2:14:00 PM,Vehicle - Vehicle,,FARM ST,ACADEMY AVE,Jason Dennis,392,2025-04-13,"Two-Way , Not Divided",Wet,Daylight,Rain,Angle (Front - to - Side) Right Angle (Includes Broadside),No,Stop Signs,4,0,No Injury,2,,41.83731,-71.4447
923210,2025-00025978,2025-04-13,5:42:00 PM,Vehicle - Parked Vehicle,,sorrento st,ALTHEA ST,H Mendez,675,2025-04-13,"Two-Way , Not Divided",Wet,Daylight,Rain,Unknown,"Yes, M/V and Driver Left Scene",No Controls,2,0,Unknown,2,,41.80869,-71.43664
923211,2025-00025981,2025-04-13,5:39:00 PM,Vehicle - Vehicle,,WHITNEY ST,ELMWOOD AVE,Kyle Ludovici,390,2025-04-13,"Two-Way, Divided, Positive Median Barrier",Dry,Daylight,Clear,Rear End(Front-to-Rear),No,No Controls,2,1,Complains Of Pain,2,,41.78211,-71.4195
923212,2025-00025964,2025-04-13,3:40:00 PM,Vehicle - Vehicle,,RIVER AVE,SMITH ST,Tyler Calandra,418,2025-04-13,"Two-Way , Not Divided",Dry,Daylight,Clear,Angle (Front - to - Side) Right Angle (Includes Broadside),No,No Controls,3,0,No Injury,2,,41.84088,-71.44057
923214,2025-00025940,2025-04-13,2:35:00 PM,Vehicle - Vehicle,,BRANCH AVE,HAWKINS ST,Raymond Criner,340,2025-04-13,"Two-Way , Not Divided",Wet,Daylight,Clear,Rear End(Front-to-Rear),No,Traffic Control Signal,2,1,Complains Of Pain,2,,41.85071,-71.421
923252,2025-00025955,2025-04-13,3:40:00 PM,Vehicle - Object,,SMITH STREET,PINEHURST AVE,Arthur Lima,126,2025-04-14,"Two-Way , Not Divided",Wet,Daylight,Rain,"Sidwswipe, Opposite Direction",No,No Controls,1,0,No Injury,1,,41.83728,-71.43285
923667,2025-00025918,2025-04-13,12:51:00 PM,Vehicle - Parked Vehicle,,ALDRICH ST,OCONNOR ST,Waldorf Pognon,501,2025-04-28,"Two-Way , Not Divided",Wet,Daylight,Cloudy,Rear End(Front-to-Rear),"Yes, M/V and Driver Left Scene",No Controls,3,0,No Injury,2,2,,
923474,2025-00026009,2025-04-13,8:37:00 PM,Vehicle - Parked Vehicle,,307 Swan St,Ocean St,Brandon McDonnell,620,2025-04-21,"Two-Way , Not Divided",Dry,Dark - Lighted,Clear,"Sideswipe, Same Direction","Yes, M/V and Driver Left Scene",No Controls,2,0,No Injury,2,,,
923492,2025-00027503,2025-04-12,1:15:00 PM,Vehicle - Vehicle,,THURBERS AVE,ALLENS AVE,Jason Clancy,999,2025-04-22,"Two-Way , Not Divided",Unknown,Daylight,Clear,Rear End(Front-to-Rear),No,Unknown,3,0,Unknown,2,,41.80134,-71.40071
923354,2025-00025647,2025-04-12,12:29:00 PM,Vehicle - Vehicle,,MOUNT PLEASANT AVE,COMPTON ST,Kyana Williams,426,2025-04-18,"Two-Way , Not Divided",Dry,Daylight,Clear,Angle (Front - to - Side) Right Angle (Includes Broadside),No,No Controls,3,2,Complains Of Pain,2,,41.84416,-71.45335
923268,2025-00026180,2025-04-12,6:15:00 PM,Vehicle - Vehicle,,DOUGLAS AVE,CHALKSTONE AVE,Jason Clancy,999,2025-04-15,"Two-Way , Not Divided",Wet,Dark - Unknown Lighting,Cloudy,Rear End(Front-to-Rear),No,Unknown,2,0,Unknown,2,,41.83632,-71.42029
923184,2025-00025618,2025-04-12,9:26:00 AM,Vehicle - Vehicle,,LAUREL HILL AVENUE,SHAFTER STREET,Patrolwoman Addai,513,2025-04-12,"Two-Way , Not Divided",Wet,Daylight,Rain,Angle (Front - to - Side) Opposite Direction,No,No Controls,4,0,No Injury,2,2,41.80735,-71.45273
923203,2025-00025624,2025-04-12,10:19:00 AM,Vehicle - Vehicle,,PROMENADE ST,DEAN ST,Hildenise Espanol,137,2025-04-13,"Two-Way , Not Divided",Wet,Daylight,Rain,Rear End(Front-to-Rear),No,Traffic Control Signal,4,0,No Injury,2,,41.82923,-71.42674
923204,2025-00025609,2025-04-12,7:59:00 AM,Vehicle - Vehicle,,9 BODELL AVE,ETNA ST,Southavout Im,382,2025-04-13,Unknown,Dry,Daylight,Clear,Unknown,"Yes, M/V and Driver Left Scene",No Controls,2,0,Unknown,3,,41.81672,-71.4532
923230,2025-00025639,2025-04-12,11:49:00 AM,Vehicle - Vehicle,,CARTER ST,BUCKLIN ST,Victor Tavarez,564,2025-04-14,"Two-Way , Not Divided",Dry,Daylight,Cloudy,Angle (Front - to - Side) Right Angle (Includes Broadside),No,Stop Signs,3,0,No Injury,2,,41.80003,-71.42793
923248,2025-00025626,2025-04-12,10:49:00 AM,Vehicle - Vehicle,,Thurbers,rugby,Matthew Sheridan,229,2025-04-14,"Two-Way , Not Divided",Wet,Daylight,Rain,Unknown,No,Stop Signs,3,0,No Injury,2,,,
923237,2025-00025575,2025-04-12,2:05:00 AM,Vehicle - Parked Vehicle,,EDDY ST,EDDY ST,Jason Clancy,999,2025-04-14,"Two-Way , Not Divided",Dry,Dark - Unknown Lighting,Clear,"Sideswipe, Same Direction","Yes, M/V and Driver Left Scene",Unknown,1,0,Unknown,2,,,
923271,2025-00026248,2025-04-12,6:35:00 PM,Vehicle - Parked Vehicle,,CEDAR ST,DEAN ST,Jason Clancy,999,2025-04-15,"Two-Way , Not Divided",Wet,Dark - Unknown Lighting,Clear,Angle (Front - to - Side) Same Direction,"Yes, M/V and Driver Left Scene",Unknown,2,0,Unknown,2,,41.82483,-71.42549
923336,2025-00026945,2025-04-12,2:10:00 AM,Vehicle - Vehicle,,WESTMINSTER ST,CAHIR ST,Jason Clancy,999,2025-04-17,"Two-Way , Not Divided",Dry,Dark - Unknown Lighting,Clear,Rear End(Front-to-Rear),"Yes, M/V and Driver Left Scene",Unknown,2,0,Unknown,2,,41.81822,-71.42018
923173,2025-00025557,2025-04-12,1:36:00 AM,Vehicle - Vehicle,,OAKLAND AVE,SMITH ST,Ryan Blaisdell,603,2025-04-12,"Two-Way , Not Divided",Wet,Dark - Lighted,Rain,Angle (Front - to - Side) Right Angle (Includes Broadside),No,Traffic Control Signal,3,0,No Injury,3,,41.83623,-71.43046
923174,2025-00025550,2025-04-12,1:07:00 AM,Vehicle - Parked Vehicle,,Washington Ave,MICHIGAN AVE,Brandon Macedo,177,2025-04-12,"Two-Way , Not Divided",Wet,Dark - Lighted,Rain,Rear End(Front-to-Rear),No,No Controls,2,0,No Injury,2,,41.78871,-71.39277
923175,2025-00025559,2025-04-12,2:05:00 AM,Vehicle - Vehicle,,ATWELLS AVE,CROUT ST,Ralph Abenante,511,2025-04-12,"Two-Way, Divided, Unprotected (painted>4feet) Medium",Wet,Dark - Lighted,Rain,Rear End(Front-to-Rear),No,No Controls,5,0,No Injury,2,,41.82364,-71.42752
923176,2025-00025564,2025-04-12,2:15:00 AM,Vehicle - Vehicle,,CHAPMAN ST,EDDY ST,Alexandra Dzialo,616,2025-04-12,"Two-Way , Not Divided",Wet,Dark - Lighted,"Sleet, Hail (Freezing Rain or Drizzle)",Angle (Front - to - Side) Right Angle (Includes Broadside),No,Unknown,3,0,No Injury,2,,41.79209,-71.40364
923177,2025-00025562,2025-04-12,2:14:00 AM,Vehicle - Vehicle,,atwells ave,CROUT ST,Domenic Schiavulli,653,2025-04-12,"Two-Way , Not Divided",Wet,Dark - Lighted,Rain,"Sideswipe, Same Direction",No,No Controls,9,0,No Injury,2,,41.82363,-71.42744
923180,2025-00025772,2025-04-12,2:31:00 AM,Vehicle - Vehicle,,BROAD ST,SERVICE ROAD 8,Dondre Dacosta,662,2025-04-12,"Two-Way , Not Divided",Wet,Dark - Lighted,Rain,Angle (Front - to - Side) Right Angle (Includes Broadside),"Yes, M/V and Driver Left Scene",Traffic Control Signal,3,1,Complains Of Pain,2,,41.81796,-71.41629
923181,2025-00025571,2025-04-12,2:29:00 AM,Vehicle - Vehicle,,DELAINE ST,VALLEY ST,Cesar Franco,668,2025-04-12,Unknown,Wet,Dark - Not Lighted,Rain,"Sidwswipe, Opposite Direction","Yes, M/V and Driver Left Scene",No Controls,3,0,No Injury,2,,41.81951,-71.44047
923188,2025-00025640,2025-04-12,11:51:00 AM,Vehicle - Vehicle,,POCASSET AVENUE,MURRAY STREET,Patrolwoman Addai,513,2025-04-12,"Two-Way, Divided, Unprotected (painted>4feet) Medium",Wet,Daylight,Rain,Angle (Front - to - Side) Right Angle (Includes Broadside),"Yes, M/V and Driver Left Scene",No Controls,4,1,Complains Of Pain,2,2,,
923191,2025-00025614,2025-04-12,8:26:00 AM,Vehicle - Parked Vehicle,,Admiral St,NEWCOMB ST,Christopher Hines,537,2025-04-12,"Two-Way , Not Divided",Wet,Daylight,Rain,"Sidwswipe, Opposite Direction",No,No Controls,2,0,No Injury,2,,41.84547,-71.42648
923192,2025-00025661,2025-04-12,1:36:00 PM,Vehicle - Vehicle,,Valley St,Deliane St,Damaris Sanchez,566,2025-04-12,"Two-Way , Not Divided",Wet,Daylight,Cloudy,Other,"Yes, M/V and Driver Left Scene",Stop Signs,2,0,No Injury,3,,,
923195,2025-00025681,2025-04-12,3:16:00 PM,Vehicle - Vehicle,,S WATER ST,DYER ST,Cassidy Simanski,132,2025-04-12,One-Way Trafficway,Dry,Daylight,Clear,Rear End(Front-to-Rear),No,No Controls,3,0,No Injury,2,,41.82416,-71.408
923196,2025-00025790,2025-04-12,11:27:00 PM,Vehicle - Vehicle,,ACADEMY AVE,EATON ST,Robert Savage,238,2025-04-13,"Two-Way, Divided, Unprotected (painted>4feet) Medium",Wet,Dark - Lighted,Rain,Rear End(Front-to-Rear),"Yes, M/V and Driver Left Scene",Traffic Control Signal,3,2,Complains Of Pain,2,,41.84343,-71.44517
923197,2025-00025781,2025-04-12,11:01:00 PM,Vehicle - Vehicle,,WEYBOSSET ST,PAGE ST,Kelly Morel,687,2025-04-12,"Two-Way , Not Divided",Wet,Dark - Lighted,Rain,Rear End(Front-to-Rear),"Yes, M/V and Driver Left Scene",No Controls,3,0,No Injury,2,,41.82146,-71.41248
923138,2025-00025309,2025-04-11,10:00:00 AM,Vehicle - Vehicle,,VALLEY ST,ATWELLS AVE,Jason Dennis,392,2025-04-11,"Two-Way , Not Divided",Dry,Daylight,Cloudy,Angle (Front - to - Side) Right Angle (Includes Broadside),No,No Controls,2,0,No Injury,2,,41.82484,-71.43941
923139,2025-00025334,2025-04-11,11:29:00 AM,Vehicle - Vehicle,,LENOX AVE,EMERSON ST,Hansel Ventura,570,2025-04-11,"Two-Way , Not Divided",Dry,Daylight,Cloudy,Angle (Front - to - Side) Right Angle (Includes Broadside),No,Stop Signs,2,0,No Injury,2,,41.7979,-71.41606
923140,2025-00025351,2025-04-11,12:34:00 PM,Vehicle - Vehicle,,EXIT 22A (RT ),FRANCIS ST,Michael Baldassare,568,2025-04-11,One-Way Trafficway,Dry,Daylight,Cloudy,Angle (Front - to - Side) Same Direction,No,Traffic Control Signal,3,0,No Injury,2,,41.82577,-71.41527
923141,2025-00025360,2025-04-11,1:00:00 PM,Vehicle - Vehicle,,ELMWOOD AVE,LINDEN AVE,Raleek Byfield,375,2025-04-11,"Two-Way, Divided, Positive Median Barrier",Dry,Daylight,Clear,Rear End(Front-to-Rear),No,Traffic Control Signal,6,0,No Injury,2,,41.78609,-71.41955