CrashReportId,ReportNumber,CrashDate,CrashTime,TypeOfCollision,Collision Type,StreetOrHighway,NearestIntersection,Officer,Badge,ReportDate,TypeOfRoadway,RoadSurfaceCondition,LightCondition,WeatherCondition,MannerofImpact,HitAndRun,TrafficControl,PersonCount,InjuryCount,MostSeriousInjury,NumberofVehicles,NumberOfLanes,Latitude,Longitude
923143,2025-00025312,2025-04-11,9:47:00 AM,Vehicle - Vehicle,,BERLIN ST,CHALKSTONE AVE,Igor Barbosa,114,2025-04-11,"Two-Way, Divided, Unprotected (painted>4feet) Medium",Dry,Daylight,Cloudy,Rear End(Front-to-Rear),"Yes, M/V and Driver Left Scene",No Controls,2,0,No Injury,2,,41.83226,-71.44173
923182,2025-00025389,2025-04-11,2:27:00 PM,Vehicle - Vehicle,,ELMWOOD AVE,LENOX AVE,Hansel Ventura,570,2025-04-12,"Two-Way, Divided, Positive Median Barrier",Dry,Daylight,Cloudy,Angle (Front - to - Side) Right Angle (Includes Broadside),No,No Controls,3,0,No Injury,2,,41.79524,-71.42464
923150,2025-00025359,2025-04-11,1:00:00 PM,Vehicle - Object,,CAMP ST,FOREST ST,Ptlm. Castagliuolo,351,2025-04-11,"Two-Way , Not Divided",Dry,Daylight,Cloudy,Not a Collision Between Two Motor Vehicles in Transport,No,No Controls,1,0,No Injury,1,,41.84395,-71.40219
923155,2025-00025419,2025-04-11,3:55:00 PM,Vehicle - Vehicle,,BRANCH AVE,CHATHAM ST,Ptlm. Labutti,104,2025-04-11,"Two-Way , Not Divided",Dry,Daylight,Cloudy,Rear End(Front-to-Rear),No,No Controls,4,0,No Injury,2,,41.84908,-71.41736
923156,2025-00025408,2025-04-11,3:33:00 PM,Vehicle - Vehicle,,BROADWAY,,Sean Cooney,523,2025-04-11,"Two-Way , Not Divided",Dry,Daylight,Clear,Rear End(Front-to-Rear),No,No Controls,3,0,No Injury,2,,,
923157,2025-00025388,2025-04-11,1:54:00 PM,Vehicle - Parked Vehicle,,WAYLAND AVE,WATERMAN ST,Kelsey Woodbine,633,2025-04-11,"Two-Way , Not Divided",Dry,Daylight,Cloudy,"Sideswipe, Same Direction",No,No Controls,3,0,No Injury,2,,41.82851,-71.3884
923158,2025-00025395,2025-04-11,3:02:00 PM,Vehicle - Parked Vehicle,,150 Washington St,,Cassidy Simanski,132,2025-04-11,"Two-Way, Divided, Unprotected (painted>4feet) Medium",Dry,Daylight,Clear,Angle (Front - to - Side) Same Direction,No,No Controls,2,0,No Injury,2,,41.82345,-71.41421
923159,2025-00025435,2025-04-11,4:25:00 PM,Vehicle - Vehicle,,DOUGLAS AVE,CAMDEN AVE,David Palumbo,106,2025-04-11,"Two-Way , Not Divided",Dry,Daylight,Cloudy,Head-On (Front - to - Front),No,Stop Signs,4,0,No Injury,2,,41.84066,-71.42711
923160,2025-00025442,2025-04-11,5:18:00 PM,Vehicle - Vehicle,,WASHINGTON ST,N MAIN ST,Kelsey Woodbine,633,2025-04-11,One-Way Trafficway,Dry,Dawn,Clear,Angle (Front - to - Side) Same Direction,"Yes, M/V and Driver Left Scene",Traffic Control Signal,1,0,No Injury,2,,41.82691,-71.40884
923163,2025-00025440,2025-04-11,5:15:00 PM,Vehicle - Vehicle,,POINT ST BRG,BRIDGE ST,Jared Guiot,608,2025-04-11,"Two-Way, Divided, Positive Median Barrier",Dry,Daylight,Clear,"Sideswipe, Same Direction","Yes, M/V and Driver Left Scene",No Controls,2,0,No Injury,2,,41.81831,-71.40288
923164,2025-00025406,2025-04-11,3:36:00 PM,Vehicle - Vehicle,,POINT ST,BEACON AVE,Matthew Carlone,602,2025-04-11,"Two-Way , Not Divided",Dry,Daylight,Clear,"Sideswipe, Same Direction",No,Stop Signs,2,0,No Injury,2,,41.81477,-71.41423
923165,2025-00025451,2025-04-11,6:01:00 PM,Vehicle - Vehicle,,TRANSIT ST,HOPE ST,Kelsey Woodbine,633,2025-04-11,"Two-Way , Not Divided",Dry,Dawn,Clear,Angle (Front - to - Side) Same Direction,No,No Controls,2,0,No Injury,2,,41.82067,-71.3965
923166,2025-00025475,2025-04-11,7:46:00 PM,Vehicle - Vehicle,,BROAD ST,BROAD ST,Thomas Jones,160,2025-04-11,One-Way Trafficway,Wet,Dark - Lighted,Rain,Rear End(Front-to-Rear),No,Traffic Control Signal,4,2,Complains Of Pain,2,,41.78735,-71.40276
923167,2025-00025497,2025-04-11,9:23:00 PM,Vehicle - Parked Vehicle,,NORTH MAIN STREET,N MAIN ST,Ricardo Sanchez,632,2025-04-11,Unknown,Wet,Dark - Lighted,Rain,Rear End(Front-to-Rear),"Yes, M/V and Driver Left Scene",No Controls,1,0,No Injury,2,2,41.85582,-71.39987
923168,2025-00025511,2025-04-11,10:57:00 PM,Vehicle - Vehicle,,EDDY ST,ALDRICH ST,Alexandra Dzialo,616,2025-04-11,"Two-Way , Not Divided",Wet,Dark - Lighted,Rain,Head-On (Front - to - Front),"Yes, Driver Left Scene",Unknown,2,0,No Injury,2,,41.79578,-71.40469
923169,2025-00025510,2025-04-11,10:51:00 PM,Vehicle - Vehicle,,Bucklin St,CARTER ST,Brandon Macedo,177,2025-04-11,"Two-Way , Not Divided",Wet,Dark - Lighted,Rain,Head-On (Front - to - Front),No,Stop Signs,4,0,No Injury,2,,41.80001,-71.42792
923170,2025-00025533,2025-04-11,11:46:00 PM,Vehicle - Vehicle,,BRANCH AVE,BURNS ST,Ryan Blaisdell,603,2025-04-12,"Two-Way , Not Divided",Wet,Dark - Lighted,Rain,Rear End(Front-to-Rear),"Yes, M/V and Driver Left Scene",Stop Signs,2,0,No Injury,2,,41.85533,-71.44071
923132,2025-00025277,2025-04-11,7:39:00 AM,Vehicle - Vehicle,,River Avenue,Stonelaw Avenue,James Lanier,211,2025-04-11,"Two-Way, Divided, Unprotected (painted>4feet) Medium",Wet,Daylight,Clear,Rear End(Front-to-Rear),No,No Controls,3,0,No Injury,2,1,,
923134,2025-00025289,2025-04-11,7:58:00 AM,Vehicle - Vehicle,,point st,SUMMER ST,Serge Bouyssou,105,2025-04-11,"Two-Way , Not Divided",Wet,Daylight,Cloudy,Angle (Front - to - Side) Right Angle (Includes Broadside),No,No Controls,2,0,No Injury,2,,41.81464,-71.41648
923136,2025-00024208,2025-04-11,7:47:00 AM,Vehicle - Vehicle,,cranston st,WAVERLY ST,Serge Bouyssou,105,2025-04-11,"Two-Way , Not Divided",Wet,Daylight,Cloudy,Angle (Front - to - Side) Right Angle (Includes Broadside),No,Stop Signs,2,0,No Injury,2,,41.8083,-71.43456
923321,2025-00025500,2025-04-11,9:50:00 PM,Vehicle - Vehicle,,Westminster St,Bough st,Conor Fleurant,171,2025-04-16,"Two-Way , Not Divided",Dry,Dark - Lighted,Clear,Head-On (Front - to - Front),No,No Controls,2,0,No Injury,2,2,,
923238,2025-00025434,2025-04-11,2:14:00 PM,Vehicle - Parked Vehicle,,BRANCH AVE,TOURO ST,Jason Clancy,999,2025-04-14,"Two-Way , Not Divided",Wet,Daylight,Rain,"Sideswipe, Same Direction","Yes, M/V and Driver Left Scene",Unknown,1,0,Unknown,2,,41.84987,-71.41909
923240,2025-00025622,2025-04-11,12:00:00 PM,Vehicle - Vehicle,,N MAIN ST,ELIZABETH ST,Jason Clancy,999,2025-04-14,One-Way Trafficway,Wet,Daylight,Cloudy,"Sideswipe, Same Direction",No,Unknown,1,0,Unknown,2,,41.82788,-71.4093
923247,2025-00025980,2025-04-11,1:30:00 PM,Vehicle - Parked Vehicle,,CHAPMAN ST,,Jason Clancy,999,2025-04-14,Unknown,Wet,Daylight,Cloudy,Unknown,No,Unknown,2,0,Unknown,2,,,
923209,2025-00025477,2025-04-11,8:00:00 PM,Vehicle - Vehicle,,GEORGE ST,PROSPECT ST,Jared Guiot,608,2025-04-13,"Two-Way , Not Divided",Wet,Dark - Lighted,Cloudy,Rear End(Front-to-Rear),No,No Controls,3,0,No Injury,2,,41.82523,-71.40506
923185,2025-00025385,2025-04-11,2:11:00 PM,Vehicle - Vehicle,,WASHINGTON ST,SNOW ST,Lucio Andreozzi,381,2025-04-12,"Two-Way, Divided, Unprotected (painted>4feet) Medium",Dry,Daylight,Clear,"Sideswipe, Same Direction","Yes, Driver Left Scene",No Controls,3,0,Unknown,2,,41.82244,-71.41561
923172,2025-00025399,2025-04-11,3:09:00 PM,Vehicle - Vehicle,,EAST DR,MIDDLE DR,John Palmer,101,2025-04-11,"Two-Way , Not Divided",Dry,Daylight,Cloudy,"Sidwswipe, Opposite Direction",No,No Controls,3,0,No Injury,2,,41.85164,-71.44367
923217,2025-00025404,2025-04-11,3:22:00 PM,Vehicle - Vehicle,,101 CADILLAC DR,EARLY ST,Johansell Montilla,627,2025-04-13,Unknown,Dry,Daylight,Clear,"Sideswipe, Same Direction","Yes, M/V and Driver Left Scene",No Controls,2,0,Unknown,2,,41.79166,-71.41582
923269,2025-00026159,2025-04-11,6:30:00 PM,Vehicle - Parked Vehicle,,ATWELLS AVE,COVELL ST,Jason Clancy,999,2025-04-15,Unknown,Wet,Dark - Unknown Lighting,Clear,Other,No,Unknown,2,0,Unknown,2,,41.825,-71.44734
923533,2025-00025427,2025-04-11,4:19:00 PM,Vehicle - Vehicle,,Blackstone St,,Tyler Calandra,418,2025-04-23,"Two-Way , Not Divided",Dry,Daylight,Clear,Not a Collision Between Two Motor Vehicles in Transport,"Yes, M/V and Driver Left Scene",No Controls,1,1,Complains Of Pain,2,,41.81002,-71.42099
923989,2025-00025365,2025-04-11,1:13:00 PM,Vehicle - Vehicle,,Huntington Ave,Magnam Rd,Luis Quinilla,572,2025-05-06,"Two-Way , Not Divided",Dry,Daylight,Clear,Rear End(Front-to-Rear),No,No Controls,3,0,No Injury,2,,,
923279,2025-00025006,2025-04-10,7:39:00 AM,Vehicle - Vehicle,,Flower St,WHELAN RD,Ajay Subramaniam,569,2025-04-15,"Two-Way , Not Divided",Dry,Daylight,Clear,Rear End(Front-to-Rear),No,Stop Signs,4,0,No Injury,2,,41.81893,-71.45675
923236,2025-00025391,2025-04-10,3:43:00 PM,Vehicle - Vehicle,,PEARL ST,,Jason Clancy,999,2025-04-14,Unknown,Wet,Daylight,Cloudy,Rear End(Front-to-Rear),"Yes, M/V and Driver Left Scene",Unknown,1,0,Unknown,2,,,
923219,2025-00025137,2025-04-10,5:52:00 PM,Vehicle - Vehicle,,Union Ave,atwood st,Conor Fleurant,171,2025-04-13,"Two-Way , Not Divided",Dry,Daylight,Clear,Rear End(Front-to-Rear),No,No Controls,2,0,No Injury,2,2,,
923135,2025-00025109,2025-04-10,12:50:00 PM,Vehicle - Pedestrian,Pedestrian,EDDY ST,,Jason Clancy,999,2025-04-11,Unknown,Dry,Daylight,Clear,Other,No,Unknown,2,0,Unknown,1,,,
923133,2025-00025178,2025-04-10,5:28:00 PM,Vehicle - Vehicle,,UPDIKE ST,PUBLIC ST,Jason Clancy,999,2025-04-11,"Two-Way , Not Divided",Dry,Dark - Unknown Lighting,Clear,Angle (Front - to - Side) Right Angle (Includes Broadside),"Yes, M/V and Driver Left Scene",Unknown,1,0,Unknown,2,,41.8034,-71.42236
923126,2025-00025199,2025-04-10,9:46:00 PM,Vehicle - Vehicle,,DOUGLAS AVE,CHAD BROWN ST,Lucas Ramalho,507,2025-04-11,"Two-Way , Not Divided",Dry,Dark - Lighted,Clear,Rear End(Front-to-Rear),No,Traffic Control Signal,4,2,Complains Of Pain,2,,41.8392,-71.42577
923127,2025-00025029,2025-04-10,9:26:00 AM,Vehicle - Vehicle,,THURBERS AVE,ALLENS AVE EXIT,Ptlm. Castagliuolo,351,2025-04-10,"Two-Way , Not Divided",Dry,Daylight,Clear,Rear End(Front-to-Rear),"Yes, M/V and Driver Left Scene",Yield Signs,1,1,Complains Of Pain,2,,41.8006,-71.40036
923104,2025-00024999,2025-04-10,6:58:00 AM,Vehicle - Vehicle,,SERVICE ROAD 3,WESTMINSTER ST,Southavout Im,382,2025-04-10,"Two-Way , Not Divided",Dry,Daylight,Clear,Head-On (Front - to - Front),No,No Controls,3,0,No Injury,2,,41.81631,-71.4406
923105,2025-00025013,2025-04-10,7:54:00 AM,Vehicle - Parked Vehicle,,Longo Street,GROVER ST,Southavout Im,382,2025-04-10,"Two-Way , Not Divided",Dry,Daylight,Clear,"Sideswipe, Same Direction",No,No Controls,3,0,No Injury,2,,41.8174,-71.457
923110,2025-00025058,2025-04-10,11:41:00 AM,Vehicle - Vehicle,,BROADWAY,VALLEY ST,Ptlm. Castagliuolo,351,2025-04-10,"Two-Way, Divided, Positive Median Barrier",Dry,Daylight,Clear,Rear End(Front-to-Rear),No,Traffic Control Signal,2,0,No Injury,2,,41.81682,-71.44105
923111,2025-00025040,2025-04-10,10:22:00 AM,Vehicle - Parked Vehicle,,WOODBINE ST,IVY ST,Thiago Gomes,532,2025-04-10,"Two-Way , Not Divided",Dry,Daylight,Clear,"Sidwswipe, Opposite Direction",No,No Controls,5,0,No Injury,2,,41.84501,-71.4001
923114,2025-00025097,2025-04-10,2:23:00 PM,Vehicle - Pedestrian,Pedestrian,BRANCH AVE,WILD ST,Tyler Calandra,418,2025-04-10,"Two-Way , Not Divided",Dry,Daylight,Clear,Other,"Yes, M/V and Driver Left Scene",No Controls,1,1,Complains Of Pain,1,,41.85505,-71.43792
923115,2025-00025115,2025-04-10,3:08:00 PM,Vehicle - Parked Vehicle,,ADMIRAL ST,MIDDLE DR,D. Hernandez,148,2025-04-10,Unknown,Dry,Daylight,Clear,Rear End(Front-to-Rear),No,No Controls,2,0,No Injury,2,,41.85141,-71.44441
923117,2025-00025145,2025-04-10,5:35:00 PM,Vehicle - Vehicle,,HARRIS AVE,ATWELLS AVE,Peyton Ginolfi,657,2025-04-10,"Two-Way , Not Divided",Dry,Daylight,Clear,Rear End(Front-to-Rear),"Yes, M/V and Driver Left Scene",No Controls,1,1,Complains Of Pain,2,,41.82397,-71.4358
923118,2025-00025158,2025-04-10,6:00:00 PM,Vehicle - Vehicle,,STEEPLE ST,MEMORIAL BLVD,Christian Main,145,2025-04-10,One-Way Trafficway,Dry,Daylight,Clear,"Sideswipe, Same Direction",No,Traffic Control Signal,4,0,No Injury,2,3,,
923119,2025-00025188,2025-04-10,8:47:00 PM,Vehicle - Parked Vehicle,,CHALKSTONE AVENUE,BILTMORE AVE,Atanael Lara,129,2025-04-10,"Two-Way , Not Divided",Dry,Dark - Lighted,Clear,"Sideswipe, Same Direction",No,No Controls,3,0,No Injury,2,,41.83279,-71.43798
923123,2025-00025190,2025-04-10,8:50:00 PM,Vehicle - Parked Vehicle,,31 SALMON ST,SALMON ST,Dayshantell Ramirez,571,2025-04-10,"Two-Way , Not Divided",Dry,Dark - Lighted,Clear,Unknown,"Yes, Driver Left Scene",No Controls,2,0,Unknown,2,,41.8237,-71.45505
923124,2025-00025197,2025-04-10,9:32:00 PM,Vehicle - Vehicle,,reservoir ave/ roger williams ave,ROGER WILLIAMS AVE,Andrew Mitura,605,2025-04-10,"Two-Way , Not Divided",Dry,Dark - Lighted,Clear,Angle (Front - to - Side) Same Direction,No,Unknown,3,0,No Injury,2,,41.78941,-71.42984
923096,2025-00024998,2025-04-10,5:50:00 AM,Vehicle - Parked Vehicle,,63 ELMWOOD AVE,WILSON ST,Lucas Oliveira,688,2025-04-10,"Two-Way , Not Divided",Dry,Daylight,Cloudy,Angle (Front - to - Side) Same Direction,No,No Controls,2,0,No Injury,2,,,
923100,2025-00025010,2025-04-10,8:02:00 AM,Vehicle - Pedestrian,Pedestrian,TERRACE AVE,PROGRESS AVE,Raleek Byfield,375,2025-04-10,"Two-Way, Not Divided With a Continuous Left Turn Lane",Dry,Daylight,Clear,Not a Collision Between Two Motor Vehicles in Transport,No,Other,3,1,Complains Of Pain,1,,41.80789,-71.45168
923101,2025-00025015,2025-04-10,8:21:00 AM,Vehicle - Vehicle,,Manton Avenue,SISSON ST,Igor Barbosa,114,2025-04-10,"Two-Way, Divided, Unprotected (painted>4feet) Medium",Dry,Daylight,Clear,Angle (Front - to - Side) Right Angle (Includes Broadside),No,No Controls,3,0,No Injury,2,,41.82548,-71.45539
923102,2025-00025012,2025-04-10,8:12:00 AM,Vehicle - Vehicle,,182 butler ave,S ANGELL ST,Louis Gianfrancesco,350,2025-04-10,"Two-Way, Divided, Unprotected (painted>4feet) Medium",Dry,Daylight,Clear,Angle (Front - to - Side) Right Angle (Includes Broadside),No,Traffic Control Signal,7,0,No Injury,2,2,41.8295,-71.38503
923148,2025-00025088,2025-04-10,1:42:00 PM,Vehicle - Parked Vehicle,,BELLEVUE AVENUE,BUCKLIN ST,Hildenise Espanol,137,2025-04-11,"Two-Way , Not Divided",Dry,Daylight,Clear,Angle (Front - to - Side) Same Direction,No,No Controls,2,0,No Injury,2,,41.80734,-71.42827
923103,2025-00024806,2025-04-09,1:39:00 PM,Vehicle - Vehicle,,135 NELSON STREET,135 NELSON STREET,Giuseppe Scarcello,485,2025-04-10,"Two-Way , Not Divided",Dry,Daylight,Clear,Angle (Front - to - Side) Right Angle (Includes Broadside),No,No Controls,2,0,No Injury,2,,41.82762,-71.41844
923091,2025-00024852,2025-04-09,4:10:00 PM,Vehicle - Vehicle,,MANTON AVE,ORTOLEVA DR,Matthew LeClerc,180,2025-04-09,"Two-Way , Not Divided",Dry,Daylight,Clear,Angle (Front - to - Side) Opposite Direction,No,No Controls,4,1,Complains Of Pain,2,3,41.82589,-71.45777
923093,2025-00024917,2025-04-09,8:35:00 PM,Vehicle - Parked Vehicle,,TOBEY ST,WESTMINSTER ST,Lane,109,2025-04-09,One-Way Trafficway,Dry,Dark - Lighted,Clear,Rear End(Front-to-Rear),No,No Controls,3,1,Complains Of Pain,2,,41.81668,-71.43477
923094,2025-00024721,2025-04-09,3:24:00 AM,Vehicle - Vehicle,,CHALKSTONE AVE,RIVER AVE,Gehu Sanssouci,136,2025-04-09,"Two-Way, Divided, Unprotected (painted>4feet) Medium",Dry,Dark - Not Lighted,Clear,Angle (Front - to - Side) Right Angle (Includes Broadside),"Yes, M/V and Driver Left Scene",Traffic Control Signal,3,0,No Injury,2,,41.83258,-71.43854
923095,2025-00024938,2025-04-09,10:42:00 PM,Vehicle - Vehicle,,JULIAN ST,AMHERST ST,Lane,109,2025-04-09,"Two-Way , Not Divided",Dry,Dark - Lighted,Clear,Rear End(Front-to-Rear),"Yes, M/V and Driver Left Scene",Stop Signs,5,5,Complains Of Pain,2,,41.82334,-71.44482
923125,2025-00024921,2025-04-09,8:52:00 PM,Vehicle - Vehicle,,ADMIRAL ST,IONA ST,Ryan Fernandes,125,2025-04-10,"Two-Way, Divided, Unprotected (painted>4feet) Medium",Dry,Dark - Lighted,Clear,Rear End(Front-to-Rear),"Yes, M/V and Driver Left Scene",No Controls,5,0,No Injury,3,,41.84939,-71.43941
923116,2025-00024889,2025-04-09,6:37:00 PM,Vehicle - Vehicle,,HARTFORD AVE,LAUREL HILL AVE,Alexander Frias,669,2025-04-10,"Two-Way , Not Divided",Dry,Daylight,Clear,Angle (Front - to - Side) Right Angle (Includes Broadside),No,No Controls,2,0,No Injury,2,,41.81795,-71.45532
923066,2025-00024712,2025-04-09,1:53:00 AM,Vehicle - Parked Vehicle,,CHALKSTONE AVE,LAWN ST,Yeisua Jimenez,672,2025-04-09,"Two-Way , Not Divided",Wet,Dusk,Clear,Angle (Front - to - Side) Same Direction,No,No Controls,2,0,No Injury,2,,41.83276,-71.44686
923067,2025-00024742,2025-04-09,8:20:00 AM,Vehicle - Vehicle,,CARPENTER ST,PALLAS ST,James Annis,454,2025-04-09,"Two-Way , Not Divided",Dry,Daylight,Clear,Angle (Front - to - Side) Right Angle (Includes Broadside),No,No Controls,3,0,No Injury,2,2,,
923068,2025-00024743,2025-04-09,8:19:00 AM,Vehicle - Vehicle,,CRANSTON ST,HUNTINGTON AVE,Eder Delgado,580,2025-04-09,"Two-Way, Divided, Unprotected (painted>4feet) Medium",Dry,Daylight,Clear,Rear End(Front-to-Rear),No,Traffic Control Signal,3,0,No Injury,2,,41.80353,-71.43962
923070,2025-00024740,2025-04-09,8:00:00 AM,Vehicle - Parked Vehicle,,INDIA ST,,Ptlw. Kawejsza,118,2025-04-09,"Two-Way, Divided, Unprotected (painted>4feet) Medium",Dry,Daylight,Clear,Unknown,"Yes, M/V and Driver Left Scene",No Controls,2,0,Unknown,2,,41.81759,-71.39662
923071,2025-00024766,2025-04-09,10:30:00 AM,Vehicle - Object,,BUCKLIN ST,PRINCETON AVE,Joshua Cascione,225,2025-04-09,"Two-Way , Not Divided",Dry,Daylight,Clear,Not a Collision Between Two Motor Vehicles in Transport,No,No Controls,2,0,No Injury,1,,41.80478,-71.42775
923081,2025-00024785,2025-04-09,12:18:00 PM,Vehicle - Vehicle,,OLNEY ST,OLNEY ST,Jeann Lugo,543,2025-04-09,Unknown,Dry,Daylight,Clear,Angle (Front - to - Side) Same Direction,"Yes, Driver Left Scene",No Controls,4,0,No Injury,2,,41.83513,-71.40936
923082,2025-00024829,2025-04-09,3:20:00 PM,Vehicle - Parked Vehicle,,LLOYD AVE,HOPE ST,D. Hernandez,148,2025-04-09,"Two-Way , Not Divided",Dry,Daylight,Clear,Not a Collision Between Two Motor Vehicles in Transport,"Yes, M/V and Driver Left Scene",No Controls,2,0,Unknown,2,,41.83187,-71.39883
923083,2025-00024821,2025-04-09,3:03:00 PM,Vehicle - Vehicle,,EXCHANGE TERR,STEEPLE ST,Christian Main,145,2025-04-09,"Two-Way, Divided, Unprotected (painted>4feet) Medium",Dry,Daylight,Clear,"Sideswipe, Same Direction",No,Traffic Control Signal,3,0,No Injury,2,2,,
923085,2025-00024839,2025-04-09,3:45:00 PM,Vehicle - Vehicle,,BENEFIT ST,HOWLAND ST,D. Hernandez,148,2025-04-09,One-Way Trafficway,Dry,Daylight,Clear,"Sideswipe, Same Direction","Yes, M/V and Driver Left Scene",No Controls,2,0,Unknown,2,,41.83042,-71.40886
923086,2025-00024833,2025-04-09,3:27:00 PM,Vehicle - Vehicle,,POINT ST BRG,POINT ST,Kelsey Woodbine,633,2025-04-09,"Two-Way , Not Divided",Dry,Daylight,Clear,"Sideswipe, Same Direction",No,No Controls,4,0,No Injury,2,,41.81798,-71.40371
923087,2025-00024825,2025-04-09,3:11:00 PM,Vehicle - Vehicle,,KILLINGLY ST,HARTFORD AVE,Cory Nicholls,609,2025-04-09,"Two-Way , Not Divided",Dry,Daylight,Clear,Rear End(Front-to-Rear),No,Traffic Control Signal,4,0,No Injury,2,,41.81998,-71.46893
923088,2025-00024876,2025-04-09,5:23:00 PM,Vehicle - Parked Vehicle,,HOPE ST,OLNEY ST,D. Hernandez,148,2025-04-09,Unknown,Dry,Daylight,Clear,Angle - Direction Not Specified,"Yes, M/V and Driver Left Scene",No Controls,3,0,No Injury,2,,41.83593,-71.4015
923089,2025-00024815,2025-04-09,2:39:00 PM,Vehicle - Vehicle,,Douglas/Admiral,,Mark Roman,120,2025-04-09,"Two-Way , Not Divided",Dry,Daylight,Clear,Angle (Front - to - Side) Same Direction,No,No Controls,4,0,No Injury,2,,,
923320,2025-00026746,2025-04-09,6:00:00 PM,Vehicle - Pedestrian,Pedestrian,BRANCH AVE,W RIVER ST,Jason Clancy,999,2025-04-16,"Two-Way , Not Divided",Dry,Dark - Unknown Lighting,Clear,Unknown,"Yes, M/V and Driver Left Scene",Unknown,1,1,Complains Of Pain,1,,41.84686,-71.41262
923291,2025-00024885,2025-04-09,6:00:00 PM,Vehicle - Vehicle,,CLIFFORD ST,CLAVERICK ST,Ptlw. Martinez,146,2025-04-15,One-Way Trafficway,Dry,Daylight,Clear,Rear End(Front-to-Rear),No,No Controls,4,0,No Injury,2,,,
923417,2025-00024764,2025-04-09,10:27:00 AM,Vehicle - Vehicle,,GALLATIN ST,MELROSE ST,D WILSON,123,2025-04-20,"Two-Way , Not Divided",Dry,Daylight,Clear,Angle - Direction Not Specified,No,Stop Signs,3,0,No Injury,2,,41.7949,-71.42095
923353,2025-00024765,2025-04-09,10:17:00 AM,Vehicle - Vehicle,,SILVER SPRING ST,BRANCH AVE,Kyana Williams,426,2025-04-18,"Two-Way , Not Divided",Dry,Daylight,Clear,Angle (Front - to - Side) Right Angle (Includes Broadside),No,Traffic Control Signal,2,0,No Injury,2,,41.84784,-71.41471
924263,2025-00024567,2025-04-08,3:01:00 PM,Vehicle - Vehicle,,RESERVOIR AVE,ADELAIDE AVE,Kyle Ludovici,390,2025-05-13,Unknown,Dry,Daylight,Clear,Rear End(Front-to-Rear),No,No Controls,2,0,No Injury,2,,41.79575,-71.42615
923231,2025-00024442,2025-04-08,7:26:00 AM,Vehicle - Vehicle,,Douglas Ave,Chalkstone Ave,James Annis,454,2025-04-14,"Two-Way , Not Divided",Dry,Daylight,Clear,Angle (Front - to - Side) Right Angle (Includes Broadside),No,Traffic Control Signal,3,0,No Injury,2,,41.8363,-71.42028
923223,2025-00024523,2025-04-08,12:55:00 PM,Vehicle - Parked Vehicle,,ACADEMY AVE,WISDOM AVE,Kyana Williams,426,2025-04-14,"Two-Way , Not Divided",Dry,Daylight,Clear,"Sideswipe, Same Direction",No,No Controls,2,0,No Injury,2,,41.82846,-71.4439
923227,2025-00024533,2025-04-08,1:05:00 PM,Vehicle - Parked Vehicle,,Reynolds,Baxter,Matthew Sheridan,229,2025-04-14,"Two-Way , Not Divided",Dry,Daylight,Clear,Unknown,"Yes, M/V and Driver Left Scene",No Controls,1,0,No Injury,2,,,
923186,2025-00024456,2025-04-08,8:31:00 AM,Vehicle - Vehicle,,EDDY ST,BYFIELD ST,D WILSON,123,2025-04-12,"Two-Way, Divided, Unprotected (painted>4feet) Medium",Wet,Daylight,Cloudy,Angle (Front - to - Side) Right Angle (Includes Broadside),No,No Controls,2,1,Non-Incapacitating,2,,41.79691,-71.405
923090,2025-00024613,2025-04-08,5:21:00 PM,Vehicle - Vehicle,,PAGE ST,WEYBOSSET ST,Ptlw. Martinez,146,2025-04-09,One-Way Trafficway,Dry,Daylight,Clear,"Sideswipe, Same Direction",No,No Controls,3,0,No Injury,2,,,
923030,2025-00024414,2025-04-08,1:12:00 AM,Vehicle - Parked Vehicle,,HARBORSIDE BLVD,HARBORSIDE BLVD,Carlos Gordillo Perez,144,2025-04-08,Unknown,Wet,Dark - Lighted,Rain,Rear - to - Rear,No,No Controls,3,0,No Injury,2,,41.78688,-71.39009
923041,2025-00024452,2025-04-08,8:09:00 AM,Vehicle - Vehicle,,BRIDGHAM ST,CRANSTON ST,Joshua Cascione,225,2025-04-08,"Two-Way , Not Divided",Wet,Daylight,Cloudy,Rear End(Front-to-Rear),No,Traffic Control Signal,3,0,No Injury,2,,41.81428,-71.42712
923043,2025-00024451,2025-04-08,7:58:00 AM,Vehicle - Vehicle,,Huntington Ave,PLYMOUTH ST,Manuel Vlaun,551,2025-04-08,"Two-Way , Not Divided",Dry,Daylight,Clear,Rear End(Front-to-Rear),"Yes, M/V and Driver Left Scene",No Controls,2,0,No Injury,2,,41.80116,-71.43225
923046,2025-00024459,2025-04-08,8:42:00 AM,Vehicle - Vehicle,,DAVE GAVITT WAY,BROADWAY,Joshua Cascione,225,2025-04-08,One-Way Trafficway,Wet,Daylight,Cloudy,Angle (Front - to - Side) Same Direction,No,Traffic Control Signal,4,0,No Injury,2,,41.82198,-71.41977