CrashReportId,ReportNumber,CrashDate,CrashTime,TypeOfCollision,Collision Type,StreetOrHighway,NearestIntersection,Officer,Badge,ReportDate,TypeOfRoadway,RoadSurfaceCondition,LightCondition,WeatherCondition,MannerofImpact,HitAndRun,TrafficControl,PersonCount,InjuryCount,MostSeriousInjury,NumberofVehicles,NumberOfLanes,Latitude,Longitude
923051,2025-00024489,2025-04-08,10:28:00 AM,Vehicle - Vehicle,,FRIENDSHIP ST,DORRANCE ST,Ptlw. Kawejsza,118,2025-04-08,"Two-Way, Divided, Unprotected (painted>4feet) Medium",Dry,Daylight,Cloudy,Rear End(Front-to-Rear),No,Traffic Control Signal,4,0,No Injury,2,,41.82198,-71.40948
923052,2025-00024488,2025-04-08,10:23:00 AM,Vehicle - Vehicle,,Cranston Street,MESSER ST,Mario Andrade,130,2025-04-08,"Two-Way, Divided, Positive Median Barrier",Wet,Daylight,Cloudy,Angle (Front - to - Side) Opposite Direction,No,No Controls,2,0,No Injury,2,,41.80964,-71.43344
923053,2025-00024480,2025-04-08,9:52:00 AM,Vehicle - Vehicle,,Admiral street,ADMIRAL ST EXIT,Eder Delgado,580,2025-04-08,One-Way Trafficway,Dry,Daylight,Cloudy,"Sideswipe, Same Direction","Yes, M/V and Driver Left Scene",Traffic Control Signal,2,0,No Injury,2,,41.84067,-71.41909
923055,2025-00024546,2025-04-08,1:54:00 PM,Vehicle - Vehicle,,Broadway Street,DEAN ST,Mario Andrade,130,2025-04-08,"Two-Way, Divided, Positive Median Barrier",Dry,Daylight,Clear,"Sideswipe, Same Direction",No,No Controls,5,0,No Injury,2,,41.8214,-71.42253
923056,2025-00024564,2025-04-08,2:39:00 PM,Vehicle - Vehicle,,DEAN ST,UNNAMED_42,Arthur Lima,126,2025-04-08,"Two-Way , Not Divided",Dry,Daylight,Clear,Rear End(Front-to-Rear),No,No Controls,4,0,No Injury,2,,41.83019,-71.42736
923059,2025-00024565,2025-04-08,2:48:00 PM,Vehicle - Vehicle,,WEST FOUNTAIN ST,WINTER ST,Raymond Criner,340,2025-04-08,"Two-Way , Not Divided",Dry,Daylight,Clear,Rear - to - Rear,No,Unknown,4,1,Complains Of Pain,2,,41.81882,-71.4226
923060,2025-00024561,2025-04-08,2:46:00 PM,Vehicle - Vehicle,,THURBERS AVE,BURNSIDE ST,Jose Cortorreal,604,2025-04-08,"Two-Way , Not Divided",Dry,Daylight,Clear,Angle (Front - to - Side) Right Angle (Includes Broadside),"Yes, M/V and Driver Left Scene",No Controls,6,0,No Injury,2,,41.79914,-71.40982
923061,2025-00024646,2025-04-08,7:36:00 PM,Vehicle - Vehicle,,Atwells avenue,DEAN ST,Mario Andrade,130,2025-04-08,"Two-Way, Divided, Positive Median Barrier",Dry,Dark - Lighted,Clear,"Sideswipe, Same Direction",No,No Controls,6,0,No Injury,2,,41.82339,-71.4242
923062,2025-00024586,2025-04-08,3:59:00 PM,Vehicle - Parked Vehicle,,LINWOOD AVE,DEXTER ST,Raymond Criner,340,2025-04-08,"Two-Way , Not Divided",Dry,Daylight,Clear,"Sideswipe, Same Direction",No,No Controls,2,1,Complains Of Pain,2,,41.80563,-71.43061
923063,2025-00024649,2025-04-08,7:55:00 PM,Vehicle - Vehicle,,FELIX ST,CHALKSTONE AVE,Lane,109,2025-04-08,"Two-Way , Not Divided",Dry,Dark - Lighted,Clear,Head-On (Front - to - Front),No,No Controls,2,1,Complains Of Pain,2,,41.83457,-71.42839
923064,2025-00024658,2025-04-08,8:41:00 PM,Vehicle - Vehicle,,Atwells Avenue,EUTAW ST,Mario Andrade,130,2025-04-08,"Two-Way, Divided, Positive Median Barrier",Dry,Dark - Lighted,Clear,"Sideswipe, Same Direction",No,No Controls,3,0,No Injury,2,,41.82352,-71.42591
923065,2025-00024464,2025-04-08,8:51:00 AM,Vehicle - Parked Vehicle,,ADMIRAL STREET,HAWKINS ST,Yesenia Caba,549,2025-04-09,Unknown,Dry,Daylight,Clear,Unknown,"Yes, M/V and Driver Left Scene",No Controls,1,0,No Injury,2,,41.84591,-71.42833
923137,2025-00024525,2025-04-08,12:57:00 PM,Vehicle - Vehicle,,Plainfield St,FARMINGTON AVE,Ajay Subramaniam,569,2025-04-11,"Two-Way , Not Divided",Dry,Daylight,Clear,Rear End(Front-to-Rear),"Yes, M/V and Driver Left Scene",No Controls,3,0,No Injury,2,,41.80702,-71.46417
923074,2025-00024581,2025-04-08,10:15:00 AM,Vehicle - Vehicle,,CHARLES ST,CHARLES ST,Jason Clancy,999,2025-04-09,One-Way Trafficway,Dry,Daylight,Clear,Rear End(Front-to-Rear),No,Unknown,2,0,Unknown,2,,41.8369,-71.41307
923078,2025-00024606,2025-04-08,7:20:00 AM,Vehicle - Vehicle,,CROMWELL ST,,Jason Clancy,999,2025-04-09,"Two-Way , Not Divided",Dry,Daylight,Clear,Unknown,No,Unknown,1,0,Unknown,2,,,
923079,2025-00024622,2025-04-08,12:00:00 PM,Vehicle - Parked Vehicle,,MEETING ST,BROOK ST,Jason Clancy,999,2025-04-09,"Two-Way , Not Divided",Dry,Daylight,Clear,Unknown,"Yes, M/V and Driver Left Scene",Unknown,2,0,Unknown,2,,41.82924,-71.39961
923097,2025-00024880,2025-04-08,1:50:00 PM,Vehicle - Vehicle,,DEAN ST,CARPENTER ST,Jason Clancy,999,2025-04-10,"Two-Way , Not Divided",Dry,Daylight,Clear,Angle - Direction Not Specified,"Yes, M/V and Driver Left Scene",Unknown,3,0,Unknown,2,,41.82065,-71.42193
923098,2025-00024832,2025-04-08,9:30:00 AM,Vehicle - Vehicle,,MANTON AVE,,Jason Clancy,999,2025-04-10,Unknown,Dry,Daylight,Clear,Unknown,"Yes, M/V and Driver Left Scene",Unknown,2,0,Unknown,2,,,
923099,2025-00024802,2025-04-08,9:49:00 AM,Vehicle - Vehicle,,ORMS ST EXIT 23,STATE ST,Jason Clancy,999,2025-04-10,One-Way Trafficway,Dry,Daylight,Clear,"Sideswipe, Same Direction","Yes, M/V and Driver Left Scene",Unknown,1,0,Unknown,2,,41.83485,-71.41436
923149,2025-00025331,2025-04-08,12:24:00 PM,Vehicle - Parked Vehicle,,SILVER SPRING ST,,Jason Clancy,999,2025-04-11,Unknown,Dry,Daylight,Clear,Unknown,No,No Controls,2,0,Unknown,2,,,
923075,2025-00024588,2025-04-07,9:25:00 AM,Vehicle - Parked Vehicle,,BLACKTONE ST,,Jason Clancy,999,2025-04-09,Unknown,Wet,Daylight,Cloudy,Unknown,No,Unknown,3,0,Unknown,2,,,
923092,2025-00024898,2025-04-07,10:00:00 PM,Vehicle - Pedestrian,Pedestrian,DODGE ST,LESTER ST,Colby Berciano,671,2025-04-09,One-Way Trafficway,Dry,Dark - Lighted,Clear,Angle (Front - to - Side) Same Direction,"Yes, M/V and Driver Left Scene",No Controls,2,0,No Injury,2,,41.81394,-71.42511
923031,2025-00024219,2025-04-07,8:14:00 AM,Vehicle - Parked Vehicle,,160 BROAD STREET,STEWART STREET,Flavio Tavares,371,2025-04-08,One-Way Trafficway,Wet,Daylight,Rain,Rear End(Front-to-Rear),No,No Controls,2,0,No Injury,2,,,
923040,2025-00024267,2025-04-07,12:00:00 PM,Vehicle - Vehicle,,PRAIRE AVENUE,BLACKSTONE STREET,Flavio Tavares,371,2025-04-08,One-Way Trafficway,Wet,Daylight,Cloudy,Rear End(Front-to-Rear),No,No Controls,3,0,No Injury,3,,,
923003,2025-00024194,2025-04-07,5:31:00 AM,Vehicle - Parked Vehicle,,Douglas Avenue,DOUGLAS AVE,Matthew Lombardi,674,2025-04-07,"Two-Way, Divided, Unprotected (painted>4feet) Medium",Wet,Dawn,Rain,Rear End(Front-to-Rear),No,No Controls,2,0,No Injury,2,,41.84656,-71.42962
923007,2025-00024220,2025-04-07,8:20:00 AM,Vehicle - Vehicle,,CANAL ST,SMITH ST,Joshua Cascione,225,2025-04-07,One-Way Trafficway,Wet,Daylight,Rain,Not a Collision Between Two Motor Vehicles in Transport,No,Traffic Control Signal,3,1,Complains Of Pain,2,,41.83142,-71.41134
923014,2025-00024243,2025-04-07,10:14:00 AM,Vehicle - Vehicle,,EDDY ST,JILLSON ST,Joshua Cascione,225,2025-04-07,"Two-Way , Not Divided",Wet,Daylight,Cloudy,Angle (Front - to - Side) Right Angle (Includes Broadside),No,Stop Signs,3,1,Complains Of Pain,2,,41.79173,-71.40353
923016,2025-00024237,2025-04-07,9:52:00 AM,Vehicle - Parked Vehicle,,JOHN ST,BROOK ST,Jeann Lugo,543,2025-04-07,"Two-Way , Not Divided",Wet,Daylight,Cloudy,Rear - to - Side,No,No Controls,3,0,No Injury,2,,41.82177,-71.39871
923017,2025-00024211,2025-04-07,7:58:00 AM,Vehicle - Vehicle,,Valley Street,EAGLE ST,Igor Barbosa,114,2025-04-07,"Two-Way, Divided, Unprotected (painted>4feet) Medium",Wet,Daylight,Rain,Angle (Front - to - Side) Right Angle (Includes Broadside),No,Traffic Control Signal,3,0,No Injury,2,,41.82741,-71.4364
923018,2025-00024254,2025-04-07,10:45:00 AM,Vehicle - Vehicle,,TOCKWOTTON ST,S MAIN ST,Jeann Lugo,543,2025-04-07,"Two-Way , Not Divided",Wet,Daylight,Rain,Angle (Front - to - Side) Same Direction,No,Stop Signs,2,0,No Injury,2,,41.81692,-71.4001
923019,2025-00024236,2025-04-07,1:33:00 PM,Vehicle - Vehicle,,DOYLE AVENUE,HOPE ST,Hildenise Espanol,137,2025-04-07,"Two-Way , Not Divided",Wet,Daylight,Rain,Angle (Front - to - Side) Opposite Direction,No,Traffic Control Signal,2,0,No Injury,2,,41.83877,-71.4001
923021,2025-00024306,2025-04-07,3:18:00 PM,Vehicle - Vehicle,,OAK ST,MESSER ST,Brendan O'Brien,667,2025-04-07,"Two-Way , Not Divided",Wet,Daylight,Rain,Angle (Front - to - Side) Right Angle (Includes Broadside),No,No Controls,3,0,No Injury,2,,41.81496,-71.43677
923022,2025-00024298,2025-04-07,3:13:00 PM,Vehicle - Vehicle,,WESTMINSTER ST,COLLEGE ST,Tyler Calandra,418,2025-04-07,"Two-Way , Not Divided",Wet,Daylight,Rain,Rear End(Front-to-Rear),No,No Controls,4,4,Complains Of Pain,2,,41.82528,-71.40903
923024,2025-00024367,2025-04-07,8:29:00 PM,Vehicle - Pedestrian,Pedestrian,ANGELL ST,BROOK ST,Lane,109,2025-04-07,"Two-Way , Not Divided",Wet,Dark - Not Lighted,Rain,Other,No,Traffic Control Signal,4,1,Complains Of Pain,1,,41.82821,-71.39947
923025,2025-00024323,2025-04-07,4:23:00 PM,Vehicle - Parked Vehicle,,WILLARD AVE,STANIFORD ST,Matthew Carlone,602,2025-04-07,Unknown,Wet,Daylight,Rain,"Sideswipe, Same Direction",No,No Controls,2,0,No Injury,2,,41.80872,-71.41133
923026,2025-00024296,2025-04-07,2:25:00 PM,Vehicle - Vehicle,,DEAN ST,HARRIS AVE,Colby Berciano,671,2025-04-07,"Two-Way , Not Divided",Wet,Daylight,Rain,Rear End(Front-to-Rear),No,Traffic Control Signal,2,1,Complains Of Pain,2,,41.82685,-71.42608
923027,2025-00024384,2025-04-07,10:29:00 PM,Vehicle - Vehicle,,BROAD STREET,BROAD ST,David Monteiro,613,2025-04-07,"Two-Way , Not Divided",Wet,Dark - Lighted,Rain,Rear End(Front-to-Rear),"Yes, M/V and Driver Left Scene",Stop Signs,3,0,No Injury,2,,41.81415,-71.4213
923028,2025-00024395,2025-04-07,11:56:00 PM,Vehicle - Object,,POWER ST,GANO ST,Erik Lane,109,2025-04-08,"Two-Way , Not Divided",Wet,Dark - Not Lighted,Cloudy,Not a Collision Between Two Motor Vehicles in Transport,No,No Controls,2,0,No Injury,1,,41.82393,-71.38953
923029,2025-00024195,2025-04-07,5:36:00 AM,Vehicle - Vehicle,,BAKER ST,EDDY ST,Christopher Fernandez,623,2025-04-08,"Two-Way, Divided, Unprotected (painted>4feet) Medium",Wet,Dark - Lighted,Rain,Angle (Front - to - Side) Right Angle (Includes Broadside),No,No Controls,2,0,No Injury,2,,41.79259,-71.40377
923216,2025-00024305,2025-04-07,4:00:00 PM,Vehicle - Vehicle,,Cranston St,Dexter St,Conor Fleurant,171,2025-04-13,"Two-Way , Not Divided",Dry,Daylight,Clear,Angle (Front - to - Side) Same Direction,No,No Controls,2,0,No Injury,2,2,,
923267,2025-00024271,2025-04-07,12:26:00 PM,Vehicle - Vehicle,,204 HARTFORD AVE,EXIT,D WILSON,123,2025-04-15,"Two-Way, Divided, Unprotected (painted>4feet) Medium",Wet,Daylight,Rain,"Sideswipe, Same Direction","Yes, M/V and Driver Left Scene",No Controls,2,0,No Injury,2,,41.81719,-71.44916
923015,2025-00024037,2025-04-06,12:00:00 PM,Vehicle - Pedestrian,Pedestrian,FRANCIS ST,AMERICAN EXPRESS PLZ,Jason Clancy,999,2025-04-07,"Two-Way , Not Divided",Wet,Daylight,Cloudy,Unknown,No,Unknown,3,0,No Injury,1,,41.8272,-71.41544
922982,2025-00023991,2025-04-06,4:28:00 AM,Vehicle - Vehicle,,BROADWAY,COURTLAND ST,Raleek Byfield,375,2025-04-06,"Two-Way, Divided, Unprotected (painted>4feet) Medium",Wet,Dark - Lighted,Rain,Angle (Front - to - Side) Right Angle (Includes Broadside),No,Stop Signs,5,4,Non-Incapacitating,2,,41.81936,-71.43122
922996,2025-00023220,2025-04-06,5:41:00 PM,Vehicle - Parked Vehicle,,DARTMOUTH AVE,BROAD ST,Ruben Morales,685,2025-04-06,"Two-Way , Not Divided",Dry,Daylight,Clear,Angle (Front - to - Side) Same Direction,No,No Controls,2,0,No Injury,2,,41.80849,-71.42067
922997,2025-00024051,2025-04-06,2:59:00 PM,Vehicle - Parked Vehicle,,ALLENS AVE,NEW YORK AVE,Nicholas Manfredi,343,2025-04-06,"Two-Way , Not Divided",Dry,Daylight,Clear,Rear End(Front-to-Rear),No,Traffic Control Signal,2,0,No Injury,2,,41.79107,-71.39668
923000,2025-00024135,2025-04-06,10:28:00 PM,Vehicle - Vehicle,,BROAD ST,EARLY ST,David Monteiro,613,2025-04-07,"Two-Way , Not Divided",Dry,Dark - Lighted,Clear,Angle (Front - to - Side) Right Angle (Includes Broadside),No,Stop Signs,2,0,No Injury,2,,41.79545,-71.41125
923001,2025-00024151,2025-04-06,11:03:00 PM,Vehicle - Vehicle,,RAYMOND ST,CHALKSTONE AVE,Abdiel Mendez,652,2025-04-07,"Two-Way , Not Divided",Dry,Dark - Lighted,Clear,Rear End(Front-to-Rear),No,Traffic Control Signal,4,0,No Injury,3,,41.83416,-71.43023
923002,2025-00024143,2025-04-06,10:56:00 PM,Vehicle - Vehicle,,STEEPLE ST,CANAL ST,Shaolin Herr,556,2025-04-07,"Two-Way , Not Divided",Dry,Dark - Lighted,Clear,Angle (Front - to - Side) Right Angle (Includes Broadside),"Yes, M/V and Driver Left Scene",Traffic Control Signal,4,0,No Injury,2,,41.82718,-71.40991
923042,2025-00024240,2025-04-06,1:30:00 PM,Vehicle - Parked Vehicle,,ADMIRAL ST,,Jason Clancy,999,2025-04-08,Unknown,Dry,Daylight,Cloudy,Rear - to - Side,No,Unknown,2,0,Unknown,2,,,
923045,2025-00024337,2025-04-06,1:27:00 PM,Vehicle - Parked Vehicle,,BLACKSTONE ST,,Jason Clancy,999,2025-04-08,"Two-Way , Not Divided",Dry,Daylight,Clear,Unknown,"Yes, M/V and Driver Left Scene",Unknown,1,0,Unknown,2,,,
922973,2025-00023955,2025-04-06,2:12:00 AM,Vehicle - Vehicle,,THURBERS AVE,EDDY ST,Alexandra Dzialo,616,2025-04-06,"Two-Way , Not Divided",Wet,Dark - Lighted,Clear,Angle (Front - to - Side) Right Angle (Includes Broadside),No,Traffic Control Signal,2,0,No Injury,2,,41.79994,-71.40584
922974,2025-00023954,2025-04-06,2:10:00 AM,Vehicle - Vehicle,,WESTMINSTER ST,WESTMINSTER ST EXIT,Lawrence TyHanson,684,2025-04-06,One-Way Trafficway,Wet,Dark - Lighted,Rain,Rear End(Front-to-Rear),No,No Controls,2,0,No Injury,2,,41.81577,-71.43862
922975,2025-00023932,2025-04-06,1:11:00 AM,Vehicle - Vehicle,,WEYBOSSET ST,DORRANCE ST,Kayla Facey,658,2025-04-06,"Two-Way , Not Divided",Wet,Dark - Lighted,Clear,Rear End(Front-to-Rear),"Yes, M/V and Driver Left Scene",Traffic Control Signal,2,0,No Injury,2,,41.82307,-71.41098
922977,2025-00023995,2025-04-06,5:50:00 AM,Vehicle - Vehicle,,Orms Street,HOLDEN ST,Brian Aucoin,113,2025-04-06,"Two-Way , Not Divided",Dry,Dark - Lighted,Clear,Not a Collision Between Two Motor Vehicles in Transport,No,No Controls,5,0,No Injury,4,,41.83425,-71.41887
922980,2025-00024007,2025-04-06,8:24:00 AM,Vehicle - Vehicle,,CHATHAM ST,GRAFTON ST,Albert Pereira,111,2025-04-06,"Two-Way , Not Divided",Wet,Daylight,Clear,Unknown,"Yes, M/V and Driver Left Scene",No Controls,1,0,Unknown,2,,41.8502,-71.4157
922984,2025-00024015,2025-04-06,10:19:00 AM,Vehicle - Vehicle,,Rt 10 S,Westminster St.,Damaris Sanchez,566,2025-04-06,One-Way Trafficway,Wet,Daylight,Cloudy,Rear End(Front-to-Rear),No,Traffic Control Signal,2,0,No Injury,2,,,
922985,2025-00024033,2025-04-06,12:35:00 PM,Vehicle - Vehicle,,PLAINFIELD STREET,LOWELL AVENUE,Patrolwoman Addai,513,2025-04-06,"Two-Way, Divided, Unprotected (painted>4feet) Medium",Wet,Daylight,Clear,Rear End(Front-to-Rear),"Yes, M/V and Driver Left Scene",No Controls,1,0,No Injury,2,2,,
922986,2025-00024017,2025-04-06,10:43:00 AM,Vehicle - Parked Vehicle,,SLOCUM ST,HARKNESS ST,Damaris Sanchez,566,2025-04-06,"Two-Way , Not Divided",Wet,Dawn,Cloudy,Unknown,"Yes, M/V and Driver Left Scene",No Controls,1,0,Unknown,2,,41.81709,-71.4338
922987,2025-00024036,2025-04-06,12:56:00 PM,Vehicle - Vehicle,,POINT ST,CHESTNUT ST,Ptlw. Kawejsza,118,2025-04-06,"Two-Way, Divided, Unprotected (painted>4feet) Medium",Dry,Daylight,Cloudy,Angle (Front - to - Side) Opposite Direction,No,Stop Signs,4,0,No Injury,3,,41.81626,-71.408
922988,2025-00024038,2025-04-06,1:12:00 PM,Vehicle - Vehicle,,PEMBERTON ST,AMITY ST,Michael Gammino,491,2025-04-06,"Two-Way , Not Divided",Dry,Daylight,Cloudy,Angle (Front - to - Side) Right Angle (Includes Broadside),No,Stop Signs,3,1,Complains Of Pain,2,,41.82905,-71.44551
922989,2025-00004038,2025-04-06,1:12:00 PM,Vehicle - Vehicle,,PEMBERTON ST,AMITY ST,Michael Gammino,491,2025-04-06,"Two-Way , Not Divided",Dry,Daylight,Cloudy,Angle (Front - to - Side) Right Angle (Includes Broadside),No,Stop Signs,3,1,Complains Of Pain,2,,41.82905,-71.44551
922990,2025-00024052,2025-04-06,3:04:00 PM,Vehicle - Vehicle,,SMITHFIELD AVE,NELLIE ST,Ptlm. Labutti,104,2025-04-06,"Two-Way , Not Divided",Dry,Daylight,Cloudy,Rear - to - Side,No,Traffic Control Signal,3,0,No Injury,2,,41.8568,-71.41085
922991,2025-00024050,2025-04-06,2:45:00 PM,Vehicle - Parked Vehicle,,GALLATIN ST,NIAGARA ST,Matthew Carlone,602,2025-04-06,"Two-Way , Not Divided",Dry,Daylight,Cloudy,Rear - to - Side,No,No Controls,3,0,No Injury,2,,41.79624,-71.41663
922952,2025-00023712,2025-04-05,7:15:00 AM,Vehicle - Vehicle,,ELMWOOD AVE,LINDEN AVE,Raleek Byfield,375,2025-04-05,"Two-Way, Divided, Unprotected (painted>4feet) Medium",Dry,Daylight,Clear,Rear End(Front-to-Rear),No,Traffic Control Signal,2,0,No Injury,2,,41.7861,-71.41955
922976,2025-00023900,2025-04-05,11:27:00 PM,Vehicle - Vehicle,,BROAD ST,BYFIELD ST,Adrian Francis,239,2025-04-05,"Two-Way, Divided, Unprotected (painted>4feet) Medium",Wet,Dark - Lighted,Clear,Angle (Front - to - Side) Right Angle (Includes Broadside),No,Stop Signs,4,0,No Injury,2,,41.79439,-71.40993
922964,2025-00023854,2025-04-05,7:33:00 PM,Vehicle - Vehicle,,SMITH ST,FRANCIS ST,Cassidy Simanski,132,2025-04-05,"Two-Way, Divided, Unprotected (painted>4feet) Medium",Wet,Dark - Unknown Lighting,Rain,Angle (Front - to - Side) Same Direction,"Yes, M/V and Driver Left Scene",No Controls,2,0,No Injury,2,,41.83176,-71.41564
922965,2025-00023863,2025-04-05,8:34:00 PM,Vehicle - Parked Vehicle,,ATKINS ST,REGENT AVE,Atanael Lara,129,2025-04-05,"Two-Way , Not Divided",Wet,Dark - Lighted,Rain,Angle - Direction Not Specified,No,No Controls,2,0,No Injury,2,,41.82962,-71.44284
922969,2025-00023847,2025-04-05,7:06:00 PM,Vehicle - Vehicle,,PROMENADE ST,PARK ST,Cassidy Simanski,132,2025-04-05,"Two-Way, Divided, Unprotected (painted>4feet) Medium",Wet,Dark - Lighted,Rain,Angle (Front - to - Side) Same Direction,No,Traffic Control Signal,2,0,No Injury,2,,41.82785,-71.41766
922970,2025-00023844,2025-04-05,7:11:00 PM,Vehicle - Vehicle,,DOUGLAS AVE,DOUGLAS AVE,David Palumbo,106,2025-04-05,"Two-Way , Not Divided",Wet,Dark - Lighted,Rain,Rear End(Front-to-Rear),No,No Controls,4,0,No Injury,2,,41.8437,-71.42788
922971,2025-00023868,2025-04-05,9:10:00 PM,Vehicle - Parked Vehicle,,CHARLES ST,GREELEY ST,Ptlm. Labutti,104,2025-04-05,"Two-Way , Not Divided",Wet,Dark - Lighted,Rain,"Sideswipe, Same Direction","Yes, M/V and Driver Left Scene",No Controls,1,0,Unknown,2,,41.85207,-71.42026
922972,2025-00023819,2025-04-05,5:18:00 PM,Vehicle - Vehicle,,OAKLAND AVE,CHAD BROWN ST,Ryan Fernandes,125,2025-04-05,"Two-Way, Divided, Unprotected (painted>4feet) Medium",Wet,Daylight,Clear,Angle (Front - to - Side) Same Direction,No,Stop Signs,9,1,Complains Of Pain,2,,41.8389,-71.42936
922955,2025-00023759,2025-04-05,12:35:00 PM,Vehicle - Pedestrian,Pedestrian,Cranston Street,MESSER ST,Manuel Vlaun,551,2025-04-05,"Two-Way , Not Divided",Wet,Daylight,Rain,Rear End(Front-to-Rear),No,No Controls,5,0,No Injury,2,,41.80962,-71.43346
922957,2025-00023783,2025-04-05,3:00:00 PM,Vehicle - Vehicle,,CHAD BROWN ST,ADMIRAL ST,David Palumbo,106,2025-04-05,"Two-Way , Not Divided",Wet,Daylight,Rain,Angle (Front - to - Side) Opposite Direction,No,No Controls,4,0,No Injury,2,,41.84213,-71.42138
922960,2025-00023814,2025-04-05,5:05:00 PM,Vehicle - Pedestrian,Pedestrian,RESERVOIR AVE,ADELAIDE AVE,Matthew Carlone,602,2025-04-05,"Two-Way , Not Divided",Wet,Daylight,Rain,Not a Collision Between Two Motor Vehicles in Transport,"Yes, M/V and Driver Left Scene",No Controls,1,1,Non-Incapacitating,1,,41.79553,-71.42623
922947,2025-00023632,2025-04-05,12:13:00 AM,Vehicle - Vehicle,,MANTON AVE,RARITAN AVE,Ralph Abenante,511,2025-04-05,"Two-Way, Divided, Unprotected (painted>4feet) Medium",Dry,Dark - Lighted,Clear,Angle (Front - to - Side) Right Angle (Includes Broadside),No,Stop Signs,4,2,Complains Of Pain,2,,41.82602,-71.45847
922949,2025-00023667,2025-04-05,2:10:00 AM,Vehicle - Object,,EDDY ST,ERNEST ST,Lawrence TyHanson,684,2025-04-05,"Two-Way , Not Divided",Dry,Dark - Lighted,Clear,Angle (Front - to - Side) Right Angle (Includes Broadside),No,No Controls,3,0,No Injury,1,,41.79523,-71.40454
922950,2025-00023637,2025-04-05,12:27:00 AM,Vehicle - Vehicle,,BROADWAY,SERVICE ROAD 8,Kayla Facey,658,2025-04-05,"Two-Way , Not Divided",Dry,Dark - Lighted,Clear,"Sidwswipe, Opposite Direction",No,Traffic Control Signal,4,0,No Injury,2,,41.82212,-71.41976
923049,2025-00023773,2025-04-05,1:56:00 PM,Vehicle - Vehicle,,Elmwood Ave,DIXON ST,Michelle Chasse,264,2025-04-08,"Two-Way , Not Divided",Wet,Daylight,Rain,"Sideswipe, Same Direction",No,No Controls,2,0,No Injury,2,,41.7801,-71.42023
923044,2025-00024263,2025-04-05,7:45:00 PM,Vehicle - Vehicle,,ACADEMY AVE,ATWELLS AVE,Jason Clancy,999,2025-04-08,"Two-Way , Not Divided",Dry,Dark - Unknown Lighting,Clear,Rear End(Front-to-Rear),"Yes, M/V and Driver Left Scene",Unknown,4,1,Complains Of Pain,2,,41.82478,-71.4434
922993,2025-00023872,2025-04-05,9:29:00 PM,Vehicle - Vehicle,,POTTERS AVE,PRAIRIE AVE,Matthew Carlone,602,2025-04-06,"Two-Way , Not Divided",Wet,Dark - Lighted,Rain,Angle (Front - to - Side) Right Angle (Includes Broadside),No,Stop Signs,2,0,No Injury,2,,41.80409,-71.41419
922999,2025-00023860,2025-04-05,8:22:00 PM,Vehicle - Vehicle,,EXCHANGE ST,STILLMAN ST,Michael Duffy,354,2025-04-06,"Two-Way , Not Divided",Dry,Dark - Lighted,Clear,Angle (Front - to - Side) Same Direction,No,No Controls,3,0,No Injury,2,,41.82778,-71.41276
923011,2025-00023833,2025-04-05,5:05:00 PM,Vehicle - Vehicle,,UNION AVE,ALTHEA ST,Jason Clancy,999,2025-04-07,Unknown,Dry,Daylight,Clear,"Sideswipe, Same Direction","Yes, M/V and Driver Left Scene",Unknown,2,0,Unknown,2,,41.80933,-71.43823
923013,2025-00024012,2025-04-05,5:40:00 PM,Vehicle - Parked Vehicle,,BATTEY ST,WASHINGTON ST,Jason Clancy,999,2025-04-07,"Two-Way , Not Divided",Dry,Dusk,Clear,Unknown,"Yes, M/V and Driver Left Scene",Unknown,1,0,Unknown,2,,41.81794,-71.42472
923171,2025-00023892,2025-04-05,11:05:00 PM,Vehicle - Vehicle,,W EXCHANGE ST,BRAYTON AVE,Hector Viruet,614,2025-04-12,"Two-Way , Not Divided",Wet,Dark - Lighted,Rain,Rear End(Front-to-Rear),No,No Controls,5,0,No Injury,2,,41.82549,-71.4241
924111,2025-00033230,2025-04-05,12:30:00 PM,Vehicle - Vehicle,,N MAIN ST,,Jason Clancy,999,2025-05-09,Unknown,Dry,Daylight,Clear,Rear - to - Side,No,Unknown,3,0,Unknown,2,,,
923971,2025-00023476,2025-04-04,3:16:00 PM,Vehicle - Pedestrian,Scooter,ADELAIDE AVE/ ELMWOOD AVE,ADELAIDE AVE,Andrew Mitura,605,2025-05-05,"Two-Way , Not Divided",Dry,Daylight,Clear,Other,"Yes, M/V and Driver Left Scene",No Controls,2,1,Complains Of Pain,1,,41.79586,-71.4251
923076,2025-00023452,2025-04-04,2:08:00 PM,Vehicle - Vehicle,,EAGLE ST,KINSLEY AVE,Gustavo Genao,135,2025-04-09,"Two-Way , Not Divided",Dry,Daylight,Clear,"Sideswipe, Same Direction",No,Traffic Control Signal,2,0,No Injury,2,,41.82652,-71.43572
923010,2025-00023717,2025-04-04,,Vehicle - Parked Vehicle,,EDDY ST,,Jason Clancy,999,2025-04-07,Unknown,Dry,Daylight,Clear,Unknown,No,Unknown,2,0,Unknown,2,,,
923005,2025-00024218,2025-04-04,4:20:00 PM,Vehicle - Pedestrian,Pedestrian,ELMWOOD AVE,ELMWOOD AVE,Jason Clancy,999,2025-04-07,"Two-Way , Not Divided",Dry,Daylight,Clear,Angle (Front - to - Side) Same Direction,No,Unknown,12,0,Unknown,1,,41.80999,-71.42398