CrashReportId,ReportNumber,CrashDate,CrashTime,TypeOfCollision,Collision Type,StreetOrHighway,NearestIntersection,Officer,Badge,ReportDate,TypeOfRoadway,RoadSurfaceCondition,LightCondition,WeatherCondition,MannerofImpact,HitAndRun,TrafficControl,PersonCount,InjuryCount,MostSeriousInjury,NumberofVehicles,NumberOfLanes,Latitude,Longitude
922983,2025-00023360,2025-04-04,8:07:00 AM,Vehicle - Vehicle,,DYER ST,DORRANCE PLZ,Lucio Andreozzi,381,2025-04-06,"Two-Way, Divided, Unprotected (painted>4feet) Medium",Dry,Daylight,Clear,"Sideswipe, Same Direction",No,Traffic Control Signal,3,0,No Injury,2,,41.82098,-71.40841
923073,2025-00024536,2025-04-04,7:03:00 PM,Vehicle - Vehicle,,VANDEWATER ST,GLASGOW ST,Jason Clancy,999,2025-04-09,"Two-Way , Not Divided",Dry,Dark - Unknown Lighting,Clear,Rear End(Front-to-Rear),"Yes, M/V and Driver Left Scene",Unknown,2,0,Unknown,2,2,41.85066,-71.43201
923328,2025-00023467,2025-04-04,4:00:00 PM,Vehicle - Vehicle,,99 Ford Street,Cranston Street,Conor Fleurant,171,2025-04-16,"Two-Way , Not Divided",Dry,Daylight,Clear,"Sidwswipe, Opposite Direction",No,No Controls,2,0,No Injury,2,2,,
922948,2025-00023480,2025-04-04,3:53:00 PM,Vehicle - Vehicle,,BROADWAY,EMPIRE ST,Cassidy Simanski,132,2025-04-04,"Two-Way, Divided, Unprotected (painted>4feet) Medium",Dry,Daylight,Clear,Rear End(Front-to-Rear),No,Traffic Control Signal,6,1,Fatal,2,,41.82257,-71.41748
922916,2025-00023364,2025-04-04,8:49:00 AM,Vehicle - Vehicle,,PINE STREET,STEWART ST,Hildenise Espanol,137,2025-04-04,"Two-Way , Not Divided",Dry,Daylight,Clear,Angle (Front - to - Side) Opposite Direction,"Yes, M/V and Driver Left Scene",Stop Signs,1,1,Complains Of Pain,2,,41.81549,-71.4167
922917,2025-00023354,2025-04-04,8:06:00 AM,Vehicle - Vehicle,,FRIENDSHIP ST,DORRANCE ST,Darren Hull,598,2025-04-04,One-Way Trafficway,Dry,Daylight,Clear,Rear - to - Side,No,No Controls,2,0,No Injury,2,,41.82187,-71.40958
922943,2025-00023584,2025-04-04,8:57:00 PM,Vehicle - Vehicle,,GANO ST,WILLIAMS ST,D. Hernandez,148,2025-04-04,"Two-Way , Not Divided",Dry,Dark - Lighted,Clear,Angle (Front - to - Side) Opposite Direction,No,No Controls,3,0,Unknown,2,,41.82285,-71.38996
922944,2025-00023543,2025-04-04,7:21:00 PM,Vehicle - Vehicle,,CEDAR ST,BRADFORD ST,Sean Cooney,523,2025-04-04,"Two-Way , Not Divided",Dry,Dusk,Clear,Angle (Front - to - Side) Right Angle (Includes Broadside),No,Stop Signs,3,0,No Injury,2,,41.82459,-71.42161
922946,2025-00023601,2025-04-04,9:48:00 PM,Vehicle - Object,,AMITY ST,PEMBERTON ST,Saramarie Cerullo,151,2025-04-04,"Two-Way , Not Divided",Dry,Daylight,Clear,Not a Collision Between Two Motor Vehicles in Transport,"Yes, M/V and Driver Left Scene",No Controls,0,0,Unknown,1,,41.82905,-71.44548
922923,2025-00023400,2025-04-04,9:30:00 AM,Vehicle - Vehicle,,ORMS ST,DOUGLAS AVE,Jason Clancy,999,2025-04-04,"Two-Way , Not Divided",Dry,Daylight,Clear,Rear End(Front-to-Rear),"Yes, M/V and Driver Left Scene",Unknown,3,1,Complains Of Pain,2,,41.8347,-71.41607
922924,2025-00023466,2025-04-04,2:50:00 PM,Vehicle - Vehicle,,JOSLIN ST,ATWELLS AVE,Terrence Gibson,610,2025-04-04,"Two-Way , Not Divided",Dry,Daylight,Clear,Rear End(Front-to-Rear),"Yes, M/V and Driver Left Scene",No Controls,2,0,No Injury,2,,41.82488,-71.44665
922925,2025-00023472,2025-04-04,3:00:00 PM,Vehicle - Parked Vehicle,,Marlborough ST,BROAD ST,Gerry Kue,393,2025-04-04,"Two-Way , Not Divided",Dry,Daylight,Clear,"Sideswipe, Same Direction",No,Stop Signs,3,0,No Injury,2,,41.80575,-71.41979
922926,2025-00023485,2025-04-04,4:00:00 PM,Vehicle - Vehicle,,MALBONE ST,EATON ST,Christopher Hines,537,2025-04-04,"Two-Way , Not Divided",Dry,Daylight,Clear,Rear - to - Side,No,Traffic Control Signal,5,1,Complains Of Pain,2,,41.84092,-71.42761
922927,2025-00023488,2025-04-04,4:13:00 PM,Vehicle - Vehicle,,N MAIN ST,OLNEY ST,Jared Guiot,608,2025-04-04,"Two-Way, Divided, Positive Median Barrier",Dry,Daylight,Clear,Rear End(Front-to-Rear),"Yes, M/V and Driver Left Scene",No Controls,1,0,No Injury,2,,41.83621,-71.40968
922928,2025-00023527,2025-04-04,5:57:00 PM,Vehicle - Vehicle,,Chalkstone Avenue,BILTMORE AVE,Atanael Lara,129,2025-04-04,"Two-Way , Not Divided",Dry,Daylight,Clear,Rear End(Front-to-Rear),No,No Controls,2,0,No Injury,2,,41.83292,-71.43759
922931,2025-00023505,2025-04-04,4:37:00 PM,Vehicle - Parked Vehicle,,THURBERS AVE,ALLENS AVE,Nicholas Manfredi,343,2025-04-04,One-Way Trafficway,Dry,Daylight,Clear,Rear End(Front-to-Rear),No,Yield Signs,2,1,Complains Of Pain,2,,41.80078,-71.40048
922935,2025-00023526,2025-04-04,6:29:00 PM,Vehicle - Vehicle,,GLENBRIDGE AVE,MANTON AVE,Terrence Gibson,610,2025-04-04,"Two-Way , Not Divided",Dry,Daylight,Clear,Angle (Front - to - Side) Right Angle (Includes Broadside),No,No Controls,4,3,Complains Of Pain,2,,41.82589,-71.45829
922936,2025-00023533,2025-04-04,6:19:00 PM,Vehicle - Vehicle,,ANGELL ST,HOPE ST,D. Hernandez,148,2025-04-04,One-Way Trafficway,Dry,Daylight,Clear,Angle (Front - to - Side) Same Direction,No,No Controls,3,0,Unknown,2,,41.82832,-71.39829
922937,2025-00023555,2025-04-04,7:24:00 PM,Vehicle - Vehicle,,HAWKINS ST,BRANCH AVE,Ptlm. Labutti,104,2025-04-04,"Two-Way , Not Divided",Dry,Dark - Lighted,Clear,Angle (Front - to - Side) Right Angle (Includes Broadside),No,Traffic Control Signal,3,0,No Injury,2,,41.8509,-71.42142
922939,2025-00023511,2025-04-04,5:13:00 PM,Vehicle - Vehicle,,SMITH ST,MOUNT PLEASANT AVE,Robert Gaudiana,579,2025-04-04,"Two-Way , Not Divided",Dry,Daylight,Clear,Rear End(Front-to-Rear),No,Traffic Control Signal,4,0,No Injury,2,,41.84773,-71.45548
922940,2025-00023580,2025-04-04,8:49:00 PM,Vehicle - Vehicle,,SMITH ST,GENTIAN AVE,Jessenia Montano,149,2025-04-04,"Two-Way, Divided, Unprotected (painted>4feet) Medium",Dry,Dark - Lighted,Clear,Rear End(Front-to-Rear),No,Traffic Control Signal,3,0,No Injury,2,,41.84588,-71.45149
922941,2025-00023574,2025-04-04,8:26:00 PM,Vehicle - Vehicle,,BRANCH AVE,LANGDON ST,Tyler Calandra,418,2025-04-04,"Two-Way , Not Divided",Dry,Daylight,Clear,Rear End(Front-to-Rear),"Yes, M/V and Driver Left Scene",No Controls,2,1,Complains Of Pain,2,,41.85213,-71.42427
922919,2025-00023392,2025-04-04,10:36:00 AM,Vehicle - Vehicle,,NORTH MAIN STREET4,SMITHFIELD AVENUE,Joseph Madeira,552,2025-04-04,"Two-Way, Divided, Positive Median Barrier",Dry,Daylight,Clear,Rear End(Front-to-Rear),"Yes, M/V and Driver Left Scene",Traffic Control Signal,2,0,No Injury,2,,41.83413,-71.4166
922961,2025-00023569,2025-04-04,7:43:00 PM,Vehicle - Parked Vehicle,,HARTFORD AVE,HARTFORD AVE,Alexander Frias,669,2025-04-05,"Two-Way , Not Divided",Wet,Dark - Not Lighted,Clear,Angle (Front - to - Side) Opposite Direction,"Yes, M/V and Driver Left Scene",No Controls,2,0,No Injury,2,,41.81858,-71.45874
922962,2025-00023614,2025-04-04,11:22:00 PM,Vehicle - Parked Vehicle,,WESTMINSTER ST,EMPIRE ST,Alexander Frias,669,2025-04-05,"Two-Way , Not Divided",Wet,Dark - Lighted,Clear,"Sideswipe, Same Direction","Yes, M/V and Driver Left Scene",No Controls,2,0,No Injury,2,2,41.82097,-71.41532
922963,2025-00023547,2025-04-04,7:19:00 PM,Vehicle - Parked Vehicle,,ABBOTT STREET,KNOWLES ST,Ricardo Sanchez,632,2025-04-05,"Two-Way , Not Divided",Dry,Dark - Lighted,Clear,"Sidwswipe, Opposite Direction",No,No Controls,2,0,No Injury,2,2,41.84275,-71.40623
922958,2025-00023517,2025-04-04,5:24:00 PM,Vehicle - Parked Vehicle,,POTTERS AVE,CRANSTON ST,Peyton Ginolfi,657,2025-04-05,"Two-Way , Not Divided",Dry,Daylight,Clear,Rear - to - Rear,No,No Controls,2,0,No Injury,2,,41.80496,-71.43755
922959,2025-00023520,2025-04-04,5:37:00 PM,Vehicle - Vehicle,,CRANSTON ST,DODGE ST,Peyton Ginolfi,657,2025-04-05,"Two-Way , Not Divided",Dry,Daylight,Clear,Angle (Front - to - Side) Same Direction,No,No Controls,3,0,No Injury,2,,41.81468,-71.4257
922953,2025-00023404,2025-04-04,11:17:00 AM,Vehicle - Vehicle,,Wildwood Ave,LOUIS AVE,Michelle Chasse,264,2025-04-05,"Two-Way , Not Divided",Dry,Daylight,Clear,"Sideswipe, Same Direction",No,No Controls,4,0,No Injury,2,,41.79047,-71.42709
922954,2025-00023478,2025-04-04,3:41:00 PM,Vehicle - Vehicle,,VALLEY ST,JEWETT ST,Ryan Fernandes,125,2025-04-05,"Two-Way, Divided, Unprotected (painted>4feet) Medium",Dry,Daylight,Clear,Angle (Front - to - Side) Same Direction,No,Stop Signs,3,0,No Injury,2,,41.83221,-71.42769
922992,2025-00023556,2025-04-04,7:45:00 PM,Vehicle - Vehicle,,RALPH STREET,WHITTIER AVE,Marco Figueroa,110,2025-04-06,"Two-Way , Not Divided",Dry,Dark - Lighted,Clear,Rear End(Front-to-Rear),No,No Controls,2,0,No Injury,3,,41.81392,-71.45362
922979,2025-00023061,2025-04-03,8:18:00 AM,Vehicle - Vehicle,,POINT ST,HOPPIN ST,Ptlw. Kawejsza,118,2025-04-06,One-Way Trafficway,Dry,Daylight,Clear,Rear End(Front-to-Rear),No,Traffic Control Signal,3,0,No Injury,2,,41.81517,-71.41152
922920,2025-00023059,2025-04-03,8:08:00 AM,Vehicle - Parked Vehicle,,PIKE ST,BROOK ST,George Pereira,421,2025-04-04,"Two-Way , Not Divided",Wet,Daylight,Rain,Rear - to - Side,No,No Controls,3,0,No Injury,2,,41.81889,-71.39851
922909,2025-00023259,2025-04-03,7:42:00 PM,Vehicle - Vehicle,,EDDY ST,CALIFORNIA AVE,Kyle Ludovici,390,2025-04-03,"Two-Way , Not Divided",Dry,Daylight,Clear,Angle (Front - to - Side) Opposite Direction,No,No Controls,4,0,No Injury,2,,41.78813,-71.40257
922911,2025-00023210,2025-04-03,5:17:00 PM,Vehicle - Vehicle,,ELMWOOD AVE,POTTERS AVE,Ruben Morales,685,2025-04-03,"Two-Way , Not Divided",Wet,Daylight,Clear,Rear End(Front-to-Rear),No,Traffic Control Signal,3,0,No Injury,2,,41.80112,-71.42645
922913,2025-00023293,2025-04-03,11:01:00 PM,Vehicle - Vehicle,,EXIT 22A (RT ),FRANCIS ST,Alberto DaCruz,205,2025-04-04,One-Way Trafficway,Dry,Dark - Lighted,Cloudy,"Sideswipe, Same Direction",No,Traffic Control Signal,3,0,No Injury,2,,41.82576,-71.41529
922914,2025-00023156,2025-04-03,2:09:00 PM,Vehicle - Parked Vehicle,,Broadway Street,VINTON ST,Mario Andrade,130,2025-04-04,"Two-Way, Divided, Positive Median Barrier",Dry,Daylight,Clear,"Sideswipe, Same Direction",No,No Controls,2,0,No Injury,2,,41.82007,-71.42822
922894,2025-00023135,2025-04-03,1:12:00 PM,Vehicle - Object,,HEATH ST,EASTWOOD AVE,Joshua Cascione,225,2025-04-03,"Two-Way , Not Divided",Wet,Daylight,Cloudy,Not a Collision Between Two Motor Vehicles in Transport,No,No Controls,1,1,Complains Of Pain,1,,41.81604,-71.4501
922895,2025-00023120,2025-04-03,12:19:00 PM,Vehicle - Parked Vehicle,,1303 N MAIN ST,N MAIN ST,Jeann Lugo,543,2025-04-03,Unknown,Wet,Daylight,Rain,Rear - to - Rear,"Yes, M/V and Driver Left Scene",No Controls,1,1,Complains Of Pain,2,,41.85598,-71.3998
922896,2025-00023162,2025-04-03,2:56:00 PM,Vehicle - Vehicle,,Fruithill Avenue,Manton Avenue,Robert Raso,606,2025-04-03,"Two-Way , Not Divided",Wet,Daylight,Clear,Angle (Front - to - Side) Opposite Direction,No,No Controls,2,1,Complains Of Pain,2,,,
922897,2025-00023167,2025-04-03,3:04:00 PM,Vehicle - Vehicle,,ORMS ST,CHARLES ST,Kelsey Woodbine,633,2025-04-03,"Two-Way, Divided, Positive Median Barrier",Wet,Daylight,Cloudy,Angle (Front - to - Side) Right Angle (Includes Broadside),No,No Controls,3,0,No Injury,2,3,41.83488,-71.41162
922904,2025-00023194,2025-04-03,4:23:00 PM,Vehicle - Vehicle,,OLNEYVILLE SQ,MANTON AVE,Raymond Criner,340,2025-04-03,"Two-Way , Not Divided",Dry,Daylight,Clear,Angle (Front - to - Side) Right Angle (Includes Broadside),"Yes, M/V and Driver Left Scene",Pavement Markings,3,2,Complains Of Pain,2,,41.81676,-71.4432
922905,2025-00023193,2025-04-03,4:16:00 PM,Vehicle - Vehicle,,PAOLINO ST,KILLINGLY ST,Alexander Frias,669,2025-04-03,"Two-Way , Not Divided",Dry,Daylight,Cloudy,Angle (Front - to - Side) Right Angle (Includes Broadside),No,No Controls,2,0,No Injury,2,,41.81798,-71.46774
922906,2025-00023192,2025-04-03,4:11:00 PM,Vehicle - Vehicle,,SMITHFIELD AVENUE,SMITHFIELD AVE,Ricardo Sanchez,632,2025-04-03,"Two-Way , Not Divided",Dry,Daylight,Clear,Rear End(Front-to-Rear),No,No Controls,3,0,No Injury,2,2,41.85435,-71.40376
922907,2025-00023253,2025-04-03,7:14:00 PM,Vehicle - Parked Vehicle,,317 IRON HORSE WAY,,Tyler Cargill,619,2025-04-03,Unknown,Wet,Daylight,Clear,Unknown,"Yes, M/V and Driver Left Scene",No Controls,1,0,No Injury,2,,,
922878,2025-00023008,2025-04-03,12:10:00 AM,Vehicle - Vehicle,,ELMWOOD AVE,ADELAIDE AVE,Lane,109,2025-04-03,"Two-Way, Divided, Positive Median Barrier",Wet,Dark - Lighted,Rain,Angle (Front - to - Side) Right Angle (Includes Broadside),No,Traffic Control Signal,4,0,No Injury,2,,41.79589,-71.425
922879,2025-00023010,2025-04-03,12:14:00 AM,Vehicle - Vehicle,,CHARLES ST,BRANCH AVE,Abdiel Mendez,652,2025-04-03,"Two-Way , Not Divided",Wet,Dark - Not Lighted,Rain,Head-On (Front - to - Front),"Yes, M/V and Driver Left Scene",Traffic Control Signal,1,0,No Injury,2,,41.85026,-71.41998
922880,2025-00023011,2025-04-03,12:23:00 AM,Vehicle - Vehicle,,ROSE AVE,LINDEN AVE,Lucas Ramalho,507,2025-04-03,"Two-Way , Not Divided",Wet,Dark - Lighted,Rain,Unknown,"Yes, M/V and Driver Left Scene",Stop Signs,1,1,Complains Of Pain,2,,41.78431,-71.41807
922881,2025-00023047,2025-04-03,6:56:00 AM,Vehicle - Vehicle,,ELMWOOD AVE,LINDEN AVE (RW PARK ENTRANCE),Joshua Cascione,225,2025-04-03,"Two-Way, Divided, Positive Median Barrier",Wet,Daylight,Rain,Angle (Front - to - Side) Right Angle (Includes Broadside),No,Traffic Control Signal,2,2,Complains Of Pain,2,,41.78611,-71.41956
922882,2025-00023056,2025-04-03,7:59:00 AM,Vehicle - Parked Vehicle,,100 BROAD ST,BROAD ST,Joshua Cascione,225,2025-04-03,"Two-Way , Not Divided",Wet,Daylight,Rain,"Sideswipe, Same Direction","Yes, M/V and Driver Left Scene",No Controls,1,0,No Injury,2,,,
922888,2025-00023082,2025-04-03,9:48:00 AM,Vehicle - Parked Vehicle,,UNION AVE,PRISCILLA AVE,Damaris Sanchez,566,2025-04-03,"Two-Way , Not Divided",Wet,Daylight,Cloudy,"Sideswipe, Same Direction","Yes, M/V and Driver Left Scene",No Controls,1,0,Unknown,2,,41.80772,-71.44413
922889,2025-00023104,2025-04-03,11:22:00 AM,Vehicle - Vehicle,,SORRENTO ST,LINWOOD AVE,Joshua Cascione,225,2025-04-03,"Two-Way , Not Divided",Wet,Daylight,Cloudy,Angle (Front - to - Side) Right Angle (Includes Broadside),No,Stop Signs,4,1,Complains Of Pain,3,,41.80786,-71.43737
922891,2025-00023121,2025-04-03,12:25:00 PM,Vehicle - Vehicle,,OAKLAND AVE,CHALKSTONE AVE,Joshua Cascione,225,2025-04-03,"Two-Way , Not Divided",Wet,Daylight,Cloudy,Rear End(Front-to-Rear),No,No Controls,2,0,No Injury,2,,41.83465,-71.43029
922892,2025-00023127,2025-04-03,12:33:00 PM,Vehicle - Vehicle,,RAYMOND ST,CHALKSTONE AVE,Joshua Cascione,225,2025-04-03,"Two-Way , Not Divided",Wet,Daylight,Cloudy,Rear End(Front-to-Rear),No,No Controls,3,0,No Injury,2,,41.83339,-71.42995
922995,2025-00023166,2025-04-03,3:06:00 PM,Vehicle - Vehicle,,ANGELL ST,IVES ST,Luis Pelaez,336,2025-04-06,One-Way Trafficway,Dry,Daylight,Cloudy,Angle (Front - to - Side) Right Angle (Includes Broadside),No,No Controls,2,0,No Injury,2,,41.82917,-71.39313
923008,2025-00023494,2025-04-03,12:55:00 PM,Vehicle - Parked Vehicle,,EDDY ST,,Jason Clancy,999,2025-04-07,Unknown,Dry,Daylight,Clear,Rear - to - Side,No,Unknown,2,0,Unknown,2,,,
923009,2025-00023186,2025-04-03,3:56:00 PM,Vehicle - Vehicle,,BROAD ST,BROAD ST,Jason Clancy,999,2025-04-07,"Two-Way , Not Divided",Dry,Daylight,Clear,"Sideswipe, Same Direction","Yes, M/V and Driver Left Scene",Unknown,5,0,Unknown,2,,41.80952,-71.42094
923080,2025-00023075,2025-04-03,9:20:00 AM,Vehicle - Vehicle,,101 DUDLEY ST,GAY ST,D WILSON,123,2025-04-09,"Two-Way, Divided, Unprotected (painted>4feet) Medium",Wet,Daylight,Rain,Rear End(Front-to-Rear),No,No Controls,3,0,No Injury,2,,41.81004,-71.41283
922893,2025-00022862,2025-04-02,2:04:00 PM,Vehicle - Vehicle,,HUMBOLDT AVE,ELMGROVE AVE,George Pereira,421,2025-04-03,"Two-Way , Not Divided",Dry,Daylight,Clear,"Sideswipe, Same Direction","Yes, M/V and Driver Left Scene",Stop Signs,2,0,No Injury,2,,41.83144,-71.38987
922890,2025-00023092,2025-04-02,1:00:00 PM,Vehicle - Vehicle,,ARMSTRONG AVE,THOMPSON ST,Jason Clancy,999,2025-04-03,"Two-Way , Not Divided",Dry,Daylight,Clear,Angle (Front - to - Side) Right Angle (Includes Broadside),No,Unknown,3,0,Unknown,2,,41.81907,-71.39684
922886,2025-00022802,2025-04-02,10:48:00 AM,Vehicle - Parked Vehicle,,15 Sussex Street,LONGMONT ST,Ryan Anderson,107,2025-04-03,"Two-Way , Not Divided",Dry,Daylight,Clear,"Sideswipe, Same Direction","Yes, M/V and Driver Left Scene",No Controls,4,0,Unknown,2,,41.84548,-71.42437
922883,2025-00022838,2025-04-02,1:06:00 PM,Vehicle - Vehicle,,CALIFORNIA AVE,EDDY ST,Victor Tavarez,564,2025-04-03,"Two-Way , Not Divided",Dry,Daylight,Clear,Angle (Front - to - Side) Right Angle (Includes Broadside),No,No Controls,3,0,No Injury,2,,41.78828,-71.40178
922870,2025-00022879,2025-04-02,3:04:00 PM,Vehicle - Parked Vehicle,,BROOK ST,CHARLESFIELD ST,Luis Pelaez,336,2025-04-02,"Two-Way , Not Divided",Dry,Daylight,Clear,"Sideswipe, Same Direction","Yes, M/V and Driver Left Scene",No Controls,2,0,No Injury,2,2,41.82429,-71.39888
922871,2025-00022877,2025-04-02,2:39:00 PM,Vehicle - Parked Vehicle,,ROCHAMBEAU AVENUE,HOPE ST,Ricardo Sanchez,632,2025-04-02,"Two-Way , Not Divided",Dry,Daylight,Clear,Not a Collision Between Two Motor Vehicles in Transport,"Yes, M/V and Driver Left Scene",No Controls,1,0,No Injury,2,2,41.84689,-71.39666
922872,2025-00022925,2025-04-02,5:08:00 PM,Vehicle - Vehicle,,DORA ST,SHAFTER ST,Alexander Frias,669,2025-04-02,"Two-Way , Not Divided",Dry,Daylight,Clear,Angle - Direction Not Specified,"Yes, M/V and Driver Left Scene",No Controls,1,0,No Injury,2,,41.80732,-71.45116
922873,2025-00022939,2025-04-02,5:52:00 PM,Vehicle - Vehicle,,MORTON ST,EDDY ST,Kyle Ludovici,390,2025-04-02,"Two-Way , Not Divided",Dry,Daylight,Clear,"Sidwswipe, Opposite Direction",No,No Controls,3,0,No Injury,2,,41.78931,-71.404
922874,2025-00022958,2025-04-02,7:02:00 PM,Vehicle - Vehicle,,150 DOUGLAS AVE,CHALKSTONE AVE,David Palumbo,106,2025-04-02,"Two-Way , Not Divided",Dry,Dark - Lighted,Clear,Rear End(Front-to-Rear),No,No Controls,4,0,No Injury,2,,41.83648,-71.42065
922875,2025-00022897,2025-04-02,4:11:00 PM,Vehicle - Vehicle,,PLAIN ST,POINT ST,Ruben Morales,685,2025-04-02,One-Way Trafficway,Dry,Daylight,Clear,Rear End(Front-to-Rear),No,Traffic Control Signal,2,1,Complains Of Pain,2,,41.81496,-71.41386
922849,2025-00022807,2025-04-02,10:59:00 AM,Vehicle - Vehicle,,EDDY ST,OXFORD ST,Joshua Cascione,225,2025-04-02,"Two-Way , Not Divided",Dry,Daylight,Clear,Rear End(Front-to-Rear),No,Stop Signs,2,0,No Injury,2,,41.80286,-71.40662
922850,2025-00022772,2025-04-02,11:09:00 AM,Vehicle - Vehicle,,REGENT AVE,ACADEMY AVE,Yesenia Caba,549,2025-04-02,"Two-Way , Not Divided",Dry,Daylight,Clear,"Sideswipe, Same Direction",No,No Controls,4,0,No Injury,2,,41.82929,-71.444
922851,2025-00022778,2025-04-02,8:29:00 AM,Vehicle - Vehicle,,DIKE ST/BOUGH ST,BOUGH ST,Gabrielle O'Loughlin,680,2025-04-02,One-Way Trafficway,Dry,Daylight,Clear,Angle (Front - to - Side) Same Direction,No,Stop Signs,3,1,Complains Of Pain,2,,41.81568,-71.44202
922863,2025-00022672,2025-04-02,3:45:00 PM,Vehicle - Vehicle,,GLENBRIDGE AVE,RICHLAND ST,Matthew LeClerc,180,2025-04-02,"Two-Way , Not Divided",Dry,Daylight,Clear,Rear End(Front-to-Rear),No,No Controls,7,0,No Injury,2,2,41.824,-71.45978
922867,2025-00022896,2025-04-02,4:09:00 PM,Vehicle - Vehicle,,BRANCH AVE,BURLEIGH ST,Mark Roman,120,2025-04-02,"Two-Way , Not Divided",Dry,Daylight,Clear,Other,"Yes, M/V and Driver Left Scene",No Controls,3,0,Unknown,3,,41.85461,-71.4336
922908,2025-00022969,2025-04-02,8:00:00 PM,Vehicle - Vehicle,,EXIT (RT 6),BROADWAY,Kelsa Heron,133,2025-04-03,"Two-Way , Not Divided",Dry,Dark - Lighted,Clear,Rear End(Front-to-Rear),"Yes, M/V and Driver Left Scene",No Controls,3,0,No Injury,2,,41.8219,-71.42047
922877,2025-00022983,2025-04-02,9:34:00 PM,Vehicle - Parked Vehicle,,177 atwells ave,,Tyler Cargill,619,2025-04-02,"Two-Way , Not Divided",Dry,Dark - Lighted,Clear,Other,"Yes, M/V and Driver Left Scene",No Controls,2,0,No Injury,2,,,
922951,2025-00022493,2025-04-01,9:10:00 AM,Vehicle - Vehicle,,PARK ROW WEST,AMERICAN EXPRESS PLZ,Lucio Andreozzi,381,2025-04-05,"Two-Way, Divided, Unprotected (painted>4feet) Medium",Dry,Daylight,Clear,"Sideswipe, Same Direction",No,Stop Signs,4,0,No Injury,2,,41.829,-71.41234
922833,2025-00022692,2025-04-01,8:45:00 PM,Vehicle - Vehicle,,CHALKSTONE AVE,FALLON AVE,Lane,109,2025-04-01,"Two-Way , Not Divided",Dry,Dark - Lighted,Clear,Other,No,No Controls,5,1,Complains Of Pain,2,,41.83233,-71.44314
922834,2025-00022637,2025-04-01,4:28:00 PM,Vehicle - Vehicle,,BROAD ST,BROAD ST,Kyle Ludovici,390,2025-04-01,"Two-Way , Not Divided",Dry,Daylight,Clear,"Sideswipe, Same Direction","Yes, M/V and Driver Left Scene",No Controls,1,0,No Injury,2,,41.79892,-71.41556
922841,2025-00022720,2025-04-01,11:17:00 PM,Vehicle - Parked Vehicle,,CHALKSTONE AVE,WALLER ST,Erik Lane,109,2025-04-02,Unknown,Dry,Dark - Lighted,Clear,Angle (Front - to - Side) Same Direction,No,No Controls,3,0,No Injury,2,,41.8326,-71.4508
922845,2025-00022665,2025-04-01,1:50:00 PM,Vehicle - Parked Vehicle,,DUDLEY ST,,Jason Clancy,999,2025-04-02,Unknown,Dry,Daylight,Clear,Unknown,"Yes, M/V and Driver Left Scene",Unknown,2,0,Unknown,2,,,
922887,2025-00022784,2025-04-01,9:07:00 AM,Vehicle - Vehicle,,685 BROAD STREET,PRINCETON AVENUE,Flavio Tavares,371,2025-04-03,"Two-Way, Divided, Unprotected (painted>4feet) Medium",Dry,Daylight,Clear,Angle (Front - to - Side) Right Angle (Includes Broadside),No,No Controls,2,0,No Injury,2,,,
922810,2025-00022555,2025-04-01,12:56:00 PM,Vehicle - Vehicle,,ELMWOOD AVE,WILSON ST,Joshua Cascione,225,2025-04-01,"Two-Way , Not Divided",Dry,Daylight,Clear,Angle (Front - to - Side) Right Angle (Includes Broadside),No,No Controls,3,1,Complains Of Pain,2,,41.81138,-71.42304
922811,2025-00022521,2025-04-01,12:00:00 PM,Vehicle - Parked Vehicle,,ELMWOOD AVE,,Jason Clancy,999,2025-04-01,Unknown,Dry,Daylight,Clear,Other,"Yes, M/V and Driver Left Scene",Unknown,1,0,Unknown,2,,,
922812,2025-00022594,2025-04-01,2:26:00 PM,Vehicle - Vehicle,,LISBON STREET,CHALKSTONE AVE,Atanael Lara,129,2025-04-01,"Two-Way , Not Divided",Dry,Daylight,Clear,Other,No,No Controls,3,0,No Injury,2,,41.83316,-71.43638
922815,2025-00022585,2025-04-01,2:07:00 PM,Vehicle - Vehicle,,OLNEY ST,PROSPECT ST,Jared Guiot,608,2025-04-01,"Two-Way , Not Divided",Dry,Daylight,Clear,Rear End(Front-to-Rear),No,No Controls,2,0,No Injury,2,,41.83547,-71.4065
922816,2025-00022629,2025-04-01,4:02:00 PM,Vehicle - Vehicle,,ACADEMY AVE,NEWARK ST,Atanael Lara,129,2025-04-01,"Two-Way , Not Divided",Dry,Daylight,Clear,Rear End(Front-to-Rear),No,No Controls,3,0,No Injury,2,,41.82517,-71.44338
922820,2025-00022611,2025-04-01,3:25:00 PM,Vehicle - Vehicle,,Atwells Ave,TUXEDO AVE,Tyler Calandra,418,2025-04-01,"Two-Way , Not Divided",Dry,Daylight,Clear,"Sideswipe, Same Direction",No,No Controls,4,0,No Injury,2,,41.82449,-71.43765
922821,2025-00022621,2025-04-01,3:54:00 PM,Vehicle - Vehicle,,SISSON ST,CLOUD ST,Colby Berciano,671,2025-04-01,"Two-Way , Not Divided",Dry,Daylight,Clear,Angle (Front - to - Side) Opposite Direction,No,No Controls,4,2,Complains Of Pain,2,,41.82897,-71.45541