CrashReportId,ReportNumber,CrashDate,CrashTime,TypeOfCollision,Collision Type,StreetOrHighway,NearestIntersection,Officer,Badge,ReportDate,TypeOfRoadway,RoadSurfaceCondition,LightCondition,WeatherCondition,MannerofImpact,HitAndRun,TrafficControl,PersonCount,InjuryCount,MostSeriousInjury,NumberofVehicles,NumberOfLanes,Latitude,Longitude
922822,2025-00022602,2025-04-01,3:12:00 PM,Vehicle - Pedestrian,Pedestrian,BRANCH AVE,OPPER ST,Raymond Criner,340,2025-04-01,"Two-Way , Not Divided",Dry,Daylight,Clear,Not a Collision Between Two Motor Vehicles in Transport,No,Pavement Markings,3,1,Complains Of Pain,1,,41.85173,-71.42337
922823,2025-00022670,2025-04-01,7:21:00 PM,Vehicle - Vehicle,,DEAN ST,PROMENADE ST,Peyton Ginolfi,657,2025-04-01,"Two-Way , Not Divided",Dry,Daylight,Clear,"Sideswipe, Same Direction",No,No Controls,2,0,No Injury,2,,41.82982,-71.42699
922824,2025-00022642,2025-04-01,4:54:00 PM,Vehicle - Vehicle,,MECHANICS AVE,LIVINGSTON ST,Jared Guiot,608,2025-04-01,"Two-Way , Not Divided",Dry,Daylight,Clear,Rear - to - Side,No,No Controls,5,0,No Injury,2,,41.8418,-71.40896
922825,2025-00022667,2025-04-01,6:57:00 PM,Vehicle - Parked Vehicle,,PEACE ST,BUCKLIN ST,David Monteiro,613,2025-04-01,One-Way Trafficway,Dry,Daylight,Clear,Head-On (Front - to - Front),No,Stop Signs,4,0,No Injury,2,,41.80655,-71.42502
922803,2025-00022444,2025-04-01,1:11:00 AM,Vehicle - Vehicle,,DEAN ST,KINSLEY AVE,Johnson,622,2025-04-01,"Two-Way , Not Divided",Wet,Dark - Lighted,Rain,"Sideswipe, Same Direction",No,Yield Signs,3,0,No Injury,2,,41.82813,-71.42634
922805,2025-00022473,2025-04-01,7:43:00 AM,Vehicle - Vehicle,,broad st,PINE ST,Serge Bouyssou,105,2025-04-01,"Two-Way , Not Divided",Wet,Daylight,Rain,Rear - to - Side,No,No Controls,4,0,No Injury,2,,41.81075,-71.42127
922827,2025-00022695,2025-04-01,8:40:00 PM,Vehicle - Vehicle,,POTTERS AVE,PRAIRIE AVE,Johansell Montilla,627,2025-04-01,"Two-Way, Divided, Unprotected (painted>4feet) Medium",Dry,Dark - Lighted,Clear,Head-On (Front - to - Front),No,Stop Signs,5,0,No Injury,2,,41.80409,-71.41419
923020,2025-00022655,2025-04-01,6:01:00 PM,Vehicle - Vehicle,,,,Matthew Marwell,639,2025-04-07,One-Way Trafficway,Dry,Daylight,Clear,"Sideswipe, Same Direction",No,No Controls,2,0,No Injury,2,,,
923072,2025-00024779,2025-04-01,12:18:00 PM,Vehicle - Parked Vehicle,,BROAD ST,CASS ST,Jason Clancy,999,2025-04-09,Unknown,Dry,Daylight,Clear,Unknown,"Yes, M/V and Driver Left Scene",Unknown,2,0,Unknown,2,,41.79305,-71.40827
923285,2025-00026439,2025-04-01,4:15:00 AM,Vehicle - Parked Vehicle,,COMMODORE ST,BRANCH AVE,Jason Clancy,999,2025-04-15,"Two-Way , Not Divided",Dry,Dark - Unknown Lighting,Clear,Rear - to - Rear,"Yes, M/V and Driver Left Scene",Unknown,2,0,Unknown,2,,41.84914,-71.41826
921816,2025-00014574,2025-04-01,7:26:00 PM,Vehicle - Vehicle,,ASHBURTON ST,ASHBURTON ST,Lane,109,2025-03-01,"Two-Way , Not Divided",Dry,Dark - Lighted,Clear,Rear End(Front-to-Rear),No,No Controls,3,0,No Injury,2,,41.83644,-71.41365
924277,2025-00022609,2025-04-01,4:00:00 PM,Vehicle - Vehicle,,dexter st,cranston,Conor Fleurant,171,2025-05-13,"Two-Way , Not Divided",Dry,Daylight,Clear,Other,No,No Controls,2,0,No Injury,2,2,,
924351,2025-00035433,2025-04-01,12:25:00 PM,Vehicle - Parked Vehicle,,BRANCH AVE,,Jason Clancy,999,2025-05-16,Unknown,Dry,Daylight,Clear,Other,No,Unknown,3,0,Unknown,2,,,
924707,2025-00039522,2025-04-01,11:30:00 AM,Vehicle - Object,,OPPER ST,MONTICELLO ST,Jason Clancy,999,2025-05-29,Unknown,Unknown,Daylight,Clear,Unknown,No,Unknown,2,0,Unknown,1,,41.85223,-71.423
923729,2025-00022293,2025-03-31,1:41:00 PM,Vehicle - Vehicle,,ALLENS AVE,THURBERS AVE,Waldorf Pognon,501,2025-04-29,"Two-Way , Not Divided",Wet,Daylight,Cloudy,Rear End(Front-to-Rear),No,No Controls,2,0,No Injury,2,2,,
922998,2025-00022331,2025-03-31,3:49:00 PM,Vehicle - Vehicle,,John Partingon Way,Broad St,Conor Fleurant,171,2025-04-06,One-Way Trafficway,Dry,Daylight,Clear,"Sideswipe, Same Direction","Yes, M/V and Driver Left Scene",No Controls,1,0,No Injury,2,2,,
922808,2025-00022270,2025-03-31,12:04:00 PM,Vehicle - Parked Vehicle,,HOPE ST,ROCHAMBEAU AVE,Yesenia Caba,549,2025-04-01,"Two-Way , Not Divided",Dry,Daylight,Clear,"Sideswipe, Same Direction",No,No Controls,2,0,No Injury,2,,41.84702,-71.396
922809,2025-00022231,2025-03-31,9:01:00 AM,Vehicle - Vehicle,,EDDY ST,ELM ST,Lucio Andreozzi,381,2025-04-01,"Two-Way, Divided, Unprotected (painted>4feet) Medium",Dry,Daylight,Clear,Angle (Front - to - Side) Right Angle (Includes Broadside),No,No Controls,3,0,No Injury,2,,41.81784,-71.40717
922806,2025-00022247,2025-03-31,9:20:00 AM,Vehicle - Vehicle,,PLAINFIELD ST,,Jason Clancy,999,2025-04-01,Unknown,Dry,Daylight,Clear,Rear - to - Rear,No,Unknown,2,0,Unknown,2,,,
922826,2025-00022413,2025-03-31,9:28:00 PM,Vehicle - Vehicle,,CRANSTON ST,DEXTER ST,Ruben Morales,685,2025-04-01,"Two-Way , Not Divided",Wet,Dark - Lighted,Cloudy,"Sidwswipe, Opposite Direction","Yes, M/V and Driver Left Scene",Unknown,3,0,No Injury,2,,41.8126,-71.42959
922785,2025-00022142,2025-03-31,8:02:00 PM,Vehicle - Vehicle,,Admiral St,RIVER AVE,Tyler Calandra,418,2025-03-31,"Two-Way , Not Divided",Dry,Daylight,Clear,Rear End(Front-to-Rear),No,No Controls,3,1,Complains Of Pain,2,,41.84928,-71.43914
922786,2025-00022332,2025-03-31,3:51:00 PM,Vehicle - Vehicle,,RIVER AVE,COLLEGE RD,Ptlm. Labutti,104,2025-03-31,"Two-Way , Not Divided",Dry,Daylight,Cloudy,"Sideswipe, Same Direction",No,No Controls,3,0,No Injury,2,,41.84367,-71.44034
922787,2025-00022317,2025-03-31,3:01:00 PM,Vehicle - Vehicle,,HARTFORD AVE,LONGO ST,Terrence Gibson,610,2025-03-31,"Two-Way , Not Divided",Dry,Daylight,Clear,"Sideswipe, Same Direction",No,No Controls,2,0,No Injury,2,,41.81823,-71.45675
922788,2025-00022351,2025-03-31,4:49:00 PM,Vehicle - Vehicle,,GANO ST,WICKENDEN ST,Colby Berciano,671,2025-03-31,"Two-Way , Not Divided",Dry,Daylight,Clear,Rear End(Front-to-Rear),No,No Controls,3,1,Complains Of Pain,2,,41.82044,-71.38958
922789,2025-00022321,2025-03-31,3:19:00 PM,Vehicle - Parked Vehicle,,FRIENDSHIP ST,HAY ST,Ptlw. Martinez,146,2025-03-31,"Two-Way, Divided, Unprotected (painted>4feet) Medium",Dry,Daylight,Clear,Not a Collision Between Two Motor Vehicles in Transport,No,Traffic Control Signal,2,0,No Injury,2,,,
922790,2025-00022357,2025-03-31,5:06:00 PM,Vehicle - Parked Vehicle,,303 W. RIVER ST,CORLISS STREET,Ian Quinn,102,2025-03-31,Unknown,Dry,Daylight,Clear,Unknown,"Yes, M/V and Driver Left Scene",No Controls,1,0,Unknown,2,,,
922791,2025-00022381,2025-03-31,6:58:00 PM,Vehicle - Vehicle,,4TH ST,HIGHLAND AVE,Michael Gammino,491,2025-03-31,"Two-Way, Not Divided With a Continuous Left Turn Lane",Dry,Dark - Lighted,Clear,Angle (Front - to - Side) Right Angle (Includes Broadside),No,Stop Signs,3,1,Complains Of Pain,2,,41.85119,-71.40018
922793,2025-00022389,2025-03-31,7:43:00 PM,Vehicle - Vehicle,,STEWART ST,SUMMER ST,Matthew Carlone,602,2025-03-31,"Two-Way , Not Divided",Dry,Dark - Lighted,Clear,Angle (Front - to - Side) Right Angle (Includes Broadside),No,Stop Signs,2,0,No Injury,2,,41.81512,-71.41602
922794,2025-00022378,2025-03-31,6:58:00 PM,Vehicle - Vehicle,,DUDLEY ST,EXIT 19,Matthew Carlone,602,2025-03-31,"Two-Way , Not Divided",Dry,Daylight,Clear,Rear End(Front-to-Rear),No,Traffic Control Signal,3,0,No Injury,2,,41.81082,-71.40718
922796,2025-00022391,2025-03-31,7:58:00 PM,Vehicle - Pedestrian,Pedestrian,BUCKLIN ST,RUTLAND ST,Lane,109,2025-03-31,"Two-Way , Not Divided",Dry,Dark - Lighted,Clear,Angle (Front - to - Side) Opposite Direction,No,Stop Signs,4,1,Non-Incapacitating,1,,41.79856,-71.42759
922797,2025-00022405,2025-03-31,9:07:00 PM,Vehicle - Vehicle,,BRANCH AVE,BRANCH AVE EXIT 24,John Palmer,101,2025-03-31,"Two-Way , Not Divided",Dry,Dark - Lighted,Cloudy,Rear End(Front-to-Rear),"Yes, M/V and Driver Left Scene",Yield Signs,1,0,No Injury,2,,41.84629,-71.41157
922799,2025-00022395,2025-03-31,8:26:00 PM,Vehicle - Vehicle,,GALLATIN ST,ELMWOOD AVE,David Monteiro,613,2025-03-31,"Two-Way , Not Divided",Dry,Dark - Lighted,Clear,Angle (Front - to - Side) Opposite Direction,"Yes, M/V and Driver Left Scene",Stop Signs,2,0,No Injury,2,,41.79397,-71.42393
922800,2025-00022422,2025-03-31,10:36:00 PM,Vehicle - Vehicle,,BROADWAY,DEAN ST,Erik Lane,109,2025-03-31,"Two-Way , Not Divided",Wet,Dark - Lighted,Clear,Angle (Front - to - Side) Right Angle (Includes Broadside),No,Traffic Control Signal,5,3,Complains Of Pain,2,,41.8214,-71.42253
922801,2025-00022435,2025-03-31,11:15:00 PM,Vehicle - Vehicle,,850 Manton Ave,,Pedroangel Pena Campusano,677,2025-04-01,"Two-Way, Divided, Positive Median Barrier",Dry,Dark - Lighted,Clear,Rear End(Front-to-Rear),"Yes, M/V and Driver Left Scene",No Controls,2,1,Complains Of Pain,2,,,
922802,2025-00022434,2025-03-31,11:48:00 PM,Vehicle - Parked Vehicle,,70 MAWNEY ST,UPDIKE ST,OFFICER Sesay,612,2025-04-01,"Two-Way , Not Divided",Wet,Dark - Lighted,Rain,Angle (Front - to - Side) Right Angle (Includes Broadside),"Yes, M/V and Driver Left Scene",No Controls,1,0,Unknown,2,,41.80359,-71.42484
922876,2025-00022319,2025-03-31,3:06:00 PM,Vehicle - Vehicle,,PRAIRIE AVE,GALLUP ST,Brendan O'Brien,667,2025-04-02,"Two-Way , Not Divided",Dry,Daylight,Clear,Angle (Front - to - Side) Right Angle (Includes Broadside),No,No Controls,3,0,No Injury,2,,41.80027,-71.41257
922840,2025-00022214,2025-03-31,5:32:00 AM,Vehicle - Vehicle,,PINE ST,STEWART ST,Tyler Houlihan,617,2025-04-01,"Two-Way, Divided, Unprotected (painted>4feet) Medium",Dry,Dark - Lighted,Cloudy,Angle (Front - to - Side) Right Angle (Includes Broadside),No,Stop Signs,2,0,No Injury,2,,41.81549,-71.4167
922942,2025-00022197,2025-03-31,1:22:00 AM,Vehicle - Object,,Huntington Ave,STATE HWY 10 N,Lucas Ramalho,507,2025-04-04,"Two-Way , Not Divided",Wet,Dark - Lighted,Rain,Not a Collision Between Two Motor Vehicles in Transport,"Yes, Driver Left Scene",No Controls,1,1,Complains Of Pain,1,,41.80405,-71.43997
922921,2025-00023435,2025-03-31,9:31:00 AM,Vehicle - Vehicle,,N MAIN ST,N MAIN ST,Jason Clancy,999,2025-04-04,Unknown,Dry,Daylight,Clear,Head-On (Front - to - Front),No,Unknown,4,0,Unknown,2,,41.84328,-71.40722
922922,2025-00023396,2025-03-31,9:45:00 AM,Vehicle - Parked Vehicle,,EDDY ST,,Jason Clancy,999,2025-04-04,Unknown,Dry,Daylight,Clear,Angle (Front - to - Side) Same Direction,No,Unknown,2,0,Unknown,2,,,
922777,2025-00022259,2025-03-31,11:23:00 AM,Vehicle - Vehicle,,HUMBOLDT AVE,WAYLAND AVE,Igor Barbosa,114,2025-03-31,"Two-Way, Divided, Unprotected (painted>4feet) Medium",Dry,Daylight,Cloudy,Angle (Front - to - Side) Right Angle (Includes Broadside),No,Stop Signs,4,2,Non-Incapacitating,2,,41.83175,-71.3883
922778,2025-00022275,2025-03-31,12:22:00 PM,Vehicle - Vehicle,,SUMMIT AVENUE,6TH STREET,Joseph Madeira,552,2025-03-31,"Two-Way , Not Divided",Dry,Daylight,Clear,Angle (Front - to - Side) Right Angle (Includes Broadside),No,No Controls,3,0,No Injury,2,2,41.83616,-71.41597
922780,2025-00022280,2025-03-31,12:30:00 PM,Vehicle - Object,,KNIGHT ST,TELL ST,Joshua Cascione,225,2025-03-31,One-Way Trafficway,Dry,Daylight,Cloudy,Not a Collision Between Two Motor Vehicles in Transport,No,No Controls,2,0,No Injury,1,,41.82229,-71.43149
922782,2025-00022292,2025-03-31,1:30:00 PM,Vehicle - Vehicle,,BROADWAY,VALLEY ST,Damaris Sanchez,566,2025-03-31,Unknown,Dry,Daylight,Clear,Angle (Front - to - Side) Opposite Direction,No,Traffic Control Signal,5,0,No Injury,2,,41.81684,-71.441
921061,2025-00007581,2025-03-31,3:45:00 PM,Vehicle - Parked Vehicle,,ADMIRAL ST,,Jason Clancy,999,2025-02-03,Unknown,Dry,Daylight,Clear,Rear End(Front-to-Rear),No,Unknown,2,0,Unknown,2,,,
922783,2025-00022100,2025-03-30,3:46:00 PM,Vehicle - Parked Vehicle,,ARCH ST,GILMORE ST,Peyton Ginolfi,657,2025-03-31,"Two-Way , Not Divided",Dry,Daylight,Clear,Rear End(Front-to-Rear),"Yes, M/V and Driver Left Scene",No Controls,1,0,Unknown,2,,41.81201,-71.42587
922784,2025-00022141,2025-03-30,8:00:00 PM,Vehicle - Parked Vehicle,,WESTMINSTER ST,KNIGHT ST,Peyton Ginolfi,657,2025-03-31,"Two-Way , Not Divided",Dry,Dark - Lighted,Clear,Rear End(Front-to-Rear),"Yes, M/V and Driver Left Scene",No Controls,1,0,Unknown,2,,41.81707,-71.42698
922757,2025-00022060,2025-03-30,11:30:00 AM,Vehicle - Vehicle,,CHARLES ST,BRANCH AVE,Sean Cooney,523,2025-03-30,"Two-Way , Not Divided",Dry,Daylight,Cloudy,"Sideswipe, Same Direction",No,Traffic Control Signal,4,0,No Injury,2,,41.85021,-71.41997
922764,2025-00022145,2025-03-30,8:22:00 PM,Vehicle - Vehicle,,SMITHFIELD AVE,RT 95 S,Ridalson Emile,649,2025-03-30,"Two-Way , Not Divided",Dry,Dark - Lighted,Clear,Angle (Front - to - Side) Same Direction,No,Traffic Control Signal,2,1,Complains Of Pain,2,,41.85571,-71.40708
922765,2025-00022180,2025-03-30,11:37:00 PM,Vehicle - Vehicle,,EDDY STREET,DUDLEY STREET,Tyler Houlihan,617,2025-03-31,"Two-Way, Divided, Unprotected (painted>4feet) Medium",Dry,Dark - Lighted,Cloudy,Rear End(Front-to-Rear),No,Traffic Control Signal,5,1,Complains Of Pain,2,,41.805,-71.40463
922766,2025-00022136,2025-03-30,7:46:00 PM,Vehicle - Vehicle,,BRANCH AVE,VEAZIE ST,Ridalson Emile,649,2025-03-31,"Two-Way , Not Divided",Dry,Dark - Lighted,Clear,Rear End(Front-to-Rear),No,Traffic Control Signal,5,0,No Injury,3,,41.85472,-71.43471
922769,2025-00022006,2025-03-30,1:58:00 AM,Vehicle - Parked Vehicle,,BROAD ST,SACKETT ST,Jose Cortorreal,604,2025-03-31,"Two-Way , Not Divided",Wet,Dark - Lighted,Cloudy,"Sideswipe, Same Direction",No,No Controls,4,0,No Injury,2,,41.79553,-71.41135
922771,2025-00022072,2025-03-30,12:12:00 PM,Vehicle - Parked Vehicle,,PAVILION AVENUE,BLUNDELL ST,Hildenise Espanol,137,2025-03-31,"Two-Way , Not Divided",Dry,Daylight,Clear,Angle - Direction Not Specified,"Yes, M/V and Driver Left Scene",No Controls,1,0,Unknown,2,,41.79803,-71.40438
922742,2025-00021981,2025-03-30,12:26:00 AM,Vehicle - Object,,CADILLAC DR,MELROSE ST,Adrian Francis,239,2025-03-30,"Two-Way , Not Divided",Wet,Dark - Lighted,Rain,Not a Collision Between Two Motor Vehicles in Transport,"Yes, Driver Left Scene",Stop Signs,1,0,No Injury,1,,41.79022,-71.41835
922743,2025-00021985,2025-03-30,12:31:00 AM,Vehicle - Vehicle,,SERVICE ROAD 8,WASHINGTON ST,Kayla Facey,658,2025-03-30,One-Way Trafficway,Wet,Dark - Lighted,Rain,Rear End(Front-to-Rear),No,Traffic Control Signal,4,0,No Injury,2,,41.82016,-71.41879
922760,2025-00022098,2025-03-30,3:54:00 PM,Vehicle - Vehicle,,Oneil St,VEAZIE ST,John Palmer,101,2025-03-30,"Two-Way , Not Divided",Dry,Daylight,Cloudy,Angle (Front - to - Side) Opposite Direction,No,Stop Signs,2,0,No Injury,2,,41.85297,-71.43521
922761,2025-00020768,2025-03-30,3:14:00 PM,Vehicle - Vehicle,,EDDY ST,,Matthew Carlone,602,2025-03-30,"Two-Way , Not Divided",Dry,Daylight,Clear,Rear End(Front-to-Rear),No,No Controls,2,0,No Injury,2,,41.81219,-71.40702
922762,2025-00022153,2025-03-30,8:37:00 PM,Vehicle - Vehicle,,BRANCH AVE,VEAZIE ST,John Palmer,101,2025-03-30,"Two-Way , Not Divided",Dry,Dark - Lighted,Cloudy,Rear End(Front-to-Rear),"Yes, M/V and Driver Left Scene",Traffic Control Signal,2,1,Complains Of Pain,2,,41.85474,-71.43485
922843,2025-00022572,2025-03-30,2:33:00 AM,Vehicle - Parked Vehicle,,BYFIELD ST,OCEAN ST,Jason Clancy,999,2025-04-02,"Two-Way , Not Divided",Dry,Dark - Unknown Lighting,Clear,Other,"Yes, M/V and Driver Left Scene",Unknown,1,0,Unknown,2,,41.79556,-71.40769
922844,2025-00022554,2025-03-29,9:30:00 PM,Vehicle - Vehicle,,PLAINFIELD ST,PLAINFIELD ST,Jason Clancy,999,2025-04-02,"Two-Way , Not Divided",Dry,Daylight,Clear,Angle (Front - to - Side) Opposite Direction,No,Unknown,2,0,No Injury,2,,,
922759,2025-00021951,2025-03-29,9:42:00 PM,Vehicle - Vehicle,,EDDY ST,BAILEY BLVD,Nicholas Manfredi,343,2025-03-30,"Two-Way , Not Divided",Wet,Dark - Lighted,Rain,Rear End(Front-to-Rear),"Yes, Driver Left Scene",No Controls,5,0,No Injury,3,,41.79201,-71.40361
922842,2025-00021740,2025-03-29,3:00:00 AM,Vehicle - Vehicle,,ATWELLS AVE,DE PASQUALE AVE,Elijah Perry,618,2025-04-02,"Two-Way , Not Divided",Dry,Dark - Lighted,Clear,Unknown,No,No Controls,5,0,No Injury,2,,41.82359,-71.42694
922859,2025-00021946,2025-03-29,9:07:00 PM,Vehicle - Parked Vehicle,,CUSTOM HOUSE ST,DYER ST,Stephanie Teran,625,2025-04-02,One-Way Trafficway,Dry,Dark - Lighted,Clear,"Sideswipe, Same Direction","Yes, M/V and Driver Left Scene",No Controls,1,0,Unknown,2,,41.8242,-71.40846
922763,2025-00021971,2025-03-29,11:44:00 PM,Vehicle - Vehicle,,PINE ST,CHESTNUT ST,Alexander Frias,669,2025-03-30,One-Way Trafficway,Dry,Dark - Lighted,Clear,Rear End(Front-to-Rear),No,No Controls,3,0,No Injury,2,,41.81974,-71.41265
922745,2025-00021849,2025-03-29,1:30:00 PM,Vehicle - Vehicle,,POWER ST,GOVERNOR ST,Louis Gianfrancesco,350,2025-03-30,"Two-Way , Not Divided",Dry,Daylight,Cloudy,Angle (Front - to - Side) Right Angle (Includes Broadside),No,Stop Signs,3,0,No Injury,2,,41.82353,-71.39414
922756,2025-00021955,2025-03-29,10:01:00 PM,Vehicle - Parked Vehicle,,787 HOPE STREET,LAURISTON ST,Ricardo Sanchez,632,2025-03-30,"Two-Way , Not Divided",Dry,Dark - Lighted,Clear,"Sidwswipe, Opposite Direction",No,No Controls,3,0,No Injury,2,2,41.8484,-71.39531
922731,2025-00021827,2025-03-29,12:09:00 PM,Vehicle - Vehicle,,CHARLES ST,W RIVER ST,Domingo Diaz,519,2025-03-29,"Two-Way, Divided, Unprotected (painted>4feet) Medium",Dry,Daylight,Cloudy,Rear End(Front-to-Rear),"Yes, M/V and Driver Left Scene",Traffic Control Signal,2,2,Complains Of Pain,2,,41.83962,-71.4164
922732,2025-00021825,2025-03-29,12:16:00 PM,Vehicle - Vehicle,,Terrace Ave,STERLING AVE,Ajay Subramaniam,569,2025-03-29,"Two-Way , Not Divided",Dry,Daylight,Cloudy,"Sideswipe, Same Direction",No,Stop Signs,4,0,No Injury,2,,41.80957,-71.45333
922733,2025-00021897,2025-03-29,4:38:00 PM,Vehicle - Parked Vehicle,,FAIRVIEW ST,MOUNT PLEASANT AVE,Jessenia Montano,149,2025-03-29,"Two-Way, Divided, Unprotected (painted>4feet) Medium",Dry,Daylight,Clear,Not a Collision Between Two Motor Vehicles in Transport,No,No Controls,3,0,No Injury,2,,41.82899,-71.44956
922734,2025-00021899,2025-03-29,4:50:00 PM,Vehicle - Vehicle,,I 95,I 95 EXIT 18,Jose Cortorreal,604,2025-03-29,One-Way Trafficway,Dry,Daylight,Clear,"Sideswipe, Same Direction","Yes, M/V and Driver Left Scene",Unknown,3,0,No Injury,2,,41.80016,-71.40494
922735,2025-00021918,2025-03-29,6:32:00 PM,Vehicle - Object,,MERINO ST,LABAN ST,Tyler Calandra,418,2025-03-29,"Two-Way , Not Divided",Dry,Daylight,Clear,"Sideswipe, Same Direction",No,No Controls,2,0,No Injury,1,,41.81415,-71.45756
922736,2025-00021870,2025-03-29,2:36:00 PM,Vehicle - Parked Vehicle,,438 DOYLE AVENUE,HOPE ST,Ricardo Sanchez,632,2025-03-29,"Two-Way , Not Divided",Dry,Daylight,Clear,Angle (Front - to - Side) Opposite Direction,No,No Controls,3,0,No Injury,2,2,41.83877,-71.40077
922737,2025-00021917,2025-03-29,6:25:00 PM,Vehicle - Vehicle,,BOWEN ST,CONGDON ST,Kelsey Woodbine,633,2025-03-29,"Two-Way , Not Divided",Dry,Dusk,Clear,"Sideswipe, Same Direction","Yes, M/V and Driver Left Scene",No Controls,3,0,Unknown,2,,41.83049,-71.40696
922738,2025-00021959,2025-03-29,10:06:00 PM,Vehicle - Parked Vehicle,,129 Canton Street,Chalkstone Avenue,Robert Raso,606,2025-03-29,"Two-Way , Not Divided",Wet,Dark - Lighted,Rain,Rear - to - Rear,No,No Controls,3,0,No Injury,2,,,
922739,2025-00021885,2025-03-29,3:36:00 PM,Vehicle - Vehicle,,SMITH ST,CHALKSTONE AVE,Ryan Fernandes,125,2025-03-29,Unknown,Dry,Daylight,Cloudy,Angle (Front - to - Side) Opposite Direction,No,No Controls,3,0,No Injury,2,,41.83541,-71.42612
922740,2025-00021948,2025-03-29,9:12:00 PM,Vehicle - Vehicle,,ELMDALE AVE,TERRACE AVE,D. Hernandez,148,2025-03-29,"Two-Way , Not Divided",Wet,Dark - Lighted,Rain,Angle (Front - to - Side) Opposite Direction,"Yes, M/V and Driver Left Scene",No Controls,2,0,Unknown,2,,41.80673,-71.45059
922741,2025-00021953,2025-03-29,9:50:00 PM,Vehicle - Vehicle,,UNION AVE,POCASSET AVE,Ralph Abenante,511,2025-03-30,"Two-Way, Divided, Unprotected (painted>4feet) Medium",Wet,Dark - Lighted,Rain,Rear End(Front-to-Rear),No,No Controls,8,0,No Injury,3,,41.80639,-71.45714
922772,2025-00022066,2025-03-29,8:05:00 PM,Vehicle - Parked Vehicle,,HERSCHEL ST,,Jason Clancy,999,2025-03-31,"Two-Way , Not Divided",Dry,Dark - Unknown Lighting,Clear,Not a Collision Between Two Motor Vehicles in Transport,No,Unknown,3,0,Unknown,2,,41.83359,-71.46951
922773,2025-00021858,2025-03-29,1:06:00 PM,Vehicle - Vehicle,,BROAD ST,,Jason Clancy,999,2025-03-31,"Two-Way , Not Divided",Dry,Daylight,Clear,"Sideswipe, Same Direction","Yes, M/V and Driver Left Scene",Unknown,3,0,Unknown,2,,41.8181,-71.41614
922729,2025-00021720,2025-03-29,1:10:00 AM,Vehicle - Parked Vehicle,,ATWELLS AVE,EUTAW ST,Domenic Schiavulli,653,2025-03-29,"Two-Way , Not Divided",Dry,Dark - Lighted,Cloudy,Rear End(Front-to-Rear),No,No Controls,2,0,No Injury,2,,41.82354,-71.42609
923006,2025-00023483,2025-03-29,10:25:00 AM,Vehicle - Parked Vehicle,,MARSHALL ST,WESTMINSTER ST,Jason Clancy,999,2025-04-07,"Two-Way , Not Divided",Dry,Daylight,Clear,Unknown,"Yes, M/V and Driver Left Scene",Unknown,1,0,Unknown,2,,41.81656,-71.43172
923050,2025-00021929,2025-03-29,7:22:00 PM,Vehicle - Parked Vehicle,,DORRANCE ST,FULTON ST,Gustavo Genao,135,2025-04-08,"Two-Way , Not Divided",Dry,Dark - Lighted,Cloudy,"Sideswipe, Same Direction",No,Traffic Control Signal,2,0,No Injury,2,,41.8241,-71.41232
923270,2025-00021475,2025-03-28,9:33:00 AM,Vehicle - Vehicle,,Silver Spring St,SMITHFIELD AVE,Albert Pereira,111,2025-04-15,"Two-Way , Not Divided",Dry,Daylight,Clear,Rear End(Front-to-Rear),No,No Controls,2,0,No Injury,2,,41.85656,-71.41086
922730,2025-00021674,2025-03-28,11:10:00 PM,Vehicle - Vehicle,,Manton Avenue,ANDERSON ST,Ryan Whittemore,655,2025-03-29,"Two-Way , Not Divided",Dry,Dark - Lighted,Clear,Angle (Front - to - Side) Opposite Direction,No,No Controls,3,1,Complains Of Pain,2,,41.82254,-71.44997
922726,2025-00021538,2025-03-28,2:59:00 PM,Vehicle - Vehicle,,EDDY STREET,SEYMOUR ST,Nicolas Lafazia,369,2025-03-28,"Two-Way , Not Divided",Dry,Daylight,Clear,Rear End(Front-to-Rear),No,No Controls,4,0,No Injury,2,,41.8028,-71.4066
922727,2025-00021611,2025-03-28,6:24:00 PM,Vehicle - Vehicle,,POCASSET AVE,SIMMONS ST,Raymond Criner,340,2025-03-28,"Two-Way , Not Divided",Dry,Daylight,Clear,Rear End(Front-to-Rear),"Yes, M/V and Driver Left Scene",Other,11,2,Complains Of Pain,7,,41.80805,-71.45597
922728,2025-00021689,2025-03-28,11:48:00 PM,Vehicle - Vehicle,,FRICKER ST,CRANSTON ST,Johnson,622,2025-03-29,"Two-Way , Not Divided",Dry,Dark - Lighted,Clear,Rear End(Front-to-Rear),"Yes, M/V and Driver Left Scene",No Controls,4,0,No Injury,2,,41.8169,-71.42204
922709,2025-00021480,2025-03-28,10:11:00 AM,Vehicle - Vehicle,,WASHINGTON ST,EMPIRE ST,Michael Sepe,367,2025-03-28,"Two-Way, Divided, Unprotected (painted>4feet) Medium",Dry,Daylight,Clear,"Sideswipe, Same Direction",No,No Controls,3,0,No Injury,2,,41.82182,-71.41645