CrashReportId,ReportNumber,CrashDate,CrashTime,TypeOfCollision,Collision Type,StreetOrHighway,NearestIntersection,Officer,Badge,ReportDate,TypeOfRoadway,RoadSurfaceCondition,LightCondition,WeatherCondition,MannerofImpact,HitAndRun,TrafficControl,PersonCount,InjuryCount,MostSeriousInjury,NumberofVehicles,NumberOfLanes,Latitude,Longitude
922710,2025-00021499,2025-03-28,11:40:00 AM,Vehicle - Vehicle,,nellie st,SELKIRK ST,Albert Pereira,111,2025-03-28,"Two-Way , Not Divided",Dry,Daylight,Clear,Angle (Front - to - Side) Right Angle (Includes Broadside),No,No Controls,3,0,No Injury,2,,41.85737,-71.41083
922716,2025-00021523,2025-03-28,1:09:00 PM,Vehicle - Parked Vehicle,,BROAD STREET,MONTGOMERY AVE,Eduar Espinal,386,2025-03-28,Unknown,Dry,Daylight,Clear,Rear - to - Side,"Yes, M/V and Driver Left Scene",Unknown,2,0,Unknown,2,,41.78606,-71.40176
922718,2025-00021560,2025-03-28,4:19:00 PM,Vehicle - Vehicle,,SUNSET AVE,KILLINGLY ST,Stephanie Teran,625,2025-03-28,"Two-Way, Divided, Positive Median Barrier",Dry,Daylight,Clear,"Sidwswipe, Opposite Direction","Yes, M/V and Driver Left Scene",No Controls,2,0,No Injury,2,,41.81455,-71.46364
922719,2025-00021542,2025-03-28,3:05:00 PM,Vehicle - Vehicle,,Branch/ Vandewater,,Mark Roman,120,2025-03-28,"Two-Way , Not Divided",Dry,Daylight,Clear,Other,"Yes, M/V and Driver Left Scene",No Controls,2,0,No Injury,2,,,
922720,2025-00021561,2025-03-28,4:21:00 PM,Vehicle - Vehicle,,EATON ST,PEMBROKE AVE,Albert Pereira,111,2025-03-28,"Two-Way , Not Divided",Dry,Daylight,Clear,Rear End(Front-to-Rear),No,No Controls,2,0,No Injury,2,,41.84111,-71.4296
922721,2025-00021585,2025-03-28,5:13:00 PM,Vehicle - Vehicle,,Dave Gavit Way,Atwells Ave,Matthew Kelley,186,2025-03-28,One-Way Trafficway,Dry,Daylight,Clear,Rear End(Front-to-Rear),"Yes, M/V and Driver Left Scene",Traffic Control Signal,2,0,No Injury,2,,41.82212,-71.41976
922722,2025-00021602,2025-03-28,5:54:00 PM,Vehicle - Vehicle,,MEMORIAL BLVD,FRANCIS ST,Cory Nicholls,609,2025-03-28,"Two-Way , Not Divided",Dry,Daylight,Clear,Angle (Front - to - Side) Same Direction,No,Traffic Control Signal,4,1,Complains Of Pain,2,,41.8259,-71.41535
922699,2025-00021423,2025-03-28,1:05:00 AM,Vehicle - Vehicle,,BERLIN ST,CHALKSTONE AVE,Robert Savage,238,2025-03-28,"Two-Way, Divided, Unprotected (painted>4feet) Medium",Dry,Dark - Lighted,Clear,"Sideswipe, Same Direction",No,Unknown,5,0,No Injury,2,,41.83228,-71.44173
922700,2025-00021426,2025-03-28,1:09:00 AM,Vehicle - Vehicle,,FRIENDSHIP ST,,Antonio Valdez,659,2025-03-28,"Two-Way, Divided, Positive Median Barrier",Dry,Dark - Lighted,Clear,Angle (Front - to - Side) Right Angle (Includes Broadside),No,Unknown,4,1,Complains Of Pain,2,,41.81687,-71.41442
922704,2025-00021463,2025-03-28,8:32:00 AM,Vehicle - Object,,SPRUCE ST,DE PASQUALE AVE,Joshua Cascione,225,2025-03-28,One-Way Trafficway,Dry,Daylight,Clear,Not a Collision Between Two Motor Vehicles in Transport,No,No Controls,1,0,No Injury,1,,41.82428,-71.42639
922712,2025-00021514,2025-03-28,12:45:00 PM,Vehicle - Vehicle,,HOPE ST,ROCHAMBEAU AVE,Thiago Gomes,532,2025-03-28,"Two-Way , Not Divided",Dry,Daylight,Clear,Rear End(Front-to-Rear),No,Traffic Control Signal,5,0,No Injury,2,2,41.84684,-71.39609
922713,2025-00021518,2025-03-28,12:49:00 PM,Vehicle - Parked Vehicle,,PLAINFIELD ST,RALPH ST,Lawrence TyHanson,684,2025-03-28,"Two-Way , Not Divided",Dry,Daylight,Clear,Rear - to - Side,"Yes, M/V and Driver Left Scene",No Controls,2,0,No Injury,2,,41.81345,-71.45352
922714,2025-00021517,2025-03-28,12:48:00 PM,Vehicle - Parked Vehicle,,ocean st,POTTERS AVE,Serge Bouyssou,105,2025-03-28,"Two-Way , Not Divided",Dry,Daylight,Clear,"Sideswipe, Same Direction",No,No Controls,3,0,No Injury,2,,41.80482,-71.41133
922774,2025-00021586,2025-03-28,4:40:00 PM,Vehicle - Parked Vehicle,,CRANSTON ST,,Jason Clancy,999,2025-03-31,Unknown,Dry,Daylight,Clear,Unknown,"Yes, M/V and Driver Left Scene",Unknown,5,0,Unknown,2,,,
922775,2025-00021511,2025-03-28,9:25:00 AM,Vehicle - Vehicle,,CRANSTON ST,MESSER ST,Jason Clancy,999,2025-03-31,"Two-Way , Not Divided",Dry,Daylight,Clear,"Sideswipe, Same Direction",No,Unknown,2,0,Unknown,2,,41.80973,-71.43335
922758,2025-00021559,2025-03-28,4:06:00 PM,Vehicle - Vehicle,,CARPENTER ST,BRIDGHAM ST,Kelsa Heron,133,2025-03-30,"Two-Way , Not Divided",Dry,Daylight,Clear,Other,"Yes, M/V and Driver Left Scene",No Controls,3,0,No Injury,2,,41.81802,-71.42871
922744,2025-00021562,2025-03-28,4:21:00 PM,Vehicle - Vehicle,,OCONNELL ST,ALLENS AVE,Jose Cortorreal,604,2025-03-29,"Two-Way , Not Divided",Dry,Daylight,Clear,Angle (Front - to - Side) Right Angle (Includes Broadside),No,No Controls,2,0,No Injury,2,,41.80749,-71.40339
922285,2025-00017885,2025-03-28,1:41:00 PM,Vehicle - Vehicle,,SILVER SPRING ST,BRANCH AVE,Ryan Fernandes,125,2025-03-15,"Two-Way, Divided, Unprotected (painted>4feet) Medium",Dry,Daylight,Clear,Rear End(Front-to-Rear),No,No Controls,4,0,No Injury,2,,41.84777,-71.41479
922705,2025-00021214,2025-03-27,9:14:00 AM,Vehicle - Vehicle,,HUMBOLDT AVE,TABER AVE,George Pereira,421,2025-03-28,"Two-Way , Not Divided",Dry,Daylight,Clear,Angle (Front - to - Side) Same Direction,No,Stop Signs,2,0,No Injury,2,,41.83113,-71.3915
922706,2025-00021262,2025-03-27,1:50:00 PM,Vehicle - Vehicle,,RANDALL SQ,RANDALL SQ,Thiago Gomes,532,2025-03-28,"Two-Way , Not Divided",Dry,Daylight,Clear,Rear - to - Side,No,No Controls,3,0,No Injury,2,,41.83612,-71.41046
922707,2025-00021210,2025-03-27,8:49:00 AM,Vehicle - Vehicle,,ROUTE 6/10 ON RAMP,MEMORIAL BLVD,Michael Baldassare,568,2025-03-28,One-Way Trafficway,Dry,Daylight,Clear,Angle (Front - to - Side) Same Direction,No,No Controls,3,0,No Injury,2,,41.82584,-71.41646
922703,2025-00021305,2025-03-27,4:41:00 PM,Vehicle - Parked Vehicle,,VALLEY ST,,Jason Clancy,999,2025-03-28,Unknown,Dry,Daylight,Clear,Rear - to - Side,"Yes, M/V and Driver Left Scene",Unknown,3,3,Complains Of Pain,2,,,
922683,2025-00021246,2025-03-27,12:29:00 PM,Vehicle - Vehicle,,WEBSTER AVENUE,UNION AVE,Patrolwoman Addai,513,2025-03-27,"Two-Way, Divided, Unprotected (painted>4feet) Medium",Dry,Daylight,Clear,Angle (Front - to - Side) Right Angle (Includes Broadside),No,No Controls,5,1,Complains Of Pain,3,2,41.80686,-71.44757
922684,2025-00021271,2025-03-27,2:16:00 PM,Vehicle - Vehicle,,Felix Street,21 Felix Street,James Lanier,211,2025-03-27,"Two-Way , Not Divided",Dry,Daylight,Clear,Head-On (Front - to - Front),No,No Controls,4,0,No Injury,2,1,,
922685,2025-00021269,2025-03-27,11:00:00 AM,Vehicle - Parked Vehicle,,THACKERY ST,MELROSE ST,Jason Clancy,999,2025-03-27,Unknown,Dry,Daylight,Clear,Rear - to - Side,No,Unknown,2,0,Unknown,2,,41.79276,-71.42062
922686,2025-00021296,2025-03-27,3:42:00 PM,Vehicle - Parked Vehicle,,403 CHARLES STREET,,Ian Quinn,102,2025-03-27,Unknown,Dry,Daylight,Clear,Unknown,"Yes, M/V and Driver Left Scene",No Controls,2,0,Unknown,2,,,
922723,2025-00021383,2025-03-27,9:50:00 PM,Vehicle - Object,,35 CAMP ST,DOYLE AVE,Patrick Hourahan,243,2025-03-28,"Two-Way , Not Divided",Dry,Dark - Lighted,Clear,Not a Collision Between Two Motor Vehicles in Transport,No,No Controls,1,0,No Injury,1,,41.83817,-71.40427
922724,2025-00021350,2025-03-27,6:59:00 PM,Vehicle - Parked Vehicle,,BROAD ST,SUMTER ST,Jose Cortorreal,604,2025-03-28,"Two-Way , Not Divided",Dry,Daylight,Clear,"Sideswipe, Same Direction",No,No Controls,3,0,No Injury,2,,41.79773,-71.4141
922725,2025-00021304,2025-03-27,4:39:00 PM,Vehicle - Vehicle,,EXIT 21 (RT 1),BROADWAY,Raymond Criner,340,2025-03-28,"Two-Way , Not Divided",Dry,Daylight,Clear,Angle (Front - to - Side) Right Angle (Includes Broadside),No,Traffic Control Signal,8,1,Complains Of Pain,3,,41.82204,-71.41977
922717,2025-00021357,2025-03-27,7:46:00 PM,Vehicle - Vehicle,,EDDY ST,THURBERS AVE,Brendan O'Brien,667,2025-03-28,"Two-Way , Not Divided",Dry,Dark - Lighted,Clear,Rear End(Front-to-Rear),No,No Controls,2,1,Fatal,2,,41.80026,-71.40592
922665,2025-00021158,2025-03-27,12:05:00 AM,Vehicle - Vehicle,,BRANCH AVE,LANGDON ST,Pedroangel Pena Campusano,677,2025-03-27,"Two-Way , Not Divided",Dry,Dark - Lighted,Clear,Rear End(Front-to-Rear),"Yes, M/V and Driver Left Scene",Traffic Control Signal,1,0,No Injury,2,,,
922671,2025-00021200,2025-03-27,7:57:00 AM,Vehicle - Object,,GLENBRIDGE AVE,BARBARA ST,Joshua Cascione,225,2025-03-27,"Two-Way , Not Divided",Dry,Daylight,Clear,Not a Collision Between Two Motor Vehicles in Transport,No,Stop Signs,2,1,Complains Of Pain,1,,41.82107,-71.46093
922675,2025-00021207,2025-03-27,8:37:00 AM,Vehicle - Vehicle,,flora st,BRANCH AVE,Albert Pereira,111,2025-03-27,"Two-Way , Not Divided",Dry,Daylight,Clear,"Sidwswipe, Opposite Direction",No,No Controls,2,0,No Injury,2,,41.84842,-71.41598
922679,2025-00021247,2025-03-27,12:26:00 PM,Vehicle - Vehicle,,Angel,Gano,Martin Hames,536,2025-03-27,One-Way Trafficway,Dry,Daylight,Clear,Angle (Front - to - Side) Same Direction,No,Traffic Control Signal,2,0,No Injury,2,,,
922680,2025-00021261,2025-03-27,1:38:00 PM,Vehicle - Vehicle,,BROADWAY,HARKNESS ST,Joshua Cascione,225,2025-03-27,"Two-Way , Not Divided",Dry,Daylight,Clear,Angle (Front - to - Side) Right Angle (Includes Broadside),No,No Controls,3,0,No Injury,2,,41.81856,-71.43467
922689,2025-00021285,2025-03-27,3:07:00 PM,Vehicle - Pedestrian,Pedestrian,PRAIRIE AVE,SOMERSET ST,Ruben Morales,685,2025-03-27,"Two-Way , Not Divided",Dry,Daylight,Clear,"Sidwswipe, Opposite Direction","Yes, M/V and Driver Left Scene",Pavement Markings,3,0,No Injury,2,,41.81085,-71.41549
922690,2025-00021282,2025-03-27,3:06:00 PM,Vehicle - Pedestrian,Bicycle,MITCHELL ST,NIAGARA ST,Raymond Criner,340,2025-03-27,"Two-Way , Not Divided",Dry,Daylight,Clear,Not a Collision Between Two Motor Vehicles in Transport,No,Pavement Markings,2,1,Complains Of Pain,1,,41.80165,-71.41844
922691,2025-00021329,2025-03-27,5:35:00 PM,Vehicle - Vehicle,,Admiral/Annie,,Mark Roman,120,2025-03-27,"Two-Way , Not Divided",Dry,Daylight,Clear,Angle (Front - to - Side) Right Angle (Includes Broadside),No,No Controls,2,0,No Injury,2,,,
922692,2025-00021339,2025-03-27,6:23:00 PM,Vehicle - Vehicle,,DOUGLAS AVE,DOUGLAS AVE,Raymond Criner,340,2025-03-27,"Two-Way , Not Divided",Dry,Dusk,Clear,Angle (Front - to - Side) Right Angle (Includes Broadside),"Yes, M/V and Driver Left Scene",Stop Signs,4,0,No Injury,2,,41.84662,-71.42969
922693,2025-00021293,2025-03-27,4:05:00 PM,Vehicle - Parked Vehicle,,DEAN ST,W PARK ST,Ryan Fernandes,125,2025-03-27,"Two-Way, Divided, Unprotected (painted>4feet) Medium",Dry,Daylight,Clear,Angle - Direction Not Specified,No,Traffic Control Signal,3,0,No Injury,2,,41.83141,-71.4283
922694,2025-00021379,2025-03-27,9:36:00 PM,Vehicle - Object,,BENEFIT ST,WATERMAN ST,Erik Lane,109,2025-03-27,"Two-Way , Not Divided",Dry,Dark - Lighted,Clear,Not a Collision Between Two Motor Vehicles in Transport,No,No Controls,1,0,No Injury,1,,41.82718,-71.40748
922695,2025-00021328,2025-03-27,5:45:00 PM,Vehicle - Vehicle,,ELIZA ST,HARTFORD AVE,Nathaniel Eastman,112,2025-03-27,"Two-Way , Not Divided",Dry,Daylight,Clear,Rear End(Front-to-Rear),No,No Controls,5,1,Complains Of Pain,3,,41.81927,-71.46365
922696,2025-00021385,2025-03-27,10:00:00 PM,Vehicle - Vehicle,,414 SMITHFIELD AVE,,Ian Quinn,102,2025-03-27,Unknown,Dry,Dark - Lighted,Clear,Rear - to - Side,"Yes, M/V and Driver Left Scene",No Controls,2,1,Complains Of Pain,2,,,
922853,2025-00022846,2025-03-27,1:00:00 PM,Vehicle - Parked Vehicle,,EDDY ST,,Jason Clancy,999,2025-04-02,Unknown,Dry,Daylight,Clear,Angle (Front - to - Side) Same Direction,No,Unknown,3,0,Unknown,2,,,
922804,2025-00021222,2025-03-27,9:30:00 AM,Vehicle - Parked Vehicle,,Hope Street,ALUMNI AVE,Jonathan Leroux,424,2025-04-01,"Two-Way , Not Divided",Dry,Daylight,Clear,"Sideswipe, Same Direction","Yes, M/V and Driver Left Scene",No Controls,1,0,No Injury,2,,41.83511,-71.40151
922981,2025-00021196,2025-03-27,7:29:00 AM,Vehicle - Vehicle,,STATE HWY 146 S,ADMIRAL ST,Albert Pereira,111,2025-04-06,"Two-Way , Not Divided",Dry,Daylight,Clear,Rear End(Front-to-Rear),No,No Controls,2,0,No Injury,2,,41.84063,-71.41796
923004,2025-00021256,2025-03-27,1:04:00 PM,Vehicle - Vehicle,,MANTON AVE,WOONSQUATUCKET RIVER BAY,Kyana Williams,426,2025-04-07,"Two-Way , Not Divided",Dry,Daylight,Clear,Angle (Front - to - Side) Same Direction,No,No Controls,3,2,Complains Of Pain,2,,41.82168,-71.45478
923220,2025-00021023,2025-03-26,5:00:00 PM,Vehicle - Parked Vehicle,,Cranston Street,Waverlt,Conor Fleurant,171,2025-04-13,"Two-Way , Not Divided",Dry,Daylight,Clear,"Sideswipe, Same Direction",No,No Controls,2,0,No Injury,2,,,
922832,2025-00021125,2025-03-26,8:00:00 PM,Vehicle - Vehicle,,Ford Street,Cranston St,Conor Fleurant,171,2025-04-01,"Two-Way , Not Divided",Dry,Dark - Lighted,Clear,"Sideswipe, Same Direction","Yes, Driver Left Scene",No Controls,0,0,Unknown,3,2,,
922868,2025-00021122,2025-03-26,8:53:00 PM,Vehicle - Vehicle,,WEBSTER AVE,ELMDALE,Nathaniel Eastman,112,2025-04-02,"Two-Way , Not Divided",Dry,Dusk,Clear,Angle (Front - to - Side) Right Angle (Includes Broadside),No,Stop Signs,2,1,Complains Of Pain,2,,,
922869,2025-00021043,2025-03-26,4:27:00 PM,Vehicle - Vehicle,,Plainfield St,Rye,Nathaniel Eastman,112,2025-04-02,"Two-Way , Not Divided",Dry,Daylight,Clear,Rear End(Front-to-Rear),No,No Controls,2,0,No Injury,2,,,
922698,2025-00021154,2025-03-26,11:37:00 PM,Vehicle - Vehicle,,FRANCIS ST,EXIT 22A  (RT ),Shaolin Herr,556,2025-03-28,"Two-Way, Not Divided With a Continuous Left Turn Lane",Dry,Dark - Lighted,Clear,Angle (Front - to - Side) Same Direction,No,No Controls,3,0,No Injury,2,,41.82581,-71.4153
922676,2025-00021027,2025-03-26,2:30:00 PM,Vehicle - Vehicle,,WEST RIVER AVE,,Jason Clancy,999,2025-03-27,Unknown,Dry,Daylight,Clear,Rear - to - Side,No,Unknown,2,0,Unknown,2,,,
922666,2025-00021083,2025-03-26,6:09:00 PM,Vehicle - Vehicle,,JENKINS ST,KNOWLES ST,Raymond Criner,340,2025-03-26,"Two-Way , Not Divided",Dry,Daylight,Cloudy,Angle (Front - to - Side) Right Angle (Includes Broadside),No,Stop Signs,9,1,Complains Of Pain,2,,41.84061,-71.40473
922657,2025-00021087,2025-03-26,6:21:00 PM,Vehicle - Vehicle,,CLIFFORD ST,CLAVERICK ST,Ptlw. Martinez,146,2025-03-26,"Two-Way, Divided, Positive Median Barrier",Dry,Daylight,Clear,"Sideswipe, Same Direction","Yes, M/V and Driver Left Scene",No Controls,3,0,No Injury,2,,,
922652,2025-00020990,2025-03-26,12:56:00 PM,Vehicle - Parked Vehicle,,MEETING ST,BENEFIT ST,Jeann Lugo,543,2025-03-26,"Two-Way , Not Divided",Dry,Daylight,Clear,Rear End(Front-to-Rear),No,No Controls,3,0,No Injury,2,,41.82856,-71.40877
922653,2025-00020930,2025-03-26,8:18:00 AM,Vehicle - Vehicle,,CHALKSTONE AVE,KIMBALL ST,Jason Dennis,392,2025-03-26,"Two-Way , Not Divided",Dry,Daylight,Clear,Rear End(Front-to-Rear),No,No Controls,8,0,No Injury,2,,41.8329,-71.44792
922654,2025-00021052,2025-03-26,4:57:00 PM,Vehicle - Parked Vehicle,,DEAN ST,WEST ST,Tyler Calandra,418,2025-03-26,"Two-Way , Not Divided",Dry,Daylight,Clear,Other,"Yes, M/V and Driver Left Scene",No Controls,1,0,Unknown,2,,41.82026,-71.42161
922655,2025-00021029,2025-03-26,3:45:00 PM,Vehicle - Object,,ROCHAMBEAU AVE,ELMGROVE AVE,Raymond Criner,340,2025-03-26,"Two-Way , Not Divided",Dry,Daylight,Clear,Not a Collision Between Two Motor Vehicles in Transport,"Yes, M/V and Driver Left Scene",No Controls,1,0,No Injury,1,,41.84658,-71.39132
922659,2025-00021100,2025-03-26,7:12:00 PM,Vehicle - Parked Vehicle,,159 Reynolds Ave,BAXTER ST,Cory Nicholls,609,2025-03-26,"Two-Way , Not Divided",Dry,Daylight,Clear,Angle (Front - to - Side) Same Direction,"Yes, M/V and Driver Left Scene",No Controls,1,0,Unknown,2,,41.80373,-71.41843
922660,2025-00021117,2025-03-26,8:32:00 PM,Vehicle - Vehicle,,KILLINGLY ST,HARTFORD AVE,Matthew LeClerc,180,2025-03-26,"Two-Way , Not Divided",Dry,Dark - Lighted,Clear,Rear End(Front-to-Rear),No,Traffic Control Signal,3,0,No Injury,2,5,41.81998,-71.46893
922661,2025-00021058,2025-03-26,5:09:00 PM,Vehicle - Parked Vehicle,,ROCHAMBEAU AVE,STEELE ST,Peyton Ginolfi,657,2025-03-26,"Two-Way , Not Divided",Dry,Daylight,Clear,Rear - to - Rear,No,No Controls,4,0,No Injury,2,,41.84666,-71.40377
922662,2025-00021101,2025-03-26,7:15:00 PM,Vehicle - Parked Vehicle,,GALLATIN ST,EMERSON ST,Nicolas Lafazia,369,2025-03-26,"Two-Way , Not Divided",Dry,Dark - Lighted,Clear,Not a Collision Between Two Motor Vehicles in Transport,No,No Controls,3,0,No Injury,2,,41.79716,-71.4136
922663,2025-00021123,2025-03-26,8:52:00 PM,Vehicle - Vehicle,,PUBLIC STREET,PLAIN ST,Nicolas Lafazia,369,2025-03-26,"Two-Way , Not Divided",Dry,Dark - Lighted,Clear,Angle (Front - to - Side) Right Angle (Includes Broadside),No,Stop Signs,3,0,No Injury,2,,41.80668,-71.40998
922664,2025-00021020,2025-03-26,3:13:00 PM,Vehicle - Pedestrian,Pedestrian,N MAIN ST,9TH ST,Ruben Morales,685,2025-03-26,"Two-Way, Divided, Positive Median Barrier",Dry,Daylight,Clear,Rear End(Front-to-Rear),"Yes, M/V and Driver Left Scene",No Controls,2,0,Unknown,2,,41.85506,-71.4002
922637,2025-00020883,2025-03-26,12:03:00 AM,Vehicle - Vehicle,,BROADWAY AVE,US HWY 6 W,Lane,109,2025-03-26,"Two-Way , Not Divided",Dry,Dark - Lighted,Clear,Rear End(Front-to-Rear),"Yes, M/V and Driver Left Scene",No Controls,2,1,Complains Of Pain,2,,41.81742,-71.4391
922639,2025-00020921,2025-03-26,6:30:00 AM,Vehicle - Vehicle,,W RIVER ST,BRANCH AVE,Luis Garcia Colon,128,2025-03-26,"Two-Way, Divided, Unprotected (painted>4feet) Medium",Dry,Daylight,Clear,Angle (Front - to - Side) Right Angle (Includes Broadside),"Yes, M/V and Driver Left Scene",Traffic Control Signal,1,0,No Injury,2,,41.8469,-71.41269
922640,2025-00020925,2025-03-26,7:21:00 AM,Vehicle - Vehicle,,daboll st,UPDIKE ST,Serge Bouyssou,105,2025-03-26,One-Way Trafficway,Dry,Daylight,Clear,Angle (Front - to - Side) Right Angle (Includes Broadside),No,Stop Signs,2,1,Complains Of Pain,2,,41.80421,-71.42241
922646,2025-00020975,2025-03-26,12:17:00 PM,Vehicle - Parked Vehicle,,BRIDGHAM ST,ELMWOOD AVE,Luis Fernandez,531,2025-03-26,"Two-Way , Not Divided",Dry,Daylight,Cloudy,Rear End(Front-to-Rear),No,No Controls,3,1,Complains Of Pain,2,,41.81277,-71.42221
922648,2025-00020995,2025-03-26,1:13:00 PM,Vehicle - Parked Vehicle,,Bellevue Ave,BUCKLIN ST,Luis Fernandez,531,2025-03-26,"Two-Way , Not Divided",Dry,Daylight,Cloudy,Angle (Front - to - Side) Right Angle (Includes Broadside),No,No Controls,3,0,No Injury,2,,41.80725,-71.42792
922649,2025-00021000,2025-03-26,1:24:00 PM,Vehicle - Vehicle,,BROADWAY,HARRIS AVE,Joshua Cascione,225,2025-03-26,"Two-Way , Not Divided",Dry,Daylight,Cloudy,Angle (Front - to - Side) Right Angle (Includes Broadside),No,No Controls,2,0,No Injury,2,,41.81704,-71.44033
922650,2025-00020997,2025-03-26,12:53:00 PM,Vehicle - Vehicle,,Plainfield Street,DIKE ST,Southavout Im,382,2025-03-26,"Two-Way , Not Divided",Dry,Daylight,Clear,Rear End(Front-to-Rear),No,Unknown,4,0,No Injury,2,,41.81622,-71.44465
922688,2025-00021065,2025-03-26,5:13:00 PM,Vehicle - Pedestrian,Pedestrian,BROOK ST,MEETING ST,Ruben Morales,685,2025-03-27,"Two-Way , Not Divided",Dry,Daylight,Clear,Rear End(Front-to-Rear),"Yes, M/V and Driver Left Scene",No Controls,2,0,Unknown,2,,41.82911,-71.39958
922779,2025-00022251,2025-03-26,4:00:00 PM,Vehicle - Parked Vehicle,,BROAD ST,,Jason Clancy,999,2025-03-31,Unknown,Dry,Daylight,Clear,Unknown,"Yes, M/V and Driver Left Scene",Unknown,2,0,Unknown,2,,,
922647,2025-00020724,2025-03-25,12:25:00 PM,Vehicle - Parked Vehicle,,50 PRAIRIE AVENUE,LOCKWOOD STREET,Flavio Tavares,371,2025-03-26,"Two-Way , Not Divided",Dry,Daylight,Clear,"Sideswipe, Same Direction","Yes, M/V and Driver Left Scene",No Controls,1,0,No Injury,2,,,
922643,2025-00020781,2025-03-25,3:40:00 PM,Vehicle - Vehicle,,MEMORIAL BLVD,COLLEGE ST,Jason Clancy,999,2025-03-26,Unknown,Dry,Daylight,Clear,Rear End(Front-to-Rear),"Yes, M/V and Driver Left Scene",Unknown,2,0,Unknown,2,,41.82411,-71.40823
922644,2025-00020791,2025-03-25,1:47:00 PM,Vehicle - Vehicle,,CRANSTON ST,ANTHONY AVE,Jason Clancy,999,2025-03-26,"Two-Way , Not Divided",Dry,Daylight,Clear,Head-On (Front - to - Front),No,Unknown,1,0,Unknown,2,,41.80435,-71.43856
922641,2025-00020748,2025-03-25,2:35:00 PM,Vehicle - Vehicle,,BROAD ST,,Jason Clancy,999,2025-03-26,One-Way Trafficway,Dry,Daylight,Clear,Rear End(Front-to-Rear),"Yes, M/V and Driver Left Scene",Unknown,1,0,Unknown,2,,41.81803,-71.41621
922638,2025-00020870,2025-03-25,11:08:00 PM,Vehicle - Vehicle,,BRANCH AVE EXIT,BRANCH AVE,Yeisua Jimenez,672,2025-03-26,"Two-Way , Not Divided",Dry,Dark - Lighted,Clear,Angle (Front - to - Side) Right Angle (Includes Broadside),No,Traffic Control Signal,4,0,No Injury,2,,41.84639,-71.41175
922635,2025-00020858,2025-03-25,10:00:00 PM,Vehicle - Parked Vehicle,,THAYER ST,MEETING ST,Jared Guiot,608,2025-03-25,One-Way Trafficway,Dry,Dark - Lighted,Clear,"Sideswipe, Same Direction",No,No Controls,2,0,No Injury,2,,41.82891,-71.40076
922616,2025-00020663,2025-03-25,7:30:00 AM,Vehicle - Vehicle,,RANDALL ST,CHARLES ST,Domingo Diaz,519,2025-03-25,"Two-Way, Divided, Unprotected (painted>4feet) Medium",Wet,Daylight,Clear,Rear End(Front-to-Rear),No,Yield Signs,3,1,Complains Of Pain,2,,41.83638,-71.41186
922617,2025-00020670,2025-03-25,7:48:00 AM,Vehicle - Vehicle,,GLENBRIDGE AVE,LARK ST,Damaris Sanchez,566,2025-03-25,"Two-Way , Not Divided",Dry,Daylight,Clear,Rear - to - Side,No,No Controls,4,0,No Injury,2,,41.82568,-71.45845
922618,2025-00020658,2025-03-25,6:45:00 AM,Vehicle - Parked Vehicle,,66 CONCORD STREET,,Joseph Madeira,552,2025-03-25,"Two-Way , Not Divided",Wet,Daylight,Clear,Rear - to - Side,No,No Controls,2,0,No Injury,2,2,,
922619,2025-00020665,2025-03-25,7:42:00 AM,Vehicle - Vehicle,,SMITHFIELD AVENUE OVERPASS,I 95,Joseph Madeira,552,2025-03-25,"Two-Way, Divided, Positive Median Barrier",Dry,Daylight,Clear,Rear End(Front-to-Rear),No,Stop Signs,4,0,No Injury,2,4,41.83614,-71.41597
922620,2025-00020676,2025-03-25,8:40:00 AM,Vehicle - Parked Vehicle,,TRANSIT ST,HOPE ST,Raleek Byfield,375,2025-03-25,"Two-Way, Divided, Unprotected (painted>4feet) Medium",Dry,Daylight,Clear,"Sideswipe, Same Direction",No,No Controls,3,0,No Injury,2,,41.82072,-71.39592
922621,2025-00020689,2025-03-25,9:49:00 AM,Vehicle - Parked Vehicle,,WHITMARSH ST,BROAD ST,Joshua Cascione,225,2025-03-25,"Two-Way , Not Divided",Dry,Daylight,Clear,"Sidwswipe, Opposite Direction",No,No Controls,3,0,No Injury,2,,41.80606,-71.42051
922622,2025-00020669,2025-03-25,7:55:00 AM,Vehicle - Vehicle,,Kinsley Ave,ACORN ST,Ybelis Gonzalez,376,2025-03-25,One-Way Trafficway,Dry,Daylight,Clear,Angle (Front - to - Side) Same Direction,No,Stop Signs,4,0,No Injury,2,,41.82849,-71.42818
922627,2025-00020761,2025-03-25,2:49:00 PM,Vehicle - Vehicle,,DE PINEDO ST,SILVER SPRING ST,Ptlm. Labutti,104,2025-03-25,"Two-Way , Not Divided",Dry,Daylight,Clear,Rear - to - Side,No,No Controls,2,0,No Injury,2,,41.85518,-71.41232
922628,2025-00020749,2025-03-25,2:39:00 PM,Vehicle - Vehicle,,BUTLER AVE,S ANGELL ST,Jared Guiot,608,2025-03-25,"Two-Way , Not Divided",Dry,Daylight,Clear,Rear End(Front-to-Rear),No,No Controls,2,0,No Injury,2,,41.82942,-71.38505