CrashReportId,ReportNumber,CrashDate,CrashTime,TypeOfCollision,Collision Type,StreetOrHighway,NearestIntersection,Officer,Badge,ReportDate,TypeOfRoadway,RoadSurfaceCondition,LightCondition,WeatherCondition,MannerofImpact,HitAndRun,TrafficControl,PersonCount,InjuryCount,MostSeriousInjury,NumberofVehicles,NumberOfLanes,Latitude,Longitude
922629,2025-00020786,2025-03-25,4:40:00 PM,Vehicle - Vehicle,,BRANCH AVE,BRANCH AVE EXIT,Tyler Calandra,418,2025-03-25,"Two-Way , Not Divided",Dry,Daylight,Clear,Rear End(Front-to-Rear),No,No Controls,6,1,Complains Of Pain,4,,41.85292,-71.42613
922630,2025-00020798,2025-03-25,5:20:00 PM,Vehicle - Vehicle,,DEAN STREET,WEST EXCHANGE STREET,Ian Quinn,102,2025-03-25,"Two-Way, Divided, Positive Median Barrier",Dry,Daylight,Clear,Rear End(Front-to-Rear),No,No Controls,4,1,Complains Of Pain,3,4,,
922613,2025-00020637,2025-03-25,1:46:00 AM,Vehicle - Vehicle,,98 Leah St,CHAUCER ST,Yeisua Jimenez,672,2025-03-25,"Two-Way , Not Divided",Dry,Dark - Lighted,Clear,Head-On (Front - to - Front),"Yes, Driver Left Scene",No Controls,3,0,Unknown,3,,41.82783,-71.45149
922614,2025-00020667,2025-03-25,7:48:00 AM,Vehicle - Vehicle,,MANTON AVE,TANYARD LN,Damaris Sanchez,566,2025-03-25,"Two-Way , Not Divided",Dry,Daylight,Clear,Rear End(Front-to-Rear),No,No Controls,2,0,No Injury,2,,41.81772,-71.44435
922632,2025-00020757,2025-03-25,3:01:00 PM,Vehicle - Vehicle,,Douglas/Fillmore,,Mark Roman,120,2025-03-25,"Two-Way , Not Divided",Dry,Daylight,Clear,Angle (Front - to - Side) Same Direction,No,No Controls,6,0,No Injury,2,,,
922633,2025-00020805,2025-03-25,5:40:00 PM,Vehicle - Vehicle,,NELSON ST,SMITH ST,Colby Berciano,671,2025-03-25,"Two-Way , Not Divided",Dry,Daylight,Clear,Angle (Front - to - Side) Same Direction,No,No Controls,3,0,No Injury,2,,41.84219,-71.44422
922656,2025-00020826,2025-03-25,7:27:00 PM,Vehicle - Vehicle,,EDDY ST,SHIP ST,Ptlw. Martinez,146,2025-03-26,"Two-Way, Divided, Positive Median Barrier",Dry,Dark - Lighted,Clear,Angle (Front - to - Side) Same Direction,No,No Controls,4,0,No Injury,2,,,
922615,2025-00020573,2025-03-24,4:15:00 PM,Vehicle - Vehicle,,BROADWAY,US HWY 6 W,Jason Clancy,999,2025-03-25,Unknown,Wet,Daylight,Rain,Angle (Front - to - Side) Same Direction,"Yes, M/V and Driver Left Scene",Unknown,1,0,Unknown,2,,41.81734,-71.43935
922623,2025-00020709,2025-03-24,11:30:00 AM,Vehicle - Parked Vehicle,,BROAD ST,,Jason Clancy,999,2025-03-25,Unknown,Dry,Daylight,Clear,Unknown,"Yes, M/V and Driver Left Scene",Unknown,1,0,Unknown,2,,,
922670,2025-00021013,2025-03-24,,Vehicle - Parked Vehicle,,MIDDLETON ST,BARBARA ST,Jason Clancy,999,2025-03-27,Unknown,Dry,Daylight,Clear,Rear End(Front-to-Rear),"Yes, M/V and Driver Left Scene",Unknown,1,0,Unknown,2,,41.81988,-71.46723
922575,2025-00020435,2025-03-24,6:08:00 AM,Vehicle - Vehicle,,westminster street,BATTEY ST,Angel Garcia,656,2025-03-24,"Two-Way, Divided, Unprotected (painted>4feet) Medium",Dry,Dawn,Clear,Head-On (Front - to - Front),No,Stop Signs,3,0,No Injury,2,,41.81724,-71.42464
922585,2025-00020468,2025-03-24,10:05:00 AM,Vehicle - Parked Vehicle,,UNION AVE,RICOM WAY,Mario Andrade,130,2025-03-24,"Two-Way , Not Divided",Wet,Daylight,Rain,Not a Collision Between Two Motor Vehicles in Transport,"Yes, M/V and Driver Left Scene",No Controls,2,0,No Injury,2,,41.80829,-71.44198
922586,2025-00020463,2025-03-24,9:34:00 AM,Vehicle - Parked Vehicle,,HAYWARD ST,SOMERSET ST,Serge Bouyssou,105,2025-03-24,"Two-Way , Not Divided",Wet,Daylight,Rain,Unknown,"Yes, M/V and Driver Left Scene",No Controls,1,0,Unknown,2,,41.81316,-71.42092
922591,2025-00020504,2025-03-24,12:40:00 PM,Vehicle - Vehicle,,DOYLE AVE,WILLIAM ELLERY PL,Domingo Diaz,519,2025-03-24,"Two-Way, Divided, Unprotected (painted>4feet) Medium",Wet,Daylight,Rain,Angle (Front - to - Side) Opposite Direction,"Yes, M/V and Driver Left Scene",No Controls,1,0,No Injury,2,,41.83835,-71.4086
922592,2025-00020475,2025-03-24,10:31:00 AM,Vehicle - Vehicle,,288 Kinsley Ave,Dean Street,Ybelis Gonzalez,376,2025-03-24,"Two-Way, Divided, Positive Median Barrier",Wet,Daylight,Clear,Rear End(Front-to-Rear),No,No Controls,2,1,Complains Of Pain,2,,41.82779,-71.42623
922595,2025-00020512,2025-03-24,7:20:00 AM,Vehicle - Parked Vehicle,,CHALKSTONE AVE,RUGGLES ST,Quincy Griffin,970,2025-03-24,"Two-Way , Not Divided",Dry,Daylight,Clear,"Sideswipe, Same Direction","Yes, M/V and Driver Left Scene",No Controls,4,0,Unknown,2,,41.8346,-71.42823
922596,2025-00020513,2025-03-24,1:31:00 PM,Vehicle - Vehicle,,DUDLEY ST,CULVER ST,Ptlm. Castagliuolo,351,2025-03-24,Unknown,Wet,Daylight,Rain,Rear - to - Side,No,No Controls,4,0,No Injury,2,,41.81044,-71.40976
922597,2025-00020529,2025-03-24,3:00:00 PM,Vehicle - Vehicle,,EAST FRANKLIN ST,CLIFFORD ST,Christian Main,145,2025-03-24,One-Way Trafficway,Wet,Daylight,Rain,Angle (Front - to - Side) Same Direction,No,Traffic Control Signal,7,0,No Injury,3,3,,
922598,2025-00020545,2025-03-24,3:51:00 PM,Vehicle - Vehicle,,BROAD ST,PARKVIEW AVE,Nicholas Manfredi,343,2025-03-24,"Two-Way , Not Divided",Wet,Daylight,Rain,Angle (Front - to - Side) Opposite Direction,No,No Controls,3,0,No Injury,2,,41.79219,-71.40719
922599,2025-00020552,2025-03-24,4:21:00 PM,Vehicle - Vehicle,,CHALKSTONE AVE,ROWAN ST,Ptlm. Castagliuolo,351,2025-03-24,"Two-Way , Not Divided",Wet,Daylight,Rain,Angle (Front - to - Side) Right Angle (Includes Broadside),No,Stop Signs,2,1,Complains Of Pain,2,,41.83283,-71.44737
922600,2025-00020540,2025-03-24,3:32:00 PM,Vehicle - Vehicle,,ACADEMY AVE,SMITH ST,Robert Gaudiana,579,2025-03-24,"Two-Way , Not Divided",Wet,Daylight,Rain,Rear End(Front-to-Rear),"Yes, M/V and Driver Left Scene",Traffic Control Signal,1,0,Unknown,2,,41.8425,-71.44515
922601,2025-00020562,2025-03-24,4:37:00 PM,Vehicle - Vehicle,,HOPE ST,MONTAGUE ST,Michael Gammino,491,2025-03-24,"Two-Way, Divided, Unprotected (painted>4feet) Medium",Wet,Daylight,Rain,"Sideswipe, Same Direction","Yes, M/V and Driver Left Scene",No Controls,3,0,No Injury,2,,41.8381,-71.40043
922602,2025-00020567,2025-03-24,5:12:00 PM,Vehicle - Vehicle,,BROAD ST,SERVICE ROAD 8,Ptlm. Castagliuolo,351,2025-03-24,"Two-Way , Not Divided",Wet,Daylight,Rain,Angle (Front - to - Side) Right Angle (Includes Broadside),No,Traffic Control Signal,4,2,Non-Incapacitating,2,,41.81796,-71.41629
922607,2025-00020551,2025-03-24,4:02:00 PM,Vehicle - Vehicle,,PETTEYS AVE,GLENBRIDGE AVE,Stephanie Teran,625,2025-03-24,"Two-Way, Divided, Positive Median Barrier",Wet,Daylight,Rain,Rear End(Front-to-Rear),No,No Controls,2,0,No Injury,2,,41.81816,-71.4617
922608,2025-00020547,2025-03-24,4:02:00 PM,Vehicle - Vehicle,,FROST ST,CONCORD ST,Manuel Tueros,621,2025-03-24,"Two-Way , Not Divided",Wet,Daylight,Rain,Angle (Front - to - Side) Opposite Direction,No,Stop Signs,2,0,No Injury,2,,41.85187,-71.40404
922609,2025-00020607,2025-03-24,9:21:00 PM,Vehicle - Vehicle,,SILVER SPRING ST,BRANCH AVE,Lucas Ramalho,507,2025-03-24,"Two-Way , Not Divided",Wet,Dark - Lighted,Clear,Head-On (Front - to - Front),No,Traffic Control Signal,3,1,Complains Of Pain,2,,41.84784,-71.41471
922610,2025-00020618,2025-03-24,11:10:00 PM,Vehicle - Object,,ALTHEA ST,DEXTER ST,Officer Sesay,612,2025-03-25,"Two-Way , Not Divided",Wet,Dark - Lighted,Clear,Not a Collision Between Two Motor Vehicles in Transport,No,No Controls,3,0,No Injury,1,,41.80617,-71.42925
922611,2025-00020621,2025-03-24,11:23:00 PM,Vehicle - Vehicle,,BROAD ST,,Lucas Ramalho,507,2025-03-25,"Two-Way , Not Divided",Wet,Dark - Lighted,Rain,"Sideswipe, Same Direction",No,Traffic Control Signal,6,0,No Injury,2,,41.81801,-71.41623
922612,2025-00020614,2025-03-24,10:28:00 PM,Vehicle - Vehicle,,ADMIRAL ST,DOUGLAS AVE,Aidan Pendergast,651,2025-03-25,"Two-Way , Not Divided",Wet,Dark - Lighted,"Fog, Smog, Smoke",Angle (Front - to - Side) Right Angle (Includes Broadside),No,Traffic Control Signal,3,0,No Injury,2,,41.84605,-71.429
922576,2025-00020344,2025-03-23,4:50:00 PM,Vehicle - Parked Vehicle,,343 Broad St,BROAD ST,Michelle Chasse,264,2025-03-24,"Two-Way , Not Divided",Dry,Daylight,Clear,"Sideswipe, Same Direction","Yes, M/V and Driver Left Scene",No Controls,1,0,No Injury,2,,41.81412,-71.42132
922577,2025-00020213,2025-03-23,3:25:00 PM,Vehicle - Vehicle,,UNION AVE,UNION AVE EXIT,Quincy Griffin,970,2025-03-24,"Two-Way, Divided, Positive Median Barrier",Dry,Daylight,Clear,"Sideswipe, Same Direction",No,Traffic Control Signal,3,0,Unknown,2,,41.80838,-71.4417
922578,2025-00020401,2025-03-23,11:00:00 PM,Vehicle - Vehicle,,GLASGOW ST,HAWKINS ST,Quincy Griffin,970,2025-03-24,"Two-Way , Not Divided",Dry,Dark - Lighted,Clear,Rear End(Front-to-Rear),"Yes, M/V and Driver Left Scene",No Controls,3,0,Unknown,2,,41.84784,-71.42682
922562,2025-00020329,2025-03-23,3:40:00 PM,Vehicle - Vehicle,,ATWELLS AVE,MANTON AVE,D. Hernandez,148,2025-03-23,"Two-Way , Not Divided",Dry,Daylight,Clear,Rear - to - Side,"Yes, M/V and Driver Left Scene",No Controls,2,0,Unknown,2,,41.82537,-71.45449
922567,2025-00020345,2025-03-23,4:38:00 PM,Vehicle - Vehicle,,395 ADMIRAL ST,,Ptlm. Labutti,104,2025-03-23,Unknown,Dry,Daylight,Clear,Other,No,No Controls,3,0,No Injury,2,,,
922568,2025-00020349,2025-03-23,5:37:00 PM,Vehicle - Pedestrian,Bicycle,smith st,GENTIAN AVE,Tyler Calandra,418,2025-03-23,"Two-Way , Not Divided",Dry,Daylight,Clear,Other,"Yes, M/V and Driver Left Scene",No Controls,1,1,Complains Of Pain,1,,41.84602,-71.45171
922571,2025-00020382,2025-03-23,8:32:00 PM,Vehicle - Vehicle,,SILVER SPRING ST,FELIX MIRANDO WAY,John Palmer,101,2025-03-23,"Two-Way , Not Divided",Dry,Dark - Lighted,Clear,"Sideswipe, Same Direction",No,Traffic Control Signal,3,0,No Injury,2,,41.8515,-71.41307
922572,2025-00020373,2025-03-23,7:38:00 PM,Vehicle - Parked Vehicle,,ATWELLS AVE,CUTLER ST,Saramarie Cerullo,151,2025-03-23,"Two-Way, Divided, Unprotected (painted>4feet) Medium",Dry,Dark - Lighted,Clear,Rear - to - Side,"Yes, M/V and Driver Left Scene",No Controls,1,0,Unknown,2,,41.82468,-71.44157
922573,2025-00020387,2025-03-23,9:39:00 PM,Vehicle - Vehicle,,ALLENS AVE,I 95,Matthew Carlone,602,2025-03-23,"Two-Way , Not Divided",Dry,Dark - Lighted,Clear,"Sideswipe, Same Direction","Yes, M/V and Driver Left Scene",No Controls,2,0,No Injury,2,,41.81229,-71.40548
922574,2025-00020325,2025-03-23,3:35:00 PM,Vehicle - Vehicle,,BROAD ST,OXFORD ST,Matthew Carlone,602,2025-03-23,Unknown,Dry,Daylight,Clear,Unknown,No,No Controls,2,0,No Injury,2,,41.80037,-71.41734
922537,2025-00020171,2025-03-23,12:32:00 AM,Vehicle - Vehicle,,PINE ST,PAGE ST,Alexandria O'Loughlin,676,2025-03-23,One-Way Trafficway,Dry,Dark - Lighted,Clear,Head-On (Front - to - Front),No,Stop Signs,3,0,No Injury,2,,41.82114,-71.41129
922538,2025-00020175,2025-03-23,12:50:00 AM,Vehicle - Object,,DOUGLAS AVE,WHIPPLE ST,Lucas Ramalho,507,2025-03-23,"Two-Way , Not Divided",Dry,Dark - Lighted,Clear,Not a Collision Between Two Motor Vehicles in Transport,No,No Controls,2,0,No Injury,1,,41.83676,-71.42133
922544,2025-00020269,2025-03-23,12:15:00 PM,Vehicle - Vehicle,,Hope,Arnold,Martin Hames,536,2025-03-23,"Two-Way , Not Divided",Dry,Daylight,Clear,"Sideswipe, Same Direction",No,No Controls,3,0,No Injury,2,,,
922549,2025-00020300,2025-03-23,1:08:00 PM,Vehicle - Parked Vehicle,,696 Cranston Street,BENEDICT ST,Luis Fernandez,531,2025-03-23,"Two-Way , Not Divided",Dry,Daylight,Clear,"Sideswipe, Same Direction","Yes, M/V and Driver Left Scene",No Controls,1,0,Unknown,2,,41.80539,-71.43734
922551,2025-00020287,2025-03-23,12:17:00 PM,Vehicle - Vehicle,,ELMWOOD AVE,GALLATIN ST,Hansel Ventura,570,2025-03-23,"Two-Way , Not Divided",Dry,Daylight,Clear,Head-On (Front - to - Front),No,No Controls,2,0,No Injury,2,,41.79397,-71.42393
922552,2025-00020302,2025-03-23,1:27:00 PM,Vehicle - Pedestrian,Pedestrian,ANGELL ST,ARLINGTON AVE,Ptlm. Castagliuolo,351,2025-03-23,One-Way Trafficway,Dry,Daylight,Clear,Not a Collision Between Two Motor Vehicles in Transport,No,Stop Signs,2,1,Non-Incapacitating,1,,41.82937,-71.39217
922558,2025-00020299,2025-03-23,1:13:00 PM,Vehicle - Parked Vehicle,,BRANCH AVE,VANDEWATER ST,Igor Barbosa,114,2025-03-23,Unknown,Dry,Daylight,Clear,Not a Collision Between Two Motor Vehicles in Transport,"Yes, M/V and Driver Left Scene",No Controls,1,0,No Injury,2,,41.85379,-71.42929
922559,2025-00020254,2025-03-23,10:17:00 AM,Vehicle - Parked Vehicle,,HARTFORD AVE,LAUREL HILL AVE,Raleek Byfield,375,2025-03-23,"Two-Way, Divided, Unprotected (painted>4feet) Medium",Dry,Daylight,Clear,"Sideswipe, Same Direction","Yes, M/V and Driver Left Scene",Pavement Markings,4,1,Complains Of Pain,2,,41.81795,-71.45532
922560,2025-00020316,2025-03-23,2:29:00 PM,Vehicle - Vehicle,,NELLIE ST,SMITHFIELD AVE,Ptlm. Labutti,104,2025-03-23,"Two-Way , Not Divided",Dry,Daylight,Clear,Rear End(Front-to-Rear),No,No Controls,4,0,No Injury,2,,41.85737,-71.41083
922711,2025-00020286,2025-03-23,12:47:00 PM,Vehicle - Vehicle,,FRANCIS ST,HAYES ST,Michael Baldassare,568,2025-03-28,"Two-Way , Not Divided",Dry,Daylight,Clear,"Sideswipe, Same Direction",No,No Controls,5,0,No Injury,2,,41.82979,-71.41601
922673,2025-00021024,2025-03-23,2:19:00 AM,Vehicle - Vehicle,,FRANKLIN SQ,FRANKLIN SQ,Jason Clancy,999,2025-03-27,Unknown,Dry,Dark - Unknown Lighting,Clear,Unknown,"Yes, M/V and Driver Left Scene",Unknown,1,0,Unknown,2,,41.81459,-71.40646
922626,2025-00020741,2025-03-22,3:00:00 AM,Vehicle - Parked Vehicle,,SEVENTH ST,,Jason Clancy,999,2025-03-25,Unknown,Dry,Dark - Unknown Lighting,Clear,Angle (Front - to - Side) Same Direction,No,Unknown,3,0,Unknown,2,,,
922669,2025-00020991,2025-03-22,8:30:00 PM,Vehicle - Parked Vehicle,,WASHINGTON ST,UNION ST,Jason Clancy,999,2025-03-27,"Two-Way , Not Divided",Dry,Dark - Unknown Lighting,Clear,Rear End(Front-to-Rear),"Yes, M/V and Driver Left Scene",Unknown,3,0,Unknown,2,,41.82359,-71.41401
922667,2025-00019991,2025-03-22,2:24:00 PM,Vehicle - Vehicle,,PLEASANT VALLEY PKWY,VALLEY ST,Kyana Williams,426,2025-03-27,"Two-Way , Not Divided",Dry,Daylight,Clear,Rear End(Front-to-Rear),No,No Controls,2,1,Complains Of Pain,2,,41.82649,-71.42143
922624,2025-00020773,2025-03-22,9:45:00 AM,Vehicle - Parked Vehicle,,BRANCH AVE,,Jason Clancy,999,2025-03-25,Unknown,Dry,Daylight,Clear,Rear - to - Side,No,Unknown,4,1,Complains Of Pain,2,,,
922636,2025-00020138,2025-03-22,10:40:00 PM,Vehicle - Vehicle,,AFRICA ST,DE PASQUALE AVE,Elijah Perry,618,2025-03-25,"Two-Way , Not Divided",Dry,Dark - Lighted,Clear,"Sideswipe, Same Direction","Yes, M/V and Driver Left Scene",No Controls,1,1,Complains Of Pain,2,,41.82307,-71.42661
922561,2025-00020110,2025-03-22,9:14:00 PM,Vehicle - Vehicle,,FRANCIS ST,MEMORIAL BLVD,Christian Main,145,2025-03-23,"Two-Way, Divided, Unprotected (painted>4feet) Medium",Dry,Dark - Lighted,Clear,Angle (Front - to - Side) Right Angle (Includes Broadside),No,Traffic Control Signal,6,0,No Injury,2,3,,
922532,2025-00020121,2025-03-22,10:10:00 PM,Vehicle - Object,,CARRINGTON AVE,HOWELL ST,Tyler Cargill,619,2025-03-22,"Two-Way , Not Divided",Dry,Dark - Lighted,Clear,Not a Collision Between Two Motor Vehicles in Transport,"Yes, Driver Left Scene",No Controls,1,0,No Injury,1,,41.83656,-71.40257
922536,2025-00020126,2025-03-22,10:47:00 PM,Vehicle - Parked Vehicle,,CHALKSTONE AVE,WINTHROP AVE,Erik Lane,109,2025-03-22,"Two-Way , Not Divided",Dry,Dark - Lighted,Clear,"Sideswipe, Same Direction",No,No Controls,2,0,No Injury,2,,41.83257,-71.45101
922539,2025-00020156,2025-03-22,11:39:00 PM,Vehicle - Vehicle,,WATERMAN ST,BROOK ST,M. Suarez,689,2025-03-23,One-Way Trafficway,Dry,Dark - Lighted,Clear,Head-On (Front - to - Front),"Yes, M/V and Driver Left Scene",No Controls,3,0,No Injury,2,,41.82735,-71.39986
922522,2025-00020048,2025-03-22,5:35:00 PM,Vehicle - Vehicle,,BRANCH AVENUE,BRANCH AVE EXIT,Ian Quinn,102,2025-03-22,"Two-Way , Not Divided",Dry,Daylight,Clear,Other,No,No Controls,7,1,Complains Of Pain,2,4,41.8529,-71.42607
922523,2025-00020029,2025-03-22,4:32:00 PM,Vehicle - Vehicle,,ORMS ST,STATE ST,Raymond Criner,340,2025-03-22,"Two-Way, Divided, Positive Median Barrier",Dry,Daylight,Clear,"Sideswipe, Same Direction",No,Pavement Markings,4,2,Complains Of Pain,2,,41.83481,-71.41384
922524,2025-00020062,2025-03-22,6:06:00 PM,Vehicle - Parked Vehicle,,1 Union St,,Matthew Kelley,186,2025-03-22,"Two-Way , Not Divided",Dry,Daylight,Clear,Unknown,"Yes, M/V and Driver Left Scene",No Controls,1,0,Unknown,2,,41.69065,-71.56302
922525,2025-00019998,2025-03-22,2:58:00 PM,Vehicle - Vehicle,,CANAL ST,SMITH ST,Luis Pelaez,336,2025-03-22,One-Way Trafficway,Dry,Daylight,Clear,Rear End(Front-to-Rear),"Yes, M/V and Driver Left Scene",Traffic Control Signal,2,0,No Injury,2,,41.83142,-71.41134
922526,2025-00020010,2025-03-22,3:31:00 PM,Vehicle - Vehicle,,BROAD ST,PEARL ST,Brendan O'Brien,667,2025-03-22,"Two-Way , Not Divided",Dry,Daylight,Clear,"Sideswipe, Same Direction","Yes, M/V and Driver Left Scene",No Controls,1,0,No Injury,2,,41.81474,-71.42096
922527,2025-00020038,2025-03-22,4:43:00 PM,Vehicle - Vehicle,,RADCLIFFE AVE,CHAD BROWN ST,Ryan Fernandes,125,2025-03-22,"Two-Way , Not Divided",Dry,Daylight,Clear,Rear - to - Side,No,No Controls,5,0,No Injury,2,,41.83914,-71.43119
922502,2025-00019895,2025-03-22,2:08:00 AM,Vehicle - Vehicle,,ATWELLS AVE,SERVICE 7 RD,Karen Milian,673,2025-03-22,"Two-Way , Not Divided",Dry,Dark - Lighted,Clear,"Sideswipe, Same Direction",No,Traffic Control Signal,6,0,No Injury,2,2,,
922503,2025-00019908,2025-03-22,3:00:00 AM,Vehicle - Object,,BYFIELD ST,EDDY ST,Alexandra Dzialo,616,2025-03-22,"Two-Way , Not Divided",Dry,Dark - Lighted,Clear,Angle (Front - to - Side) Opposite Direction,"Yes, M/V and Driver Left Scene",Unknown,2,0,No Injury,1,,41.79674,-71.40541
922504,2025-00019900,2025-03-22,2:42:00 AM,Vehicle - Vehicle,,PUBLIC ST,GORDON AVE,Antonio Valdez,659,2025-03-22,"Two-Way , Not Divided",Dry,Dark - Lighted,Clear,"Sideswipe, Same Direction","Yes, Driver Left Scene",Traffic Control Signal,2,0,No Injury,2,,41.80518,-71.41639
922514,2025-00019951,2025-03-22,11:01:00 AM,Vehicle - Pedestrian,Pedestrian,997 BRANCH AVE,,Joshua Cascione,225,2025-03-22,"Two-Way , Not Divided",Dry,Daylight,Clear,Not a Collision Between Two Motor Vehicles in Transport,No,No Controls,2,2,Complains Of Pain,1,,,
922516,2025-00019963,2025-03-22,11:46:00 AM,Vehicle - Vehicle,,Waterman st,IVES ST,Michael Cifuentes,330,2025-03-22,One-Way Trafficway,Dry,Daylight,Clear,Angle (Front - to - Side) Right Angle (Includes Broadside),No,Stop Signs,5,0,No Injury,2,,41.82778,-71.39291
922518,2025-00019996,2025-03-22,3:15:00 PM,Vehicle - Parked Vehicle,,Broad Street,OXFORD ST,Gerry Kue,393,2025-03-22,"Two-Way , Not Divided",Dry,Daylight,Clear,"Sideswipe, Same Direction",No,No Controls,4,1,Complains Of Pain,2,,41.80043,-71.41742
922519,2025-00020015,2025-03-22,3:41:00 PM,Vehicle - Vehicle,,ADMIRAL STREET,CHARLES STREET,Ian Quinn,102,2025-03-22,"Two-Way, Divided, Positive Median Barrier",Dry,Daylight,Clear,Angle - Direction Not Specified,No,No Controls,4,0,No Injury,2,4,,
922520,2025-00020023,2025-03-22,4:09:00 PM,Vehicle - Vehicle,,UNION AVE,PRISCILLA AVE,Alexander Frias,669,2025-03-22,"Two-Way , Not Divided",Dry,Daylight,Clear,Angle (Front - to - Side) Right Angle (Includes Broadside),No,No Controls,3,0,No Injury,2,,41.80731,-71.44572
922579,2025-00020053,2025-03-22,3:30:00 AM,Vehicle - Parked Vehicle,,7TH ST,,Quincy Griffin,970,2025-03-24,Unknown,Dry,Unknown,Clear,Unknown,"Yes, M/V and Driver Left Scene",No Controls,2,0,Unknown,2,,,
922543,2025-00019935,2025-03-22,9:46:00 AM,Vehicle - Parked Vehicle,,33 Cyr St,MONTGOMERY AVE,Michelle Chasse,264,2025-03-23,"Two-Way , Not Divided",Dry,Daylight,Clear,Unknown,"Yes, M/V and Driver Left Scene",No Controls,1,0,Unknown,2,,41.78648,-71.40378
922594,2025-00020494,2025-03-22,10:30:00 AM,Vehicle - Object,,ATWELLS AVE,MANTON AVE,Quincy Griffin,970,2025-03-24,"Two-Way , Not Divided",Dry,Unknown,Clear,Unknown,"Yes, M/V and Driver Left Scene",No Controls,1,0,Unknown,1,,41.82537,-71.45461
922570,2025-00019842,2025-03-21,9:32:00 PM,Vehicle - Vehicle,,ELMWOOD AVE,STATE HWY 10 S,Thomas Jones,160,2025-03-23,"Two-Way , Not Divided",Dry,Dark - Lighted,Clear,Rear End(Front-to-Rear),No,No Controls,3,1,Complains Of Pain,3,,41.78144,-71.41963
922580,2025-00019943,2025-03-21,8:15:00 PM,Vehicle - Vehicle,,ATWELLS AVE,DEAN ST,Quincy Griffin,970,2025-03-24,"Two-Way , Not Divided",Dry,Dark - Lighted,Clear,Rear End(Front-to-Rear),"Yes, M/V and Driver Left Scene",Traffic Control Signal,2,0,Unknown,2,,41.82339,-71.42422
922581,2025-00019850,2025-03-21,9:30:00 AM,Vehicle - Parked Vehicle,,SMITH ST,SMITH ST,Quincy Griffin,970,2025-03-24,Unknown,Dry,Daylight,Clear,Unknown,"Yes, M/V and Driver Left Scene",No Controls,1,0,Unknown,2,,,
922582,2025-00019818,2025-03-21,4:35:00 PM,Vehicle - Vehicle,,TOBEY ST,BROADWAY,Quincy Griffin,970,2025-03-24,"Two-Way , Not Divided",Dry,Daylight,Clear,"Sideswipe, Same Direction","Yes, M/V and Driver Left Scene",No Controls,2,0,Unknown,2,,41.81855,-71.43506
922521,2025-00019762,2025-03-21,3:56:00 PM,Vehicle - Vehicle,,TABER AVE,ANGELL ST,Luis Pelaez,336,2025-03-22,"Two-Way , Not Divided",Dry,Daylight,Clear,Angle (Front - to - Side) Right Angle (Includes Broadside),No,No Controls,4,0,No Injury,2,2,41.82961,-71.39098
922488,2025-00019699,2025-03-21,11:02:00 AM,Vehicle - Vehicle,,Hartford Ave,LAUREL HILL AVE,Ajay Subramaniam,569,2025-03-21,"Two-Way , Not Divided",Dry,Daylight,Cloudy,Angle (Front - to - Side) Opposite Direction,No,Stop Signs,2,1,Complains Of Pain,2,,41.81795,-71.45532
922489,2025-00019743,2025-03-21,2:03:00 PM,Vehicle - Object,,25-23 WOODBINE ST,STEELE ST,George Pereira,421,2025-03-21,"Two-Way , Not Divided",Dry,Daylight,Clear,Other,No,No Controls,2,0,No Injury,1,,41.84574,-71.40485
922509,2025-00019693,2025-03-21,10:37:00 AM,Vehicle - Vehicle,,BROOK ST,CHARLESFIELD ST,Ptlm. Castagliuolo,351,2025-03-21,"Two-Way , Not Divided",Dry,Daylight,Clear,Not a Collision Between Two Motor Vehicles in Transport,No,Pavement Markings,3,0,No Injury,2,,41.82412,-71.39886
922481,2025-00019656,2025-03-21,7:12:00 AM,Vehicle - Object,,KILLINGLY STREET,ELIZA STREET,Patrolwoman Addai,513,2025-03-21,"Two-Way, Divided, Unprotected (painted>4feet) Medium",Wet,Daylight,Rain,Not a Collision Between Two Motor Vehicles in Transport,"Yes, M/V and Driver Left Scene",No Controls,0,0,Unknown,1,2,,
922486,2025-00019691,2025-03-21,10:29:00 AM,Vehicle - Object,,Dean Street,West Exchange Street,James Lanier,211,2025-03-21,"Two-Way, Divided, Positive Median Barrier",Dry,Daylight,Clear,Not a Collision Between Two Motor Vehicles in Transport,No,Pavement Markings,2,0,No Injury,1,2,41.82556,-71.42585
922528,2025-00019777,2025-03-21,5:09:00 PM,Vehicle - Vehicle,,SMITH ST,RUGGLES ST,Ryan Fernandes,125,2025-03-22,"Two-Way, Divided, Unprotected (painted>4feet) Medium",Dry,Daylight,Clear,Rear End(Front-to-Rear),No,No Controls,2,0,No Injury,2,,41.83616,-71.42827
922540,2025-00021059,2025-03-21,11:55:00 PM,Vehicle - Vehicle,,Plainfield Street,PLAINFIELD ST,Luis Boror,575,2025-03-23,"Two-Way , Not Divided",Dry,Dark - Lighted,Clear,Angle (Front - to - Side) Right Angle (Includes Broadside),No,No Controls,3,1,Complains Of Pain,2,,41.81461,-71.44678