CrashReportId,ReportNumber,CrashDate,CrashTime,TypeOfCollision,Collision Type,StreetOrHighway,NearestIntersection,Officer,Badge,ReportDate,TypeOfRoadway,RoadSurfaceCondition,LightCondition,WeatherCondition,MannerofImpact,HitAndRun,TrafficControl,PersonCount,InjuryCount,MostSeriousInjury,NumberofVehicles,NumberOfLanes,Latitude,Longitude
922494,2025-00019775,2025-03-21,5:10:00 PM,Vehicle - Vehicle,,MEMORIAL BLVD,FRANCIS ST,Christian Main,145,2025-03-21,"Two-Way, Divided, Positive Median Barrier",Dry,Daylight,Clear,Angle (Front - to - Side) Right Angle (Includes Broadside),No,Traffic Control Signal,4,0,No Injury,2,3,,
922495,2025-00019820,2025-03-21,7:32:00 PM,Vehicle - Vehicle,,CHALKSTONE AVE,ACADEMY AVE,Cory Nicholls,609,2025-03-21,"Two-Way , Not Divided",Dry,Dark - Lighted,Clear,Rear End(Front-to-Rear),"Yes, M/V and Driver Left Scene",Traffic Control Signal,2,0,No Injury,2,,41.83243,-71.44439
922496,2025-00019747,2025-03-21,2:33:00 PM,Vehicle - Pedestrian,Pedestrian,BRANCH AVE,DRYDEN LN,Raymond Criner,340,2025-03-21,"Two-Way , Not Divided",Dry,Daylight,Clear,Not a Collision Between Two Motor Vehicles in Transport,"Yes, M/V and Driver Left Scene",Pavement Markings,5,1,Complains Of Pain,1,,41.84308,-71.40852
922497,2025-00019804,2025-03-21,6:27:00 PM,Vehicle - Vehicle,,Fountain St,DORRANCE ST,Matthew Kelley,186,2025-03-21,One-Way Trafficway,Dry,Dark - Lighted,Clear,Rear End(Front-to-Rear),No,Traffic Control Signal,2,0,No Injury,2,,41.82482,-71.41424
922498,2025-00019843,2025-03-21,9:32:00 PM,Vehicle - Vehicle,,ATWELLS AVE,VALLEY ST,Arthur Lima,126,2025-03-21,"Two-Way , Not Divided",Dry,Dark - Lighted,Clear,Rear End(Front-to-Rear),"Yes, M/V and Driver Left Scene",Traffic Control Signal,1,0,No Injury,2,,41.82456,-71.4395
922499,2025-00019769,2025-03-21,4:32:00 PM,Vehicle - Vehicle,,LOWELL AVE,HARLAM ST,Alexander Frias,669,2025-03-21,"Two-Way , Not Divided",Dry,Daylight,Clear,"Sideswipe, Same Direction",No,No Controls,3,1,Non-Incapacitating,2,,41.81246,-71.45871
922500,2025-00019828,2025-03-21,8:09:00 PM,Vehicle - Vehicle,,CHARLES STREET,PAUL STREET,Ian Quinn,102,2025-03-21,"Two-Way , Not Divided",Dry,Dark - Lighted,Clear,Rear End(Front-to-Rear),No,No Controls,6,0,No Injury,2,2,,
922501,2025-00019852,2025-03-21,10:23:00 PM,Vehicle - Object,,JOSEPH ST,BAGALIA RD,Lucas Ramalho,507,2025-03-22,"Two-Way , Not Divided",Dry,Dark - Lighted,Clear,Not a Collision Between Two Motor Vehicles in Transport,"Yes, Driver Left Scene",Stop Signs,2,0,No Injury,1,,41.85609,-71.44225
922625,2025-00020752,2025-03-21,8:25:00 PM,Vehicle - Vehicle,,THURBERS AVE,I 95 S,Jason Clancy,999,2025-03-25,Unknown,Dry,Dark - Unknown Lighting,Clear,Rear End(Front-to-Rear),No,Unknown,4,0,Unknown,2,,41.80057,-71.40311
922715,2025-00019669,2025-03-21,8:34:00 AM,Vehicle - Vehicle,,ETHAN ST,PRUDENCE AVE,Ajay Subramaniam,569,2025-03-28,"Two-Way , Not Divided",Wet,Daylight,Rain,Angle (Front - to - Side) Same Direction,No,Stop Signs,3,0,No Injury,2,,41.80648,-71.4601
922798,2025-00019780,2025-03-21,5:14:00 PM,Vehicle - Vehicle,,ATWOOD ST,PLAINFIELD ST,Nathaniel Eastman,112,2025-03-31,"Two-Way , Not Divided",Dry,Daylight,Clear,Rear End(Front-to-Rear),No,Traffic Control Signal,4,0,No Injury,2,,41.81596,-71.44507
923069,2025-00019675,2025-03-21,9:13:00 AM,Vehicle - Parked Vehicle,,LOCKWOOD ST,PLAIN ST,D WILSON,123,2025-04-09,"Two-Way , Not Divided",Dry,Daylight,Clear,Not a Collision Between Two Motor Vehicles in Transport,"Yes, M/V and Driver Left Scene",No Controls,1,0,No Injury,2,,41.81152,-71.41172
922776,2025-00021522,2025-03-20,4:00:00 PM,Vehicle - Vehicle,,ELMWOOD AVE,THACKERY ST,Jason Clancy,999,2025-03-31,"Two-Way , Not Divided",Dry,Daylight,Clear,Angle (Front - to - Side) Same Direction,No,Unknown,2,0,Unknown,2,,41.79208,-71.42288
922631,2025-00019546,2025-03-20,4:00:00 PM,Vehicle - Vehicle,,Broadway,Knight st,Conor Fleurant,171,2025-03-25,"Two-Way , Not Divided",Dry,Daylight,Cloudy,Rear End(Front-to-Rear),No,No Controls,2,1,Complains Of Pain,2,2,,
922645,2025-00019491,2025-03-20,12:53:00 PM,Vehicle - Vehicle,,Westminster Street,BROADWAY,Southavout Im,382,2025-03-26,"Two-Way , Not Divided",Dry,Daylight,Clear,"Sideswipe, Same Direction",No,No Controls,3,0,No Injury,2,,41.81664,-71.44212
922651,2025-00019461,2025-03-20,11:15:00 AM,Vehicle - Object,,43 BOWDOIN ST,AUDREY ST,D WILSON,123,2025-03-26,"Two-Way, Divided, Unprotected (painted>4feet) Medium",Dry,Daylight,Cloudy,Not a Collision Between Two Motor Vehicles in Transport,No,No Controls,1,0,No Injury,1,,41.82109,-71.44335
922445,2025-00019424,2025-03-20,7:29:00 AM,Vehicle - Vehicle,,GESLER ST,KNIGHT ST,Matthew Sandorse,508,2025-03-20,"Two-Way , Not Divided",Wet,Daylight,Clear,Angle (Front - to - Side) Right Angle (Includes Broadside),No,Stop Signs,4,0,No Injury,2,,41.82272,-71.43185
922471,2025-00019576,2025-03-20,7:17:00 PM,Vehicle - Vehicle,,w river st,BRANCH AVE,Tyler Cargill,619,2025-03-20,"Two-Way , Not Divided",Wet,Dark - Lighted,Rain,Rear End(Front-to-Rear),No,Traffic Control Signal,3,0,No Injury,3,,41.8469,-71.41269
922472,2025-00018696,2025-03-20,12:28:00 PM,Vehicle - Parked Vehicle,,HOLDEN ST,COMMON ST,Michael Duffy,354,2025-03-20,Unknown,Dry,Daylight,Clear,"Sidwswipe, Opposite Direction","Yes, M/V and Driver Left Scene",No Controls,1,0,No Injury,2,,41.83276,-71.4181
922474,2025-00019587,2025-03-20,7:54:00 PM,Vehicle - Vehicle,,N MAIN ST,N MAIN ST,Michael Gammino,491,2025-03-20,"Two-Way , Not Divided",Wet,Dark - Lighted,"Fog, Smog, Smoke","Sideswipe, Same Direction",No,No Controls,2,0,No Injury,2,,41.85568,-71.39994
922475,2025-00019418,2025-03-20,6:07:00 AM,Vehicle - Vehicle,,DUDLEY ST,PRAIRIE AVE,Thomas O'Mara,650,2025-03-20,"Two-Way , Not Divided",Wet,Dawn,Rain,Angle (Front - to - Side) Right Angle (Includes Broadside),No,Stop Signs,2,0,No Injury,2,,41.80995,-71.41567
922477,2025-00019624,2025-03-20,11:58:00 PM,Vehicle - Object,,Charles Street,CORLISS ST,Matthew Lombardi,674,2025-03-21,"Two-Way, Divided, Unprotected (painted>4feet) Medium",Wet,Dark - Lighted,Clear,Rear End(Front-to-Rear),"Yes, M/V and Driver Left Scene",Traffic Control Signal,1,0,No Injury,1,2,41.83806,-71.41452
922478,2025-00019540,2025-03-20,1:24:00 PM,Vehicle - Vehicle,,RIVER AVE,DOUGLAS AVE,Quincy Griffin,970,2025-03-21,"Two-Way , Not Divided",Dry,Daylight,Clear,Rear End(Front-to-Rear),"Yes, M/V and Driver Left Scene",No Controls,3,1,Complains Of Pain,2,,41.85273,-71.43717
922451,2025-00019426,2025-03-20,7:55:00 AM,Vehicle - Vehicle,,BRANCH AVE,LANGDON ST,Luis Garcia Colon,128,2025-03-20,"Two-Way, Divided, Unprotected (painted>4feet) Medium",Wet,Daylight,Cloudy,Angle (Front - to - Side) Opposite Direction,No,No Controls,4,0,No Injury,2,,41.85223,-71.4245
922452,2025-00019434,2025-03-20,8:27:00 AM,Vehicle - Vehicle,,canal st,PARK ROW,Louis Gianfrancesco,350,2025-03-20,One-Way Trafficway,Wet,Daylight,Cloudy,Rear End(Front-to-Rear),No,No Controls,2,1,Complains Of Pain,2,2,41.82874,-71.41078
922453,2025-00019436,2025-03-20,8:44:00 AM,Vehicle - Vehicle,,DOUGLAS AVE,DOUGLAS AVE,Christopher Hines,537,2025-03-20,"Two-Way , Not Divided",Wet,Daylight,"Sleet, Hail (Freezing Rain or Drizzle)",Angle (Front - to - Side) Right Angle (Includes Broadside),No,Stop Signs,2,0,No Injury,2,,41.84661,-71.42967
922454,2025-00019432,2025-03-20,8:16:00 AM,Vehicle - Vehicle,,POINT ST,EDDY ST,Victor Tavarez,564,2025-03-20,"Two-Way, Divided, Positive Median Barrier",Dry,Daylight,Cloudy,Rear End(Front-to-Rear),No,Traffic Control Signal,3,0,No Injury,2,,41.81687,-71.40648
922455,2025-00019443,2025-03-20,9:00:00 AM,Vehicle - Vehicle,,REYNOLDS AVE,BURNSIDE ST,Matthew Sheridan,229,2025-03-20,"Two-Way , Not Divided",Wet,Daylight,Clear,Angle (Front - to - Side) Right Angle (Includes Broadside),No,No Controls,3,0,No Injury,2,,41.80525,-71.4124
922457,2025-00019460,2025-03-20,11:06:00 AM,Vehicle - Object,,PLAIN ST,RHODES ST,Joshua Cascione,225,2025-03-20,"Two-Way , Not Divided",Dry,Daylight,Cloudy,Not a Collision Between Two Motor Vehicles in Transport,No,No Controls,2,0,No Injury,1,,41.80734,-71.4102
922458,2025-00019419,2025-03-20,11:37:00 AM,Vehicle - Vehicle,,ROCHAMBEAU AVE,ELMGROVE AVE,Yesenia Caba,549,2025-03-20,"Two-Way , Not Divided",Wet,Dark - Unknown Lighting,"Fog, Smog, Smoke",Angle (Front - to - Side) Right Angle (Includes Broadside),No,Traffic Control Signal,3,1,Complains Of Pain,2,,41.84657,-71.39126
922459,2025-00019430,2025-03-20,8:12:00 AM,Vehicle - Vehicle,,DEXTER ST,POTTERS AVE,Hildenise Espanol,137,2025-03-20,"Two-Way , Not Divided",Dry,Daylight,Cloudy,Angle (Front - to - Side) Same Direction,No,Stop Signs,4,0,No Injury,2,,41.80249,-71.43059
922460,2025-00019168,2025-03-20,12:16:00 PM,Vehicle - Vehicle,,STEUBEN ST,MANTON AVE,Raleek Byfield,375,2025-03-20,"Two-Way, Divided, Unprotected (painted>4feet) Medium",Dry,Daylight,Clear,"Sidwswipe, Opposite Direction",No,Stop Signs,3,0,No Injury,2,,41.8227,-71.45018
922461,2025-00019500,2025-03-20,2:07:00 PM,Vehicle - Vehicle,,EDDY ST,RHODES ST,Joshua Cascione,225,2025-03-20,"Two-Way , Not Divided",Dry,Daylight,Cloudy,Rear - to - Rear,No,No Controls,2,0,No Injury,2,,41.80879,-71.40723
922462,2025-00019501,2025-03-20,2:12:00 PM,Vehicle - Pedestrian,Pedestrian,VALLEY ST,WOLCOTT ST,Raleek Byfield,375,2025-03-20,"Two-Way, Divided, Unprotected (painted>4feet) Medium",Dry,Daylight,Clear,Not a Collision Between Two Motor Vehicles in Transport,No,No Controls,3,0,No Injury,1,,41.829,-71.43331
922463,2025-00019524,2025-03-20,3:41:00 PM,Vehicle - Vehicle,,BRANCH AVE,W RIVER ST,Ptlm. Labutti,104,2025-03-20,"Two-Way , Not Divided",Dry,Daylight,Cloudy,Rear End(Front-to-Rear),No,Traffic Control Signal,3,0,No Injury,2,,41.84694,-71.41279
922465,2025-00019530,2025-03-20,3:52:00 PM,Vehicle - Pedestrian,Pedestrian,MEETING ST,THAYER ST,Cory Nicholls,609,2025-03-20,"Two-Way , Not Divided",Dry,Daylight,Clear,Unknown,"Yes, M/V and Driver Left Scene",No Controls,3,0,Unknown,2,,41.82918,-71.40061
922466,2025-00019548,2025-03-20,5:10:00 PM,Vehicle - Vehicle,,PLAINFIELD STREET,POCASSET AVENUE,Marco Figueroa,110,2025-03-20,"Two-Way , Not Divided",Dry,Daylight,Cloudy,Rear End(Front-to-Rear),"Yes, M/V and Driver Left Scene",Traffic Control Signal,1,0,No Injury,2,,,
922550,2025-00019464,2025-03-20,11:30:00 AM,Vehicle - Vehicle,,FOUNTAIN ST,EMPIRE ST,Lucio Andreozzi,381,2025-03-23,"Two-Way, Divided, Positive Median Barrier",Dry,Daylight,Clear,Angle (Front - to - Side) Same Direction,No,Traffic Control Signal,4,0,No Injury,2,3,41.82236,-71.41711
922480,2025-00019638,2025-03-20,12:50:00 AM,Vehicle - Vehicle,,ATWELLS AVE,ATWELLS AVE,Quincy Griffin,970,2025-03-21,"Two-Way , Not Divided",Dry,Dark - Lighted,Clear,Unknown,"Yes, M/V and Driver Left Scene",Unknown,2,0,Unknown,2,,41.82304,-71.41931
922515,2025-00019451,2025-03-20,10:27:00 AM,Vehicle - Parked Vehicle,,BUTLER DR,BLACKSTONE BLVD,Yesenia Caba,549,2025-03-22,"Two-Way , Not Divided",Dry,Daylight,Clear,Rear - to - Rear,"Yes, M/V and Driver Left Scene",No Controls,1,0,Unknown,2,,41.84629,-71.38646
922487,2025-00019676,2025-03-19,3:45:00 PM,Vehicle - Object,,593 EDDY ST,,Quincy Griffin,970,2025-03-21,Unknown,Dry,Daylight,Clear,Unknown,"Yes, M/V and Driver Left Scene",No Controls,1,0,Unknown,1,,,
922542,2025-00019201,2025-03-19,12:54:00 PM,Vehicle - Vehicle,,EXIT (RT ),RESERVOIR AVE,Luis Quinilla,572,2025-03-23,"Two-Way , Not Divided",Dry,Daylight,Clear,Other,"Yes, M/V and Driver Left Scene",Traffic Control Signal,1,0,No Injury,2,,41.7878,-71.43204
922584,2025-00019807,2025-03-19,,Vehicle - Object,,WATERMAN ST,BROWN ST,Quincy Griffin,970,2025-03-24,"Two-Way , Not Divided",Dry,Daylight,Clear,Unknown,"Yes, M/V and Driver Left Scene",No Controls,1,0,Unknown,1,,41.82705,-71.40309
922467,2025-00019280,2025-03-19,5:30:00 PM,Vehicle - Vehicle,,BRIDGHAM ST,WESTMINSTER ST,Peyton Ginolfi,657,2025-03-20,"Two-Way , Not Divided",Dry,Daylight,Clear,Rear - to - Side,"Yes, M/V and Driver Left Scene",No Controls,3,1,Complains Of Pain,2,,41.81698,-71.4285
922447,2025-00019253,2025-03-19,2:24:00 PM,Vehicle - Vehicle,,51 SILVER SPRING ST,,Quincy Griffin,970,2025-03-20,"Two-Way , Not Divided",Dry,Daylight,Clear,Angle (Front - to - Side) Opposite Direction,No,No Controls,3,0,Unknown,2,,,
922448,2025-00019276,2025-03-19,1:13:00 PM,Vehicle - Parked Vehicle,,700 SMITH ST,,Quincy Griffin,970,2025-03-20,"Two-Way , Not Divided",Dry,Daylight,Clear,Unknown,"Yes, M/V and Driver Left Scene",No Controls,1,0,Unknown,2,,,
922449,2025-00019260,2025-03-19,1:12:00 PM,Vehicle - Vehicle,,KINSLEY AVE,DEAN ST,Quincy Griffin,970,2025-03-20,"Two-Way , Not Divided",Dry,Daylight,Clear,Rear End(Front-to-Rear),"Yes, M/V and Driver Left Scene",Yield Signs,3,0,Unknown,2,,41.82883,-71.42652
922450,2025-00019212,2025-03-19,1:29:00 PM,Vehicle - Vehicle,,CHALKSTONE AVE,ACADEMY AVE,Jason Dennis,392,2025-03-20,"Two-Way , Not Divided",Dry,Daylight,Clear,"Sideswipe, Same Direction",No,No Controls,4,0,No Injury,2,,41.8324,-71.44422
922479,2025-00019487,2025-03-19,3:15:00 PM,Vehicle - Parked Vehicle,,425 S MAIN ST,,Quincy Griffin,970,2025-03-21,Unknown,Dry,Daylight,Clear,Unknown,No,No Controls,2,0,Unknown,2,,,
922476,2025-00019356,2025-03-19,10:14:00 PM,Vehicle - Vehicle,,DORRANCE ST,EXCHANGE TER,Ridalson Emile,649,2025-03-21,One-Way Trafficway,Dry,Dark - Lighted,Cloudy,Angle (Front - to - Side) Same Direction,No,Flashing Traffic Control Signal,3,0,No Injury,2,,41.82482,-71.41418
922414,2025-00019110,2025-03-19,1:08:00 AM,Vehicle - Object,,DUDLEY STREET,GAY STREET,Tyler Houlihan,617,2025-03-19,"Two-Way, Divided, Positive Median Barrier",Dry,Dark - Lighted,Cloudy,Not a Collision Between Two Motor Vehicles in Transport,"Yes, Driver Left Scene",No Controls,3,0,No Injury,1,,,
922416,2025-00019125,2025-03-19,2:41:00 AM,Vehicle - Object,,670 N Main St,N MAIN ST,Patrolwoman Viera,678,2025-03-19,"Two-Way, Divided, Positive Median Barrier",Dry,Dark - Lighted,Clear,Other,"Yes, Driver Left Scene",Traffic Control Signal,1,0,No Injury,1,,41.83753,-71.40974
922417,2025-00018950,2025-03-19,1:45:00 AM,Vehicle - Object,,ARLINGTON AVE,LLOYD AVE,Raleek Byfield,375,2025-03-19,"Two-Way , Not Divided",Dry,Daylight,Clear,Not a Collision Between Two Motor Vehicles in Transport,No,No Controls,2,0,No Injury,1,,41.83326,-71.39417
922420,2025-00019145,2025-03-19,8:10:00 AM,Vehicle - Parked Vehicle,,MANTON AVE,HYAT ST,Damaris Sanchez,566,2025-03-19,"Two-Way , Not Divided",Dry,Daylight,Clear,"Sideswipe, Same Direction",No,No Controls,5,0,No Injury,2,,41.82141,-71.44845
922424,2025-00019161,2025-03-19,10:18:00 AM,Vehicle - Pedestrian,Pedestrian,3 RICOM WAY,,Raleek Byfield,375,2025-03-19,"Two-Way , Not Divided",Dry,Daylight,Clear,Not a Collision Between Two Motor Vehicles in Transport,No,No Controls,2,1,Complains Of Pain,1,,,
922426,2025-00019190,2025-03-19,12:08:00 PM,Vehicle - Vehicle,,DEAN ST,PROMENADE ST,Igor Barbosa,114,2025-03-19,"Two-Way, Divided, Unprotected (painted>4feet) Medium",Dry,Daylight,Clear,Rear End(Front-to-Rear),No,Traffic Control Signal,2,0,No Injury,2,,41.82923,-71.42672
922427,2025-00019230,2025-03-19,2:56:00 PM,Vehicle - Vehicle,,NELLIE ST,SELKIRK ST,Tyler Calandra,418,2025-03-19,"Two-Way , Not Divided",Dry,Daylight,Clear,Angle (Front - to - Side) Right Angle (Includes Broadside),No,No Controls,2,1,Complains Of Pain,2,,41.85738,-71.41086
922432,2025-00019237,2025-03-19,3:20:00 PM,Vehicle - Vehicle,,BRANCH AVE EXIT,BRANCH AVE,Ptlm.  Labutti,104,2025-03-19,"Two-Way , Not Divided",Dry,Daylight,Clear,Angle (Front - to - Side) Right Angle (Includes Broadside),No,Traffic Control Signal,3,0,No Injury,2,,41.85272,-71.42566
922435,2025-00019236,2025-03-19,3:17:00 PM,Vehicle - Vehicle,,GREENE ST,BROAD ST,Cassidy Simanski,132,2025-03-19,"Two-Way, Divided, Unprotected (painted>4feet) Medium",Dry,Daylight,Clear,Angle (Front - to - Side) Right Angle (Includes Broadside),No,Traffic Control Signal,4,0,No Injury,2,,41.81944,-71.415
922436,2025-00019278,2025-03-19,5:28:00 PM,Vehicle - Parked Vehicle,,CHATHAM ST,DENISON ST,Ptlm. Labutti,104,2025-03-19,"Two-Way , Not Divided",Dry,Daylight,Clear,"Sideswipe, Same Direction","Yes, M/V and Driver Left Scene",No Controls,1,0,Unknown,2,,41.84818,-71.4171
922437,2025-00019273,2025-03-19,5:15:00 PM,Vehicle - Parked Vehicle,,N MAIN ST,N MAIN ST,Michael Gammino,491,2025-03-19,"Two-Way , Not Divided",Dry,Daylight,Clear,Rear - to - Side,"Yes, M/V and Driver Left Scene",No Controls,1,0,Unknown,2,,41.85578,-71.39989
922438,2025-00019308,2025-03-19,7:03:00 PM,Vehicle - Vehicle,,PARK ST,SMITH ST,Lane,109,2025-03-19,"Two-Way , Not Divided",Dry,Dark - Lighted,Clear,Rear End(Front-to-Rear),No,No Controls,5,1,Complains Of Pain,2,,41.83183,-71.41691
922439,2025-00019263,2025-03-19,4:50:00 PM,Vehicle - Vehicle,,KNOWLES ST,CYPRESS ST,Manuel Tueros,621,2025-03-19,"Two-Way , Not Divided",Dry,Daylight,Clear,Angle (Front - to - Side) Opposite Direction,No,Stop Signs,2,1,Complains Of Pain,2,,41.84214,-71.40482
922440,2025-00019318,2025-03-19,7:25:00 PM,Vehicle - Parked Vehicle,,SILVER SPRING ST,ROYAL LITTLE DR,Tyler Cargill,619,2025-03-19,"Two-Way , Not Divided",Dry,Dark - Lighted,Clear,"Sideswipe, Same Direction",No,No Controls,4,0,No Injury,2,,41.84669,-71.41621
922441,2025-00019282,2025-03-19,5:40:00 PM,Vehicle - Vehicle,,WATERMAN ST,GANO ST,Jared Guiot,608,2025-03-19,"Two-Way , Not Divided",Dry,Daylight,Clear,"Sideswipe, Same Direction",No,No Controls,2,0,No Injury,2,,41.82818,-71.39075
922442,2025-00019246,2025-03-19,3:55:00 PM,Vehicle - Pedestrian,Pedestrian,DOUGLAS AVE,CHAD BROWN ST,Raymond Criner,340,2025-03-19,"Two-Way , Not Divided",Dry,Daylight,Clear,Not a Collision Between Two Motor Vehicles in Transport,No,Stop Signs,4,2,Complains Of Pain,1,,41.83966,-71.4262
922443,2025-00019320,2025-03-19,7:34:00 PM,Vehicle - Vehicle,,Admiral/Chad,,Mark Roman,120,2025-03-19,"Two-Way , Not Divided",Dry,Daylight,Clear,Angle (Front - to - Side) Same Direction,"Yes, M/V and Driver Left Scene",No Controls,1,0,Unknown,2,,,
922444,2025-00019347,2025-03-19,9:35:00 PM,Vehicle - Vehicle,,FROST ST,N MAIN ST,Manuel Tueros,621,2025-03-19,One-Way Trafficway,Dry,Dark - Lighted,Clear,Angle (Front - to - Side) Opposite Direction,"Yes, M/V and Driver Left Scene",Traffic Control Signal,4,0,No Injury,2,,41.85145,-71.40278
922209,2025-00017425,2025-03-19,5:58:00 PM,Vehicle - Parked Vehicle,,BOWDOIN ST,KOSSUTH ST,Alexander Frias,669,2025-03-12,"Two-Way , Not Divided",Dry,Daylight,Clear,Angle (Front - to - Side) Same Direction,No,No Controls,1,1,Non-Incapacitating,2,,,
922392,2025-00018877,2025-03-18,7:21:00 AM,Vehicle - Vehicle,,ACADEMY AVE,BELMONT AVE,Raleek Byfield,375,2025-03-18,"Two-Way, Divided, Unprotected (painted>4feet) Medium",Dry,Daylight,Clear,Rear End(Front-to-Rear),No,Other,3,0,No Injury,2,,41.83218,-71.44449
922393,2025-00018893,2025-03-18,9:24:00 AM,Vehicle - Vehicle,,HARRISON ST,WESTMINSTER ST,Mario Andrade,130,2025-03-18,"Two-Way, Divided, Positive Median Barrier",Dry,Daylight,Cloudy,Angle (Front - to - Side) Same Direction,No,No Controls,3,0,No Injury,2,,41.81671,-71.43031
922401,2025-00018933,2025-03-18,12:30:00 PM,Vehicle - Vehicle,,186 wayland ave,WATERMAN ST,Louis Gianfrancesco,350,2025-03-18,"Two-Way, Divided, Unprotected (painted>4feet) Medium",Dry,Daylight,Clear,Angle (Front - to - Side) Same Direction,No,No Controls,3,0,No Injury,2,1,41.82888,-71.3883
922425,2025-00018965,2025-03-18,2:23:00 PM,Vehicle - Vehicle,,Orms Street,DOUGLAS AVE,Luis Garcia Colon,128,2025-03-19,"Two-Way, Divided, Unprotected (painted>4feet) Medium",Dry,Daylight,Clear,"Sideswipe, Same Direction",No,No Controls,4,0,No Injury,2,,41.83471,-71.41593
922419,2025-00019076,2025-03-18,8:06:00 PM,Vehicle - Vehicle,,CLIFFORD ST,,Jason Clancy,999,2025-03-19,Unknown,Dry,Dark - Unknown Lighting,Clear,Rear End(Front-to-Rear),No,Unknown,3,0,Unknown,2,,41.8165,-71.41368
922421,2025-00019028,2025-03-18,3:20:00 PM,Vehicle - Pedestrian,Pedestrian,LAUREL HILL AVE,HARTFORD AVE,Jason Clancy,999,2025-03-19,Unknown,Dry,Daylight,Clear,Other,"Yes, M/V and Driver Left Scene",Unknown,1,1,Non-Incapacitating,1,,41.81792,-71.45533
922415,2025-00019085,2025-03-18,10:57:00 PM,Vehicle - Object,,MERINO ST,LABAN ST,Pedro Saravia,611,2025-03-18,"Two-Way , Not Divided",Dry,Dark - Lighted,Clear,Not a Collision Between Two Motor Vehicles in Transport,No,No Controls,2,0,No Injury,1,,41.81441,-71.45765
922403,2025-00019014,2025-03-18,4:48:00 PM,Vehicle - Vehicle,,ANGELL ST,IVES ST,Jared Guiot,608,2025-03-18,One-Way Trafficway,Dry,Daylight,Clear,"Sideswipe, Same Direction",No,No Controls,2,0,No Injury,2,,41.82917,-71.39313
922404,2025-00019043,2025-03-18,6:20:00 PM,Vehicle - Vehicle,,THAYER ST,EUCLID AVE,Vincent Pazzetta,641,2025-03-18,One-Way Trafficway,Dry,Daylight,Clear,Other,No,No Controls,3,0,No Injury,2,,41.82856,-71.40071
922405,2025-00019047,2025-03-18,6:03:00 PM,Vehicle - Parked Vehicle,,RIVER AVE,CHALKSTONE AVE,Atanael Lara,129,2025-03-18,"Two-Way , Not Divided",Dry,Daylight,Clear,Unknown,"Yes, M/V and Driver Left Scene",No Controls,1,0,No Injury,2,,41.83271,-71.43858
922409,2025-00019007,2025-03-18,4:01:00 PM,Vehicle - Vehicle,,DEAN ST,KINSLEY AVE,Robert Gaudiana,579,2025-03-18,"Two-Way , Not Divided",Dry,Daylight,Clear,Rear End(Front-to-Rear),No,No Controls,2,0,No Injury,2,,41.82758,-71.42618
922410,2025-00018977,2025-03-18,2:39:00 PM,Vehicle - Object,,RHODES ST,EDDY ST,Matthew Carlone,602,2025-03-18,"Two-Way , Not Divided",Dry,Daylight,Clear,Unknown,No,No Controls,1,0,Unknown,1,,41.80845,-71.4067
922411,2025-00019038,2025-03-18,5:58:00 PM,Vehicle - Vehicle,,FELIX ST,CHALKSTONE AVE,Ryan Fernandes,125,2025-03-18,"Two-Way , Not Divided",Dry,Daylight,Clear,Rear End(Front-to-Rear),"Yes, M/V and Driver Left Scene",Stop Signs,4,1,Complains Of Pain,2,,41.83457,-71.42839
922412,2025-00018996,2025-03-18,3:52:00 PM,Vehicle - Vehicle,,SOMERSET ST,,Jose Cortorreal,604,2025-03-18,One-Way Trafficway,Dry,Daylight,Clear,Angle (Front - to - Side) Right Angle (Includes Broadside),No,No Controls,7,3,Complains Of Pain,2,,41.81216,-71.41911
922413,2025-00019081,2025-03-18,10:23:00 PM,Vehicle - Parked Vehicle,,GROSVENOR AVE,CHALKSTONE AVE,Lucas Ramalho,507,2025-03-19,"Two-Way , Not Divided",Dry,Dark - Lighted,Clear,Other,No,No Controls,5,0,No Injury,2,,41.83361,-71.43953
922469,2025-00018972,2025-03-18,2:44:00 PM,Vehicle - Vehicle,,ELMWOOD AVE,WARRINGTON ST,Johansell Montilla,627,2025-03-20,"Two-Way , Not Divided",Dry,Daylight,Clear,"Sideswipe, Same Direction",No,No Controls,2,0,No Injury,2,,41.79333,-71.42357
922464,2025-00019054,2025-03-18,7:06:00 PM,Vehicle - Vehicle,,LONGFELLOW TER,CADILLAC DR,Johansell Montilla,627,2025-03-20,"Two-Way , Not Divided",Dry,Dark - Lighted,Clear,Angle (Front - to - Side) Same Direction,No,Stop Signs,2,0,No Injury,2,,41.7898,-71.41951
922593,2025-00018955,2025-03-18,1:58:00 PM,Vehicle - Vehicle,,EXIT 22A (RT ),FRANCIS ST,Michael Baldassare,568,2025-03-24,"Two-Way, Divided, Positive Median Barrier",Dry,Daylight,Clear,Angle - Direction Not Specified,No,Traffic Control Signal,4,0,No Injury,2,,41.82577,-71.41527