CrashReportId,ReportNumber,CrashDate,CrashTime,TypeOfCollision,Collision Type,StreetOrHighway,NearestIntersection,Officer,Badge,ReportDate,TypeOfRoadway,RoadSurfaceCondition,LightCondition,WeatherCondition,MannerofImpact,HitAndRun,TrafficControl,PersonCount,InjuryCount,MostSeriousInjury,NumberofVehicles,NumberOfLanes,Latitude,Longitude
922569,2025-00018994,2025-03-18,3:53:00 PM,Vehicle - Vehicle,,,,Matthew Marwell,639,2025-03-23,"Two-Way , Not Divided",Dry,Daylight,Clear,Angle (Front - to - Side) Same Direction,No,No Controls,2,0,No Injury,2,2,,
922491,2025-00019058,2025-03-18,7:17:00 PM,Vehicle - Vehicle,,ACADEMY AVE / EATON ST,,Robert Gaudiana,579,2025-03-18,"Two-Way , Not Divided",Dry,Dawn,Clear,Angle (Front - to - Side) Same Direction,No,No Controls,2,0,No Injury,2,,,
922681,2025-00021224,2025-03-18,4:30:00 PM,Vehicle - Vehicle,,SMITH ST,PARK ST,Jason Clancy,999,2025-03-27,"Two-Way , Not Divided",Dry,Dusk,Clear,Rear - to - Side,No,Unknown,3,0,Unknown,2,,41.83189,-71.41687
922682,2025-00021085,2025-03-18,6:00:00 AM,Vehicle - Parked Vehicle,,UNION AVE,,Jason Clancy,999,2025-03-27,Unknown,Dry,Daylight,Clear,Unknown,"Yes, M/V and Driver Left Scene",Unknown,2,0,Unknown,2,,,
922634,2025-00018740,2025-03-17,4:00:00 PM,Vehicle - Vehicle,,700 Plainfield st,Duxbury,Conor Fleurant,171,2025-03-25,"Two-Way , Not Divided",Dry,Daylight,Clear,Rear End(Front-to-Rear),No,Traffic Control Signal,2,0,No Injury,2,2,,
922583,2025-00019816,2025-03-17,,Vehicle - Parked Vehicle,,361 CHARLES ST,,Quincy Griffin,970,2025-03-24,Unknown,Dry,Dark - Lighted,Clear,Rear End(Front-to-Rear),"Yes, M/V and Driver Left Scene",No Controls,3,0,Unknown,2,,,
922473,2025-00018746,2025-03-17,4:29:00 PM,Vehicle - Vehicle,,CHAPIN AVE,PARADE ST,Jeffrey Gagnon,317,2025-03-20,"Two-Way , Not Divided",Wet,Daylight,Rain,Rear End(Front-to-Rear),No,Stop Signs,2,1,Complains Of Pain,2,,41.81189,-71.43117
922418,2025-00018969,2025-03-17,2:30:00 PM,Vehicle - Pedestrian,Scooter,ATWELLS AVE,FALLS PL,Jason Clancy,999,2025-03-19,"Two-Way , Not Divided",Wet,Daylight,Cloudy,Unknown,No,Unknown,1,0,Unknown,1,,41.82352,-71.42581
922422,2025-00019030,2025-03-17,7:04:00 PM,Vehicle - Parked Vehicle,,WEYBOSSET ST,ABBOTT PARK PL,Jason Clancy,999,2025-03-19,Unknown,Wet,Dark - Unknown Lighting,Clear,Rear - to - Side,No,Unknown,2,0,Unknown,2,,41.82049,-71.41365
922423,2025-00018645,2025-03-17,8:50:00 AM,Vehicle - Vehicle,,1000 Elmwood Ave,Linden Ave,Luis Quinilla,572,2025-03-19,"Two-Way , Not Divided",Wet,Daylight,Rain,Rear End(Front-to-Rear),No,Traffic Control Signal,3,0,No Injury,2,2,,
922400,2025-00018773,2025-03-17,5:17:00 PM,Vehicle - Parked Vehicle,,325 VALLEY ST,,Jason Clancy,999,2025-03-18,Unknown,Dry,Daylight,Clear,Other,No,Unknown,2,0,Unknown,2,,,
922433,2025-00018734,2025-03-17,3:46:00 PM,Vehicle - Vehicle,,22 ATLANTIC AVE,NIAGARA ST,Johansell Montilla,627,2025-03-19,"Two-Way, Divided, Unprotected (painted>4feet) Medium",Dry,Daylight,Clear,Rear End(Front-to-Rear),No,No Controls,2,0,No Injury,2,,41.79915,-71.41695
922402,2025-00018946,2025-03-17,4:33:00 AM,Vehicle - Vehicle,,DOUGLAS AVE,CHALKSTONE AVE,Jason Clancy,999,2025-03-18,"Two-Way , Not Divided",Wet,Dark - Unknown Lighting,Clear,Rear End(Front-to-Rear),"Yes, M/V and Driver Left Scene",Unknown,2,0,Unknown,2,,41.83632,-71.42028
922394,2025-00018790,2025-03-17,3:30:00 PM,Vehicle - Vehicle,,BRANCH AVE,BRANCH AVE,Jason Clancy,999,2025-03-18,"Two-Way , Not Divided",Wet,Daylight,Cloudy,Rear End(Front-to-Rear),No,Unknown,3,0,Unknown,2,,,
922395,2025-00018769,2025-03-17,4:00:00 PM,Vehicle - Pedestrian,Pedestrian,ELMGROVE AVE,SESSIONS ST,Jason Clancy,999,2025-03-18,"Two-Way , Not Divided",Wet,Daylight,Clear,Other,"Yes, M/V and Driver Left Scene",Unknown,2,1,Complains Of Pain,1,,41.84128,-71.39259
922355,2025-00018671,2025-03-17,10:49:00 AM,Vehicle - Pedestrian,Pedestrian,MEETING ST,THAYER ST,Ptlm. Castagliuolo,351,2025-03-17,One-Way Trafficway,Wet,Daylight,Rain,Not a Collision Between Two Motor Vehicles in Transport,No,No Controls,3,1,Complains Of Pain,1,,41.82915,-71.40105
922356,2025-00018641,2025-03-17,8:19:00 AM,Vehicle - Parked Vehicle,,51 MALVERN ST,NORTHUP AVE,Luis Garcia Colon,128,2025-03-17,"Two-Way , Not Divided",Wet,Daylight,Rain,Unknown,"Yes, M/V and Driver Left Scene",No Controls,1,0,Unknown,2,,41.8526,-71.41608
922363,2025-00018643,2025-03-17,8:47:00 AM,Vehicle - Parked Vehicle,,florence street,KOSSUTH ST,Eder Delgado,580,2025-03-17,"Two-Way , Not Divided",Wet,Daylight,Rain,Rear End(Front-to-Rear),No,No Controls,2,0,No Injury,2,,41.82112,-71.446
922364,2025-00018636,2025-03-17,7:52:00 AM,Vehicle - Vehicle,,DOYLE AVE,HOPE ST,Igor Barbosa,114,2025-03-17,"Two-Way, Divided, Unprotected (painted>4feet) Medium",Wet,Daylight,Rain,Angle (Front - to - Side) Right Angle (Includes Broadside),No,Traffic Control Signal,3,0,No Injury,2,,41.83877,-71.40012
922370,2025-00018657,2025-03-17,8:38:00 AM,Vehicle - Parked Vehicle,,WESTMINSTER,,Jason Clancy,999,2025-03-17,Unknown,Wet,Daylight,Rain,Angle (Front - to - Side) Same Direction,No,Unknown,2,0,Unknown,2,,,
922371,2025-00018707,2025-03-17,1:38:00 PM,Vehicle - Vehicle,,UNION AVE,WHITEHALL ST,Ptlm. Castagliuolo,351,2025-03-17,"Two-Way , Not Divided",Wet,Daylight,Rain,"Sidwswipe, Opposite Direction",No,Stop Signs,2,1,Complains Of Pain,2,,41.80778,-71.4439
922390,2025-00018882,2025-03-17,11:10:00 PM,Vehicle - Vehicle,,PINE ST,RICHMOND ST,Ralph Abenante,511,2025-03-18,One-Way Trafficway,Dry,Dark - Lighted,Cloudy,Rear End(Front-to-Rear),No,No Controls,4,0,No Injury,2,,41.82021,-71.41219
922334,2025-00018586,2025-03-17,12:28:00 AM,Vehicle - Vehicle,,CASS ST,OCONNOR ST,Thomas O'Mara,650,2025-03-17,One-Way Trafficway,Wet,Dark - Lighted,Rain,Head-On (Front - to - Front),No,Other,3,0,No Injury,2,,41.79418,-71.40625
922345,2025-00018639,2025-03-17,8:13:00 AM,Vehicle - Vehicle,,Waterman Street,Benefit Street,Martin Hames,536,2025-03-17,"Two-Way , Not Divided",Wet,Daylight,Rain,Angle (Front - to - Side) Right Angle (Includes Broadside),No,Traffic Control Signal,2,0,No Injury,2,,,
922377,2025-00018724,2025-03-17,3:04:00 PM,Vehicle - Parked Vehicle,,HERSCHEL ST,BEL AIR DR,Jessenia Montano,149,2025-03-17,"Two-Way , Not Divided",Wet,Daylight,Rain,Not a Collision Between Two Motor Vehicles in Transport,"Yes, M/V and Driver Left Scene",No Controls,1,0,Unknown,2,,41.83642,-71.47066
922382,2025-00018741,2025-03-17,4:17:00 PM,Vehicle - Vehicle,,BLACKSTONE ST,EDDY ST,Tyler Calandra,418,2025-03-17,"Two-Way , Not Divided",Wet,Daylight,Rain,Angle (Front - to - Side) Right Angle (Includes Broadside),No,No Controls,3,1,Complains Of Pain,2,,41.81012,-71.40725
922383,2025-00018738,2025-03-17,4:00:00 PM,Vehicle - Vehicle,,ADMIRAL ST,ADMIRAL ST EXIT,Jared Guiot,608,2025-03-17,"Two-Way, Divided, Positive Median Barrier",Wet,Daylight,Rain,"Sideswipe, Same Direction",No,No Controls,3,0,No Injury,2,,41.84064,-71.41888
922384,2025-00018785,2025-03-17,7:04:00 PM,Vehicle - Vehicle,,SMITHFIELD AVE,COLLYER ST,Michael Gammino,491,2025-03-17,"Two-Way, Divided, Positive Median Barrier",Wet,Dark - Lighted,Rain,Rear End(Front-to-Rear),No,Traffic Control Signal,3,2,Complains Of Pain,2,,41.85437,-71.40379
922386,2025-00018789,2025-03-17,7:33:00 PM,Vehicle - Vehicle,,WESTMINSTER ST,DEXTER ST,Kelsa Heron,133,2025-03-17,"Two-Way , Not Divided",Wet,Dark - Lighted,Rain,Angle (Front - to - Side) Right Angle (Includes Broadside),"Yes, M/V and Driver Left Scene",No Controls,1,0,No Injury,2,,41.81659,-71.43134
922387,2025-00018810,2025-03-17,9:51:00 PM,Vehicle - Object,,CHALKSTONE AVENUE,CLAREMONT AVE,Atanael Lara,129,2025-03-17,"Two-Way , Not Divided",Dry,Dark - Lighted,Clear,Not a Collision Between Two Motor Vehicles in Transport,No,No Controls,3,1,Complains Of Pain,1,,41.83277,-71.44906
922388,2025-00018798,2025-03-17,8:36:00 PM,Vehicle - Vehicle,,ALLENS AVE,OCONNELL ST,Matthew Carlone,602,2025-03-17,"Two-Way , Not Divided",Wet,Dark - Not Lighted,Clear,"Sideswipe, Same Direction",No,Traffic Control Signal,2,1,Complains Of Pain,2,,41.80821,-71.40369
922344,2025-00018540,2025-03-16,7:19:00 PM,Vehicle - Parked Vehicle,,UNIT ST,ATWELLS AVE,Jason Clancy,999,2025-03-17,Unknown,Wet,Dark - Unknown Lighting,Cloudy,Rear - to - Side,"Yes, M/V and Driver Left Scene",Unknown,3,0,Unknown,2,,41.8254,-71.45466
922376,2025-00018680,2025-03-16,9:21:00 PM,Vehicle - Vehicle,,ANGELL ST,BENEFIT ST,Jason Clancy,999,2025-03-17,One-Way Trafficway,Wet,Dark - Unknown Lighting,Cloudy,Rear End(Front-to-Rear),No,Unknown,3,0,Unknown,2,,41.82751,-71.40763
922369,2025-00018473,2025-03-16,3:45:00 PM,Vehicle - Vehicle,,PROMENADE ST,DEAN ST,Jason Clancy,999,2025-03-17,"Two-Way , Not Divided",Wet,Daylight,Cloudy,"Sidwswipe, Opposite Direction","Yes, M/V and Driver Left Scene",Unknown,2,0,Unknown,2,,41.82929,-71.42645
922397,2025-00018762,2025-03-16,4:10:00 PM,Vehicle - Vehicle,,ELMWOOD AVE,ADELAIDE AVE,Jason Clancy,999,2025-03-18,Unknown,Dry,Daylight,Clear,Rear End(Front-to-Rear),No,Unknown,4,0,Unknown,2,,41.79589,-71.425
922300,2025-00018369,2025-03-16,3:32:00 AM,Vehicle - Vehicle,,elmwood ave,EXIT,Christian Salinas,628,2025-03-16,"Two-Way, Divided, Positive Median Barrier",Dry,Dark - Lighted,Clear,"Sideswipe, Same Direction",No,No Controls,2,1,Complains Of Pain,2,,41.78221,-71.41934
922302,2025-00018384,2025-03-16,6:42:00 AM,Vehicle - Vehicle,,Broadway Street,DE PASQUALE AVE,Mario Andrade,130,2025-03-16,"Two-Way, Divided, Positive Median Barrier",Wet,Dawn,"Fog, Smog, Smoke",Head-On (Front - to - Front),No,No Controls,3,0,No Injury,2,,41.82071,-71.42547
922303,2025-00018414,2025-03-16,11:48:00 AM,Vehicle - Parked Vehicle,,GANO ST,FREMONT ST,Raymond Criner,340,2025-03-16,Unknown,Dry,Daylight,Clear,Unknown,"Yes, M/V and Driver Left Scene",No Controls,1,0,Unknown,2,,41.82272,-71.38994
922304,2025-00018427,2025-03-16,12:33:00 PM,Vehicle - Pedestrian,Pedestrian,FRIENDSHIP ST,CLAVERICK ST,Michael Baldassare,568,2025-03-16,One-Way Trafficway,Unknown,Unknown,Clear,Unknown,"Yes, M/V and Driver Left Scene",No Controls,2,0,Unknown,2,,41.81798,-71.4133
922305,2025-00018424,2025-03-16,12:13:00 PM,Vehicle - Vehicle,,POCASSET AVENUE,DUNFORD ST,Patrolwoman Addai,513,2025-03-16,"Two-Way, Divided, Unprotected (painted>4feet) Medium",Dry,Daylight,Clear,Angle (Front - to - Side) Same Direction,No,No Controls,4,0,No Injury,2,2,41.81258,-71.44927
922310,2025-00018448,2025-03-16,2:35:00 PM,Vehicle - Vehicle,,DEAN ST,PROMENADE ST,Ptlm. Castagliuolo,351,2025-03-16,"Two-Way , Not Divided",Dry,Daylight,Clear,"Sideswipe, Same Direction",No,Pavement Markings,6,2,Complains Of Pain,2,,41.82908,-71.42667
922312,2025-00018462,2025-03-16,3:35:00 PM,Vehicle - Vehicle,,DETROIT AVE,BYFIELD ST,Ptlm. Castagliuolo,351,2025-03-16,"Two-Way , Not Divided",Dry,Daylight,Cloudy,Angle (Front - to - Side) Right Angle (Includes Broadside),No,Traffic Control Signal,3,0,No Injury,2,,41.79439,-71.40993
922321,2025-00018471,2025-03-16,4:22:00 PM,Vehicle - Parked Vehicle,,BROOK ST,EUCLID AVE,Ptlm. Castagliuolo,351,2025-03-16,"Two-Way , Not Divided",Dry,Daylight,Clear,Not a Collision Between Two Motor Vehicles in Transport,No,Pavement Markings,4,0,No Injury,2,,41.82876,-71.39954
922326,2025-00018475,2025-03-16,4:17:00 PM,Vehicle - Parked Vehicle,,WICKENDEN ST,BROOK ST,Vincent Pazzetta,641,2025-03-16,"Two-Way , Not Divided",Dry,Daylight,Cloudy,"Sideswipe, Same Direction",No,No Controls,3,0,No Injury,2,,41.81947,-71.39829
922328,2025-00018482,2025-03-16,5:02:00 PM,Vehicle - Parked Vehicle,,1 PROVIDENCE PLACE,,Christian Main,145,2025-03-16,Unknown,Dry,Daylight,Clear,Not a Collision Between Two Motor Vehicles in Transport,"Yes, M/V and Driver Left Scene",No Controls,1,0,Unknown,2,,,
922329,2025-00018454,2025-03-16,2:49:00 PM,Vehicle - Vehicle,,BROADWAY,DAVE GAVITT WAY,Daisy Martinez,146,2025-03-16,"Two-Way, Divided, Unprotected (painted>4feet) Medium",Dry,Daylight,Clear,Angle (Front - to - Side) Right Angle (Includes Broadside),No,Traffic Control Signal,2,0,No Injury,2,,,
922330,2025-00018532,2025-03-16,8:09:00 PM,Vehicle - Vehicle,,EXCHANGE ST,MEMORIAL BLVD,Christian Main,145,2025-03-16,"Two-Way, Divided, Unprotected (painted>4feet) Medium",Dry,Dark - Lighted,Clear,"Sidwswipe, Opposite Direction",No,No Controls,3,0,No Injury,2,2,,
922331,2025-00018554,2025-03-16,9:37:00 PM,Vehicle - Vehicle,,Dorrance st,Westminster St,Michael Sullivan,347,2025-03-16,"Two-Way , Not Divided",Dry,Dark - Lighted,Clear,Angle (Front - to - Side) Right Angle (Includes Broadside),No,Traffic Control Signal,7,0,No Injury,2,2,,
922332,2025-00018575,2025-03-16,11:29:00 PM,Vehicle - Vehicle,,HILLSIDE AVE,SWAN ST,James Lewis,250,2025-03-17,"Two-Way , Not Divided",Wet,Dark - Lighted,Rain,Angle (Front - to - Side) Same Direction,No,No Controls,2,1,Complains Of Pain,2,,41.85674,-71.39553
922333,2025-00018513,2025-03-16,6:59:00 PM,Vehicle - Vehicle,,BABCOCK ST,CACTUS ST,Lucas Ramalho,507,2025-03-16,"Two-Way , Not Divided",Dry,Dark - Lighted,Clear,Angle (Front - to - Side) Right Angle (Includes Broadside),No,Stop Signs,3,1,Complains Of Pain,2,,41.78891,-71.40888
922294,2025-00018320,2025-03-16,12:23:00 PM,Vehicle - Parked Vehicle,,VALE ST,OSBORN ST,Erik Lane,109,2025-03-16,"Two-Way , Not Divided",Dry,Dark - Lighted,"Fog, Smog, Smoke",Angle (Front - to - Side) Same Direction,No,No Controls,3,0,No Injury,2,,41.83839,-71.42571
922295,2025-00018334,2025-03-16,12:57:00 AM,Vehicle - Vehicle,,bellevue st,bucklin,Alexis Rosales,682,2025-03-16,"Two-Way , Not Divided",Dry,Dark - Lighted,Clear,"Sidwswipe, Opposite Direction",No,No Controls,2,0,No Injury,2,2,,
922297,2025-00018373,2025-03-16,4:05:00 AM,Vehicle - Parked Vehicle,,NIANTIC AVE,SWANTON ST,Christopher Fernandez,623,2025-03-16,"Two-Way, Divided, Unprotected (painted>4feet) Medium",Wet,Dark - Lighted,"Fog, Smog, Smoke",Angle (Front - to - Side) Same Direction,No,No Controls,3,0,No Injury,2,,41.79311,-71.43758
922298,2025-00018346,2025-03-16,1:24:00 AM,Vehicle - Parked Vehicle,,Magnolia Street,JUDITH ST,Ryan Whittemore,655,2025-03-16,"Two-Way , Not Divided",Wet,Dark - Lighted,Rain,Head-On (Front - to - Front),No,Stop Signs,2,1,Complains Of Pain,2,,41.81307,-71.44591
922434,2025-00018459,2025-03-16,3:23:00 PM,Vehicle - Parked Vehicle,,E TRANSIT ST,IVES ST,Luis Pelaez,336,2025-03-19,"Two-Way , Not Divided",Dry,Daylight,Clear,"Sideswipe, Same Direction","Yes, M/V and Driver Left Scene",No Controls,1,0,Unknown,2,,41.82165,-71.39197
922642,2025-00018453,2025-03-16,2:20:00 PM,Vehicle - Vehicle,,BRANCH AVE,VEAZIE ST,Jason Clancy,999,2025-03-26,"Two-Way , Not Divided",Dry,Daylight,Clear,Rear End(Front-to-Rear),No,Unknown,2,0,Unknown,2,,41.85472,-71.43471
922288,2025-00018259,2025-03-15,8:02:00 PM,Vehicle - Parked Vehicle,,RAYMOND ST,RAYMOND ST,Lane,109,2025-03-15,"Two-Way , Not Divided",Dry,Dark - Lighted,Clear,Angle (Front - to - Side) Same Direction,"Yes, M/V and Driver Left Scene",No Controls,7,3,Complains Of Pain,2,,41.83232,-71.42912
922289,2025-00018230,2025-03-15,5:37:00 PM,Vehicle - Pedestrian,Pedestrian,787 Admiral St.,,Mark Roman,120,2025-03-15,"Two-Way , Not Divided",Dry,Daylight,Clear,Not a Collision Between Two Motor Vehicles in Transport,"Yes, M/V and Driver Left Scene",No Controls,1,1,Complains Of Pain,1,,,
922291,2025-00018301,2025-03-15,11:16:00 PM,Vehicle - Vehicle,,DEAN ST,PROMENADE ST,Ryan Blaisdell,603,2025-03-15,"Two-Way , Not Divided",Dry,Dark - Lighted,"Fog, Smog, Smoke",Angle (Front - to - Side) Right Angle (Includes Broadside),No,Traffic Control Signal,3,0,No Injury,2,,41.82926,-71.42661
922293,2025-00018265,2025-03-15,8:18:00 PM,Vehicle - Object,,N MAIN ST,3RD ST,Stephen Sage,353,2025-03-16,One-Way Trafficway,Dry,Dark - Lighted,Cloudy,Other,No,Traffic Control Signal,1,1,Complains Of Pain,1,,41.85119,-71.40231
922272,2025-00018052,2025-03-15,12:13:00 PM,Vehicle - Vehicle,,amherst st,JULIAN ST,Cesar Franco,668,2025-03-15,"Two-Way , Not Divided",Dry,Dark - Lighted,Clear,Head-On (Front - to - Front),"Yes, Driver Left Scene",No Controls,1,1,Complains Of Pain,2,,41.82334,-71.44463
922273,2025-00018126,2025-03-15,9:38:00 AM,Vehicle - Vehicle,,PRIMROSE ST,VINTON ST,M. Andrade,130,2025-03-15,"Two-Way , Not Divided",Wet,Daylight,Cloudy,Angle (Front - to - Side) Same Direction,No,No Controls,3,0,No Injury,2,,41.81955,-71.42756
922277,2025-00018153,2025-03-15,12:02:00 PM,Vehicle - Vehicle,,Cranston Street,BRIDGHAM ST,Mario Andrade,130,2025-03-15,"Two-Way, Divided, Positive Median Barrier",Dry,Daylight,Clear,"Sidwswipe, Opposite Direction","Yes, M/V and Driver Left Scene",No Controls,2,1,Complains Of Pain,2,,41.81396,-71.42694
922278,2025-00018164,2025-03-15,12:49:00 PM,Vehicle - Vehicle,,BELMONT AVE,THORNE ST,Joel Ikuejamofo,143,2025-03-15,"Two-Way , Not Divided",Dry,Daylight,Clear,Rear - to - Side,No,No Controls,4,0,No Injury,2,,41.83216,-71.44675
922281,2025-00018181,2025-03-15,2:42:00 PM,Vehicle - Vehicle,,CHALKSTONE AVE,LEAH ST,Jessenia Montano,149,2025-03-15,"Two-Way, Divided, Unprotected (painted>4feet) Medium",Dry,Daylight,Clear,Rear End(Front-to-Rear),No,No Controls,4,0,No Injury,2,,41.83253,-71.45149
922283,2025-00018219,2025-03-15,5:07:00 PM,Vehicle - Vehicle,,Plainfield St,DUXBURY ST,Alexander Frias,669,2025-03-15,"Two-Way , Not Divided",Dry,Daylight,Clear,Angle (Front - to - Side) Right Angle (Includes Broadside),No,No Controls,3,1,Complains Of Pain,2,,41.81137,-71.46192
922284,2025-00018231,2025-03-15,5:42:00 PM,Vehicle - Parked Vehicle,,BELLEVUE AVE,DEXTER ST,Brendan O'Brien,667,2025-03-15,"Two-Way , Not Divided",Dry,Daylight,Clear,"Sideswipe, Same Direction",No,No Controls,3,0,No Injury,2,,41.80745,-71.42872
922327,2025-00018285,2025-03-15,10:04:00 PM,Vehicle - Object,,broadway,US HWY 6 W,Alexander Frias,669,2025-03-16,"Two-Way , Not Divided",Dry,Dark - Lighted,Clear,Not a Collision Between Two Motor Vehicles in Transport,No,No Controls,1,0,No Injury,1,,41.81742,-71.4391
922311,2025-00018268,2025-03-15,8:38:00 PM,Vehicle - Vehicle,,greenwich st,PUBLIC ST,Brendan O'Brien,667,2025-03-16,"Two-Way , Not Divided",Dry,Dark - Lighted,Clear,"Sideswipe, Same Direction",No,No Controls,4,0,No Injury,2,,41.80237,-71.426
922301,2025-00018174,2025-03-15,2:11:00 PM,Vehicle - Parked Vehicle,,Cranston Street,HANOVER ST,Mario Andrade,130,2025-03-16,"Two-Way, Divided, Positive Median Barrier",Dry,Daylight,Clear,Angle (Front - to - Side) Same Direction,"Yes, M/V and Driver Left Scene",No Controls,2,1,Complains Of Pain,2,,41.80942,-71.4336
922286,2025-00018267,2025-03-15,8:26:00 PM,Vehicle - Parked Vehicle,,Merino St,Hartford Ave,Brandon Macedo,177,2025-03-15,"Two-Way , Not Divided",Dry,Dark - Lighted,Clear,Rear - to - Rear,No,No Controls,6,1,Complains Of Pain,2,2,41.81848,-71.45907
922396,2025-00018751,2025-03-15,1:51:00 PM,Vehicle - Vehicle,,WHIPPLE ST,DOUGLAS AVE,Jason Clancy,999,2025-03-18,"Two-Way , Not Divided",Dry,Daylight,Clear,"Sideswipe, Same Direction",No,Unknown,6,0,Unknown,2,,41.83686,-71.42154
922391,2025-00018051,2025-03-15,12:06:00 AM,Vehicle - Object,,seventh st,north main st,Angel Garcia,656,2025-03-18,"Two-Way, Divided, Unprotected (painted>4feet) Medium",Dry,Dark - Lighted,Clear,Head-On (Front - to - Front),No,Traffic Control Signal,1,0,No Injury,1,,,
922270,2025-00018107,2025-03-15,4:15:00 AM,Vehicle - Parked Vehicle,,GALLATIN ST,NIAGARA ST,Adrian Francis,239,2025-03-15,"Two-Way , Not Divided",Dry,Dark - Lighted,Clear,Rear End(Front-to-Rear),No,Stop Signs,2,0,No Injury,2,,41.79607,-71.41719
922271,2025-00018000,2025-03-14,7:54:00 PM,Vehicle - Parked Vehicle,,PROMENADE ST,PARK ST,Christopher Fernandez,623,2025-03-15,Unknown,Dry,Daylight,Clear,"Sideswipe, Same Direction","Yes, M/V and Driver Left Scene",No Controls,1,0,Unknown,2,,41.82753,-71.41641
922256,2025-00017836,2025-03-14,10:28:00 AM,Vehicle - Vehicle,,ATWELLS AVE,AMES ST,Raleek Byfield,375,2025-03-14,"Two-Way, Divided, Unprotected (painted>4feet) Medium",Dry,Daylight,Clear,Angle (Front - to - Side) Same Direction,No,Stop Signs,3,0,No Injury,2,,41.82389,-71.43103
922257,2025-00017853,2025-03-14,11:00:00 AM,Vehicle - Vehicle,,33 Raymond Street,RAYMOND ST,Ybelis Gonzalez,376,2025-03-14,"Two-Way , Not Divided",Dry,Daylight,Clear,Rear End(Front-to-Rear),No,Traffic Control Signal,7,0,No Injury,2,,41.83232,-71.42912
922253,2025-00017838,2025-03-14,9:39:00 AM,Vehicle - Vehicle,,ALLENS AVE,THURBERS AVE,Joshua Cascione,225,2025-03-14,"Two-Way , Not Divided",Dry,Daylight,Cloudy,Rear End(Front-to-Rear),No,Yield Signs,4,0,No Injury,2,,41.80001,-71.40007
922254,2025-00017346,2025-03-14,12:31:00 PM,Vehicle - Vehicle,,Killingly Street,KILLINGLY ST,Southavout Im,382,2025-03-14,"Two-Way , Not Divided",Dry,Daylight,Clear,Rear End(Front-to-Rear),No,No Controls,3,0,No Injury,2,,41.82045,-71.46922
922259,2025-00017917,2025-03-14,3:52:00 PM,Vehicle - Vehicle,,FRUIT HILL AVE,WOONASQUATUCKET AVE,Arthur Lima,126,2025-03-14,"Two-Way , Not Divided",Dry,Daylight,Clear,Rear End(Front-to-Rear),No,Stop Signs,3,1,Complains Of Pain,2,,41.8365,-71.46868
922260,2025-00017909,2025-03-14,3:29:00 PM,Vehicle - Vehicle,,CARPENTER ST,DEAN ST,Colby Berciano,671,2025-03-14,"Two-Way , Not Divided",Dry,Daylight,Clear,Rear End(Front-to-Rear),No,No Controls,2,0,No Injury,2,,41.82104,-71.42086
922261,2025-00017943,2025-03-14,5:01:00 PM,Vehicle - Parked Vehicle,,CHALKSTONE AVE,GENEVA ST,Atanael Lara,129,2025-03-14,"Two-Way , Not Divided",Dry,Daylight,Clear,"Sideswipe, Same Direction",No,No Controls,4,1,Complains Of Pain,2,,41.83227,-71.4408
922262,2025-00017942,2025-03-14,4:50:00 PM,Vehicle - Vehicle,,THOMAS ST,N MAIN ST,Cory Nicholls,609,2025-03-14,One-Way Trafficway,Dry,Daylight,Clear,"Sideswipe, Same Direction",No,Traffic Control Signal,2,0,No Injury,2,,41.82752,-71.40892
922264,2025-00017980,2025-03-14,6:31:00 PM,Vehicle - Vehicle,,BROAD ST,CAHIR ST,Matthew Carlone,602,2025-03-14,"Two-Way , Not Divided",Dry,Daylight,Clear,"Sideswipe, Same Direction","Yes, M/V and Driver Left Scene",No Controls,1,0,Unknown,2,,41.81648,-71.41891
922265,2025-00017784,2025-03-14,1:34:00 AM,Vehicle - Vehicle,,ORMS ST,STATE ST,Ralph Abenante,511,2025-03-14,"Two-Way, Divided, Positive Median Barrier",Dry,Dark - Lighted,Clear,Angle (Front - to - Side) Right Angle (Includes Broadside),No,No Controls,3,0,No Injury,3,,41.83485,-71.41294
922266,2025-00017951,2025-03-14,5:20:00 PM,Vehicle - Vehicle,,DOUGLAS AVE,DOUGLAS AVE,Raymond Criner,340,2025-03-14,"Two-Way , Not Divided",Dry,Daylight,Clear,Rear End(Front-to-Rear),"Yes, M/V and Driver Left Scene",Stop Signs,4,2,Complains Of Pain,3,,41.8544,-71.43964
922267,2025-00017929,2025-03-14,3:43:00 PM,Vehicle - Parked Vehicle,,WAYLAND AVE,WATERMAN ST,Jared Guiot,608,2025-03-14,"Two-Way , Not Divided",Dry,Daylight,Clear,Rear End(Front-to-Rear),"Yes, M/V and Driver Left Scene",No Controls,1,0,Unknown,2,,41.82888,-71.3883
922268,2025-00017954,2025-03-14,5:21:00 PM,Vehicle - Vehicle,,NORTH MAIN STREET,OLNEY ST,Manuel Tueros,621,2025-03-14,One-Way Trafficway,Dry,Daylight,Clear,Rear End(Front-to-Rear),"Yes, M/V and Driver Left Scene",No Controls,3,0,No Injury,2,,41.83581,-71.40973