CrashReportId,ReportNumber,CrashDate,CrashTime,TypeOfCollision,Collision Type,StreetOrHighway,NearestIntersection,Officer,Badge,ReportDate,TypeOfRoadway,RoadSurfaceCondition,LightCondition,WeatherCondition,MannerofImpact,HitAndRun,TrafficControl,PersonCount,InjuryCount,MostSeriousInjury,NumberofVehicles,NumberOfLanes,Latitude,Longitude
922269,2025-00018018,2025-03-14,9:22:00 PM,Vehicle - Vehicle,,MANTON AVE,CHAFFEE ST,Lane,109,2025-03-14,"Two-Way , Not Divided",Dry,Dark - Lighted,Clear,Angle (Front - to - Side) Opposite Direction,No,No Controls,3,2,Complains Of Pain,2,,41.81871,-71.44562
922248,2025-00017804,2025-03-14,4:52:00 AM,Vehicle - Object,,EXIT (RT ),RESERVOIR AVE,Christopher Fernandez,623,2025-03-14,One-Way Trafficway,Dry,Dark - Lighted,Clear,Other,No,No Controls,1,0,No Injury,1,,41.7878,-71.43206
922280,2025-00017986,2025-03-14,7:27:00 PM,Vehicle - Parked Vehicle,,DARTMOUTH AVE,DARTMOUTH AVE,Nicolas Lafazia,369,2025-03-15,"Two-Way , Not Divided",Dry,Dark - Lighted,Clear,Not a Collision Between Two Motor Vehicles in Transport,No,Unknown,2,0,No Injury,2,,41.80848,-71.4225
922343,2025-00018026,2025-03-14,9:30:00 PM,Vehicle - Vehicle,,CHALKSTONE AVE,OAKLAND AVE,Jason Clancy,999,2025-03-17,"Two-Way , Not Divided",Dry,Daylight,Clear,Rear End(Front-to-Rear),"Yes, M/V and Driver Left Scene",Unknown,4,0,Unknown,2,,41.83419,-71.43024
922346,2025-00018127,2025-03-14,8:30:00 PM,Vehicle - Parked Vehicle,,MANTON AVE,ATWELLS AVE,Jason Clancy,999,2025-03-17,"Two-Way , Not Divided",Dry,Dark - Unknown Lighting,Clear,Other,No,Unknown,1,0,Unknown,2,,41.82537,-71.45466
922348,2025-00018119,2025-03-14,1:25:00 PM,Vehicle - Pedestrian,Pedestrian,ANGELL ST,CONGDON ST,Jason Clancy,999,2025-03-17,One-Way Trafficway,Dry,Daylight,Clear,Other,No,Unknown,3,1,Non-Incapacitating,1,,41.82759,-71.40668
922353,2025-00018015,2025-03-14,1:00:00 PM,Vehicle - Vehicle,,OCONNOR ST,BAKER ST,Jason Clancy,999,2025-03-17,"Two-Way , Not Divided",Dry,Daylight,Clear,Unknown,"Yes, M/V and Driver Left Scene",Unknown,2,0,Unknown,2,,41.79271,-71.40577
922354,2025-00017994,2025-03-14,6:05:00 PM,Vehicle - Vehicle,,HARTFORD AVE,HARTFORD AVE,Jason Clancy,999,2025-03-17,"Two-Way , Not Divided",Dry,Dusk,Clear,Unknown,"Yes, M/V and Driver Left Scene",Unknown,3,0,Unknown,2,,,
922287,2025-00017900,2025-03-14,2:43:00 PM,Vehicle - Vehicle,,LENOX AVE,EMERSON ST,Ruben Morales,685,2025-03-15,"Two-Way , Not Divided",Dry,Daylight,Clear,Angle (Front - to - Side) Right Angle (Includes Broadside),"Yes, M/V and Driver Left Scene",Stop Signs,2,0,No Injury,2,,41.7979,-71.41606
922282,2025-00017936,2025-03-14,4:42:00 PM,Vehicle - Vehicle,,SOUTH MAIN ST,PIKE ST,Luis Pelaez,336,2025-03-15,One-Way Trafficway,Dry,Daylight,Clear,Angle (Front - to - Side) Right Angle (Includes Broadside),No,Stop Signs,2,0,No Injury,2,,,
922299,2025-00017974,2025-03-14,5:48:00 PM,Vehicle - Vehicle,,ADELAIDE AVE,MELROSE ST,Ruben Morales,685,2025-03-16,"Two-Way , Not Divided",Dry,Daylight,Clear,Head-On (Front - to - Front),No,Pavement Markings,3,1,Complains Of Pain,2,,41.7968,-71.42205
922279,2025-00017712,2025-03-13,7:46:00 PM,Vehicle - Parked Vehicle,,WICKENDEN ST,BROOK ST,Luis Pelaez,336,2025-03-15,"Two-Way , Not Divided",Dry,Dark - Lighted,Clear,"Sideswipe, Same Direction",No,No Controls,3,0,No Injury,2,,41.81947,-71.39843
922276,2025-00017529,2025-03-13,8:02:00 AM,Vehicle - Vehicle,,200 BROAD STREET,SUMMER STREET,Flavio Tavares,371,2025-03-15,"Two-Way, Divided, Unprotected (painted>4feet) Medium",Dry,Daylight,Clear,"Sideswipe, Same Direction",No,No Controls,2,0,No Injury,2,,,
922362,2025-00017903,2025-03-13,,Vehicle - Parked Vehicle,,BLACKSTONE ST,BLACKSTONE ST,Jason Clancy,999,2025-03-17,"Two-Way , Not Divided",Unknown,Unknown,Clear,Unknown,"Yes, M/V and Driver Left Scene",Unknown,1,0,Unknown,2,,,
922249,2025-00017599,2025-03-13,1:02:00 PM,Vehicle - Vehicle,,ORMS ST,STATE ST,Yesenia Caba,549,2025-03-14,"Two-Way, Divided, Positive Median Barrier",Dry,Daylight,Clear,Angle (Front - to - Side) Right Angle (Includes Broadside),No,Pavement Markings,4,0,No Injury,2,,41.83485,-71.41293
922221,2025-00017537,2025-03-13,9:00:00 AM,Vehicle - Vehicle,,Magnolia street,JUDITH ST,Southavout Im,382,2025-03-13,"Two-Way , Not Divided",Dry,Daylight,Cloudy,"Sideswipe, Same Direction",No,No Controls,3,0,No Injury,2,,41.8131,-71.44587
922222,2025-00017573,2025-03-13,11:10:00 AM,Vehicle - Parked Vehicle,,1076 NORTH MAIN STREET,,Joseph Madeira,552,2025-03-13,"Two-Way, Divided, Positive Median Barrier",Dry,Daylight,Clear,"Sideswipe, Same Direction","Yes, M/V and Driver Left Scene",No Controls,2,0,No Injury,2,4,41.83578,-71.4154
922219,2025-00017535,2025-03-13,8:43:00 AM,Vehicle - Vehicle,,AMHERST ST,STEERE AVE,Damaris Sanchez,566,2025-03-13,"Two-Way , Not Divided",Dry,Daylight,Clear,Angle (Front - to - Side) Right Angle (Includes Broadside),No,Stop Signs,4,0,No Injury,2,,41.82314,-71.44872
922213,2025-00017532,2025-03-13,8:24:00 AM,Vehicle - Vehicle,,BRANCH AVE,W RIVER ST,Luis Garcia Colon,128,2025-03-13,"Two-Way, Divided, Positive Median Barrier",Dry,Daylight,Clear,"Sideswipe, Same Direction","Yes, M/V and Driver Left Scene",No Controls,1,0,No Injury,2,,41.84667,-71.41223
922255,2025-00017840,2025-03-13,6:30:00 PM,Vehicle - Parked Vehicle,,162 Almy Street,TELL ST,Luis Fernandez,531,2025-03-14,"Two-Way , Not Divided",Dry,Daylight,Clear,Angle (Front - to - Side) Right Angle (Includes Broadside),"Yes, M/V and Driver Left Scene",No Controls,1,0,Unknown,2,,41.8217,-71.43407
922224,2025-00017571,2025-03-13,11:00:00 AM,Vehicle - Pedestrian,Pedestrian,ELMWOOD AVE,CONGRESS AVE,Raleek Byfield,375,2025-03-13,"Two-Way, Divided, Unprotected (painted>4feet) Medium",Dry,Daylight,Clear,Not a Collision Between Two Motor Vehicles in Transport,"Yes, M/V and Driver Left Scene",No Controls,2,1,Complains Of Pain,1,,41.7985,-71.42628
922228,2025-00017566,2025-03-13,10:24:00 AM,Vehicle - Vehicle,,UNION AVE,WAVERLY ST,D WILSON,123,2025-03-13,"Two-Way, Divided, Unprotected (painted>4feet) Medium",Dry,Daylight,Clear,Not a Collision Between Two Motor Vehicles in Transport,No,No Controls,4,0,No Injury,2,,41.80959,-71.43716
922229,2025-00017608,2025-03-13,1:23:00 PM,Vehicle - Vehicle,,WESTMINSTER ST,PARADE ST,Brad McParlin,395,2025-03-13,"Two-Way , Not Divided",Dry,Daylight,Clear,Head-On (Front - to - Front),No,No Controls,3,2,Complains Of Pain,2,,41.81634,-71.43354
922230,2025-00017602,2025-03-13,1:15:00 PM,Vehicle - Vehicle,,POCASSET AVENUE,PRUDENCE AVENUE,Patrolwoman Addai,513,2025-03-13,"Two-Way , Not Divided",Dry,Daylight,Clear,"Sideswipe, Same Direction",No,No Controls,3,0,No Injury,2,2,41.80575,-71.45758
922231,2025-00017619,2025-03-13,2:02:00 PM,Vehicle - Vehicle,,200 CHARLES STREET,RANDALL STREET,Joseph Madeira,552,2025-03-13,"Two-Way, Divided, Positive Median Barrier",Dry,Daylight,Clear,Rear End(Front-to-Rear),No,Traffic Control Signal,2,0,No Injury,2,4,41.82938,-71.41803
922232,2025-00017543,2025-03-13,9:27:00 AM,Vehicle - Vehicle,,NORTH MAIN ST,LIVINGSTON ST,Yesenia Caba,549,2025-03-13,"Two-Way , Not Divided",Dry,Daylight,Clear,Rear End(Front-to-Rear),No,Traffic Control Signal,2,0,No Injury,2,,41.84159,-71.40823
922233,2025-00017633,2025-03-13,2:59:00 PM,Vehicle - Vehicle,,ADMIRAL ST EXIT,ADMIRAL ST,Ptlm. Labutti,104,2025-03-13,"Two-Way , Not Divided",Dry,Daylight,Clear,"Sideswipe, Same Direction",No,Traffic Control Signal,3,0,No Injury,2,,41.84068,-71.41897
922235,2025-00017629,2025-03-13,2:59:00 PM,Vehicle - Parked Vehicle,,Waterman St,GANO ST,Tyler Calandra,418,2025-03-13,"Two-Way , Not Divided",Dry,Daylight,Clear,"Sideswipe, Same Direction",No,No Controls,3,0,No Injury,2,,41.82811,-71.39108
922236,2025-00017650,2025-03-13,3:59:00 PM,Vehicle - Vehicle,,BLACKSTONE ST,EDDY ST,Matthew Carlone,602,2025-03-13,"Two-Way , Not Divided",Dry,Daylight,Clear,Angle (Front - to - Side) Opposite Direction,No,Stop Signs,3,0,No Injury,2,,41.81013,-71.40722
922237,2025-00017659,2025-03-13,4:21:00 PM,Vehicle - Vehicle,,RANDALL STREET,CHARLES ST,Manuel Tueros,621,2025-03-13,"Two-Way , Not Divided",Dry,Daylight,Clear,"Sideswipe, Same Direction",No,No Controls,3,0,No Injury,2,,41.83721,-71.41082
922239,2025-00017697,2025-03-13,6:44:00 PM,Vehicle - Vehicle,,MANTON AVE,THERESA CT,Terrence Gibson,610,2025-03-13,"Two-Way , Not Divided",Dry,Daylight,Clear,Angle (Front - to - Side) Right Angle (Includes Broadside),"Yes, M/V and Driver Left Scene",No Controls,2,0,No Injury,2,,41.82162,-71.44873
922241,2025-00017703,2025-03-13,6:54:00 PM,Vehicle - Parked Vehicle,,BATTEY ST,WESTMINSTER ST,Jeffrey Gagnon,317,2025-03-13,"Two-Way , Not Divided",Dry,Dusk,Clear,"Sideswipe, Same Direction",No,No Controls,3,0,No Injury,2,,41.81727,-71.42464
922242,2025-00017700,2025-03-13,6:44:00 PM,Vehicle - Vehicle,,ATWELLS AVE,SUTTIN ST,Sean Cooney,523,2025-03-13,"Two-Way , Not Divided",Dry,Dark - Lighted,Clear,Angle (Front - to - Side) Right Angle (Includes Broadside),No,Stop Signs,4,1,Complains Of Pain,2,,,
922243,2025-00017678,2025-03-13,5:29:00 PM,Vehicle - Vehicle,,BROOK ST,WATERMAN ST,Jared Guiot,608,2025-03-13,"Two-Way , Not Divided",Dry,Daylight,Clear,Rear End(Front-to-Rear),"Yes, M/V and Driver Left Scene",No Controls,1,1,Complains Of Pain,2,,41.82713,-71.39928
922244,2025-00017663,2025-03-13,4:44:00 PM,Vehicle - Vehicle,,ANTHONY AVE,CALHOUN AVE,Colby Berciano,671,2025-03-13,"Two-Way , Not Divided",Dry,Daylight,Clear,Rear - to - Side,No,No Controls,5,0,No Injury,2,,41.803,-71.43503
922245,2025-00017734,2025-03-13,9:32:00 PM,Vehicle - Object,,PONTIAC AVE,SINCLAIR AVE,Erik Lane,109,2025-03-13,"Two-Way , Not Divided",Dry,Dark - Lighted,Clear,Not a Collision Between Two Motor Vehicles in Transport,No,No Controls,1,1,Complains Of Pain,1,,41.78655,-71.43163
922246,2025-00017709,2025-03-13,7:35:00 PM,Vehicle - Pedestrian,Pedestrian,LONGFELLOW ST,ELMWOOD AVE,Ruben Morales,685,2025-03-13,"Two-Way , Not Divided",Dry,Dusk,Clear,"Sideswipe, Same Direction","Yes, M/V and Driver Left Scene",No Controls,2,0,Unknown,2,,41.79082,-71.42212
922247,2025-00017762,2025-03-13,11:49:00 PM,Vehicle - Vehicle,,WICKENDEN ST,TRAVERSE ST,Irving Liriano,631,2025-03-14,"Two-Way, Divided, Unprotected (painted>4feet) Medium",Dry,Dark - Lighted,Clear,"Sidwswipe, Opposite Direction","Yes, M/V and Driver Left Scene",No Controls,1,0,No Injury,2,,41.81931,-71.39968
922446,2025-00019329,2025-03-13,8:00:00 AM,Vehicle - Parked Vehicle,,CANAL ST,PARK ROW,Quincy Griffin,970,2025-03-20,"Two-Way , Not Divided",Dry,Unknown,Clear,"Sideswipe, Same Direction","Yes, M/V and Driver Left Scene",No Controls,1,0,Unknown,2,,41.82861,-71.41074
922431,2025-00019188,2025-03-12,7:22:00 PM,Vehicle - Parked Vehicle,,ENFIELD AVE,MINK RD,Jason Clancy,999,2025-03-19,Unknown,Dry,Dark - Unknown Lighting,Clear,"Sideswipe, Same Direction","Yes, M/V and Driver Left Scene",Unknown,1,0,Unknown,2,,41.84711,-71.4476
922186,2025-00017371,2025-03-12,2:01:00 PM,Vehicle - Vehicle,,Promenade Street,Dean Street,James Lanier,211,2025-03-12,One-Way Trafficway,Dry,Daylight,Clear,Rear End(Front-to-Rear),No,Yield Signs,2,1,Complains Of Pain,2,,41.82988,-71.42705
922191,2025-00017332,2025-03-12,11:02:00 AM,Vehicle - Vehicle,,N MAIN ST,CHURCH ST,Jessica Salmeron,356,2025-03-12,One-Way Trafficway,Dry,Daylight,Clear,"Sideswipe, Same Direction",No,Traffic Control Signal,3,0,No Injury,2,3,41.83082,-71.41039
922192,2025-00017369,2025-03-12,1:57:00 PM,Vehicle - Parked Vehicle,,WESTMINSTER ST,DORRANCE ST,Michael Baldassare,568,2025-03-12,"Two-Way , Not Divided",Dry,Daylight,Clear,"Sideswipe, Same Direction",No,No Controls,2,0,No Injury,2,,41.82361,-71.41167
922193,2025-00017349,2025-03-12,12:37:00 PM,Vehicle - Vehicle,,91 Newark Street,ACADEMY AVE,Ybelis Gonzalez,376,2025-03-12,"Two-Way , Not Divided",Dry,Daylight,Clear,Angle (Front - to - Side) Same Direction,No,No Controls,2,0,No Injury,2,,41.82539,-71.44251
922194,2025-00017374,2025-03-12,2:21:00 PM,Vehicle - Vehicle,,DEAN STREET,WASHINGTON ST,M. Andrade,130,2025-03-12,"Two-Way, Divided, Positive Median Barrier",Dry,Daylight,Clear,Angle (Front - to - Side) Opposite Direction,No,No Controls,4,0,No Injury,3,,41.81903,-71.42071
922195,2025-00017362,2025-03-12,1:32:00 PM,Vehicle - Vehicle,,NEWARK ST,VALLEY ST,Raleek Byfield,375,2025-03-12,"Two-Way, Divided, Positive Median Barrier",Dry,Daylight,Clear,Angle (Front - to - Side) Right Angle (Includes Broadside),No,Stop Signs,6,3,Complains Of Pain,3,,41.82521,-71.43931
922196,2025-00017366,2025-03-12,1:47:00 PM,Vehicle - Vehicle,,SOUTH MAIN ST,POWER ST,Ptlm. Castagliuolo,351,2025-03-12,One-Way Trafficway,Dry,Daylight,Clear,"Sideswipe, Same Direction",No,Pavement Markings,4,2,Fatal,2,,41.82265,-71.40534
922201,2025-00017398,2025-03-12,3:57:00 PM,Vehicle - Parked Vehicle,,IVES ST,PRESTON ST,Jared Guiot,608,2025-03-12,"Two-Way , Not Divided",Dry,Daylight,Clear,"Sideswipe, Same Direction",No,No Controls,2,0,No Injury,2,,41.82442,-71.39243
922202,2025-00017397,2025-03-12,3:44:00 PM,Vehicle - Parked Vehicle,,GOVERNOR ST,E GEORGE ST,Jared Guiot,608,2025-03-12,"Two-Way , Not Divided",Dry,Daylight,Clear,Unknown,"Yes, M/V and Driver Left Scene",No Controls,1,0,Unknown,2,,41.82546,-71.39391
922203,2025-00017216,2025-03-12,9:23:00 PM,Vehicle - Object,,CARTER ST,VINEYARD ST,Nicholas Manfredi,343,2025-03-12,"Two-Way , Not Divided",Dry,Dark - Lighted,Clear,Not a Collision Between Two Motor Vehicles in Transport,No,No Controls,1,0,No Injury,1,,41.79989,-71.42908
922180,2025-00017329,2025-03-12,10:42:00 AM,Vehicle - Vehicle,,DEAN ST,PROMENADE ST,Raleek Byfield,375,2025-03-12,"Two-Way, Divided, Positive Median Barrier",Dry,Daylight,Clear,Rear End(Front-to-Rear),No,Pavement Markings,4,1,Complains Of Pain,2,,41.82966,-71.42698
922181,2025-00017308,2025-03-12,7:53:00 AM,Vehicle - Vehicle,,BROAD ST,BROAD ST,Jason Clancy,999,2025-03-12,"Two-Way , Not Divided",Dry,Dark - Unknown Lighting,Clear,Rear End(Front-to-Rear),"Yes, M/V and Driver Left Scene",Unknown,3,0,Unknown,2,,41.81639,-71.41913
922182,2025-00017296,2025-03-12,8:37:00 AM,Vehicle - Vehicle,,CHARLES ST,EXIT  (RT 246),Jessica Salmeron,356,2025-03-12,One-Way Trafficway,Dry,Daylight,Clear,"Sideswipe, Same Direction",No,No Controls,3,0,No Injury,2,3,41.83679,-71.41291
922178,2025-00017292,2025-03-12,8:03:00 AM,Vehicle - Vehicle,,VALLEY ST,HEMLOCK ST,Ybelis Gonzalez,376,2025-03-12,"Two-Way , Not Divided",Dry,Daylight,Clear,Angle - Direction Not Specified,No,No Controls,4,0,No Injury,2,,41.83044,-71.43051
922206,2025-00017414,2025-03-12,4:57:00 PM,Vehicle - Vehicle,,JOHN J PARTINGTON WAY,FEDERAL ST,Sean Cooney,523,2025-03-12,"Two-Way , Not Divided",Dry,Daylight,Clear,Unknown,No,Traffic Control Signal,4,0,No Injury,2,,,
922211,2025-00017423,2025-03-12,5:39:00 PM,Vehicle - Vehicle,,Broad St,PLENTY ST,Tyler Calandra,418,2025-03-12,"Two-Way , Not Divided",Dry,Daylight,Clear,Rear End(Front-to-Rear),No,No Controls,5,4,Complains Of Pain,2,,41.80746,-71.42031
922212,2025-00017482,2025-03-12,11:46:00 PM,Vehicle - Vehicle,,DE PASQUALE AVE,EUROPE ST,Hector Viruet,614,2025-03-13,"Two-Way , Not Divided",Dry,Dark - Lighted,Clear,Unknown,"Yes, M/V and Driver Left Scene",No Controls,1,0,Unknown,2,,41.82197,-71.42589
922208,2025-00017388,2025-03-12,2:48:00 PM,Vehicle - Vehicle,,BLACKSTONE ST,EDDY ST,Matthew Carlone,602,2025-03-12,"Two-Way , Not Divided",Dry,Daylight,Clear,Angle (Front - to - Side) Right Angle (Includes Broadside),No,Stop Signs,3,0,No Injury,2,,41.81013,-71.40722
922223,2025-00017559,2025-03-12,7:35:00 AM,Vehicle - Parked Vehicle,,BODELL AVE,WHELAN RD,Jason Clancy,999,2025-03-13,Unknown,Dry,Daylight,Clear,Rear - to - Side,No,Unknown,3,0,Unknown,2,,41.8178,-71.45402
922168,2025-00017301,2025-03-12,8:50:00 AM,Vehicle - Vehicle,,Dean Street,W EXCHANGE ST,James Lanier,211,2025-03-12,"Two-Way, Divided, Positive Median Barrier",Dry,Daylight,Clear,"Sideswipe, Same Direction",No,Pavement Markings,2,0,No Injury,2,2,41.82552,-71.42585
922174,2025-00017299,2025-03-12,8:44:00 AM,Vehicle - Parked Vehicle,,234 CAMP STREET,WOODBINE STREET,Joseph Madeira,552,2025-03-12,"Two-Way , Not Divided",Dry,Daylight,Clear,Unknown,"Yes, M/V and Driver Left Scene",No Controls,1,0,Unknown,2,2,41.83618,-71.41545
922175,2025-00017293,2025-03-12,8:26:00 AM,Vehicle - Vehicle,,Putnam Street,HALE ST,Southavout Im,382,2025-03-12,"Two-Way , Not Divided",Dry,Daylight,Clear,Rear End(Front-to-Rear),No,Traffic Control Signal,3,0,No Injury,2,,41.82431,-71.44381
922177,2025-00017080,2025-03-11,2:06:00 PM,Vehicle - Vehicle,,HOPE STREET,8TH STREET,Joseph Madeira,552,2025-03-12,"Two-Way , Not Divided",Dry,Daylight,Clear,Rear - to - Side,No,Stop Signs,3,0,No Injury,2,,41.83618,-71.41545
922171,2025-00017082,2025-03-11,2:25:00 PM,Vehicle - Vehicle,,CHALKSTONE AVE,ACADEMY AVE,Jason Dennis,392,2025-03-12,"Two-Way , Not Divided",Dry,Daylight,Clear,Rear End(Front-to-Rear),"Yes, M/V and Driver Left Scene",No Controls,1,0,No Injury,2,,41.83239,-71.44418
922134,2025-00016992,2025-03-11,8:20:00 AM,Vehicle - Vehicle,,BATTEY ST,BROADWAY,Mario Andrade,130,2025-03-11,"Two-Way , Not Divided",Dry,Daylight,Clear,Rear End(Front-to-Rear),No,No Controls,2,1,Complains Of Pain,2,,41.82063,-71.42569
922159,2025-00017101,2025-03-11,3:30:00 PM,Vehicle - Vehicle,,Elmwood Ave,BRIDGHAM ST,Gerry Kue,393,2025-03-11,"Two-Way , Not Divided",Dry,Daylight,Clear,"Sideswipe, Same Direction",No,No Controls,4,0,No Injury,2,,41.81266,-71.42224
922160,2025-00017094,2025-03-11,3:03:00 PM,Vehicle - Vehicle,,CORNWALL ST,VANDEWATER ST,Jared Guiot,608,2025-03-11,"Two-Way , Not Divided",Dry,Daylight,Clear,"Sideswipe, Same Direction",No,No Controls,5,0,No Injury,2,,41.85214,-71.42944
922161,2025-00017198,2025-03-11,8:31:00 PM,Vehicle - Pedestrian,Pedestrian,Broad st,BROAD ST,Tyler Calandra,418,2025-03-11,"Two-Way , Not Divided",Dry,Dark - Lighted,Clear,Head-On (Front - to - Front),No,No Controls,3,1,Complains Of Pain,2,,41.80113,-71.41812
922162,2025-00017218,2025-03-11,9:45:00 PM,Vehicle - Object,,DUXBURY ST,KILLINGLY ST,Ralph Abenante,511,2025-03-11,"Two-Way , Not Divided",Dry,Dark - Lighted,Clear,Not a Collision Between Two Motor Vehicles in Transport,No,No Controls,2,0,No Injury,1,,41.81379,-71.46088
922163,2025-00017231,2025-03-11,11:03:00 PM,Vehicle - Parked Vehicle,,Wadsworth,Brattle,Alexis Rosales,682,2025-03-12,"Two-Way , Not Divided",Dry,Dark - Lighted,Clear,Unknown,"Yes, M/V and Driver Left Scene",No Controls,2,0,No Injury,2,2,,
922164,2025-00017065,2025-03-11,1:24:00 PM,Vehicle - Vehicle,,BROAD ST,THURBERS AVE,Hansel Ventura,570,2025-03-12,"Two-Way , Not Divided",Dry,Daylight,Clear,Rear End(Front-to-Rear),"Yes, M/V and Driver Left Scene",No Controls,4,0,No Injury,2,,41.79817,-71.41463
922121,2025-00016924,2025-03-11,11:15:00 PM,Vehicle - Vehicle,,EDDY ST,GEORGIA AVE,Lane,109,2025-03-11,"Two-Way , Not Divided",Dry,Dark - Lighted,Clear,Angle (Front - to - Side) Right Angle (Includes Broadside),No,No Controls,6,1,Non-Incapacitating,2,,41.79097,-71.40332
922123,2025-00016967,2025-03-11,3:32:00 AM,Vehicle - Parked Vehicle,,680 Chalkstone Ave,RICHTER ST,Aidan Pendergast,651,2025-03-11,"Two-Way , Not Divided",Dry,Dark - Lighted,Clear,Unknown,"Yes, M/V and Driver Left Scene",No Controls,1,0,Unknown,2,,41.83433,-71.42954
922140,2025-00017018,2025-03-11,10:24:00 AM,Vehicle - Parked Vehicle,,CROYLAND RD,POTTERS AVE,Gustavo Genao,135,2025-03-11,"Two-Way , Not Divided",Dry,Daylight,Clear,"Sideswipe, Same Direction","Yes, M/V and Driver Left Scene",No Controls,1,0,Unknown,2,,41.80363,-71.4148
922141,2025-00017043,2025-03-11,11:59:00 AM,Vehicle - Vehicle,,Silverspring Street,921 Branch Avenue,James Lanier,211,2025-03-11,"Two-Way, Not Divided With a Continuous Left Turn Lane",Dry,Daylight,Clear,Angle (Front - to - Side) Right Angle (Includes Broadside),No,No Controls,2,0,No Injury,2,2,,
922142,2025-00017023,2025-03-11,10:50:00 AM,Vehicle - Vehicle,,SMITH STREET,GENTIAN AVENUE,Giuseppe Scarcello,485,2025-03-11,"Two-Way , Not Divided",Dry,Daylight,Clear,"Sidwswipe, Opposite Direction",No,Traffic Control Signal,2,0,No Injury,2,,41.8276,-71.41845
922143,2025-00017006,2025-03-11,9:41:00 AM,Vehicle - Vehicle,,BRANCH AVE,BRANCH AVE EXIT 24,Christopher Hines,537,2025-03-11,"Two-Way , Not Divided",Dry,Daylight,Clear,Rear End(Front-to-Rear),No,Traffic Control Signal,5,0,No Injury,2,,41.84632,-71.41161
922144,2025-00017000,2025-03-11,9:05:00 AM,Vehicle - Pedestrian,Scooter,POWER ST,BENEFIT ST,Raleek Byfield,375,2025-03-11,"Two-Way , Not Divided",Dry,Daylight,Clear,Not a Collision Between Two Motor Vehicles in Transport,No,No Controls,2,1,Complains Of Pain,1,,41.82282,-71.40391
922145,2025-00017070,2025-03-11,1:31:00 PM,Vehicle - Vehicle,,Dean Street,PROMENADE ST,Ybelis Gonzalez,376,2025-03-11,"Two-Way , Not Divided",Dry,Daylight,Clear,Rear End(Front-to-Rear),No,Traffic Control Signal,3,0,No Injury,2,,41.82922,-71.42659
922146,2025-00017033,2025-03-11,11:07:00 AM,Vehicle - Parked Vehicle,,Cranston St,HANOVER ST,Manuel Vlaun,551,2025-03-11,"Two-Way , Not Divided",Dry,Daylight,Clear,"Sidwswipe, Opposite Direction","Yes, M/V and Driver Left Scene",No Controls,3,0,No Injury,2,,41.80951,-71.43353
922147,2025-00017035,2025-03-11,11:12:00 AM,Vehicle - Vehicle,,744 BRANCH AVE,OLMSTEAD WAY,Ptlm. Castagliuolo,351,2025-03-11,Unknown,Dry,Daylight,Clear,Rear - to - Side,No,No Controls,3,0,No Injury,2,,41.85397,-71.43001
922148,2025-00017042,2025-03-11,11:00:00 AM,Vehicle - Parked Vehicle,,PLEASANT VALLEY PKWY,11 PLEASANT VALLEY PKWY,Quincy Griffin,970,2025-03-11,Unknown,Dry,Daylight,Clear,Rear End(Front-to-Rear),No,No Controls,3,0,Unknown,2,,,
922149,2025-00017086,2025-03-11,2:35:00 PM,Vehicle - Vehicle,,NASHUA ST,FROST ST,Ptlm. Castagliuolo,351,2025-03-11,"Two-Way , Not Divided",Dry,Daylight,Clear,Angle (Front - to - Side) Right Angle (Includes Broadside),No,Stop Signs,4,1,Complains Of Pain,2,,41.85161,-71.40328
922166,2025-00017109,2025-03-11,1:30:00 PM,Vehicle - Vehicle,,PROVIDENCE PL,,Jason Clancy,999,2025-03-12,Unknown,Dry,Daylight,Clear,Rear End(Front-to-Rear),No,Unknown,3,1,Complains Of Pain,2,,,
922214,2025-00017434,2025-03-11,5:06:00 PM,Vehicle - Parked Vehicle,,SILVER SPRING ST,,Jason Clancy,999,2025-03-13,Unknown,Dry,Dusk,Clear,Other,No,Unknown,3,0,Unknown,2,,,
922251,2025-00017819,2025-03-11,12:00:00 PM,Vehicle - Parked Vehicle,,148 WEST RIVER ST,,Jason Clancy,999,2025-03-14,Unknown,Dry,Daylight,Clear,Unknown,No,Unknown,2,0,Unknown,2,,,
922252,2025-00017069,2025-03-11,1:32:00 PM,Vehicle - Vehicle,,PAGE ST.,WEYBOSSET ST,Lucio Andreozzi,381,2025-03-14,One-Way Trafficway,Dry,Daylight,Clear,"Sideswipe, Same Direction","Yes, M/V and Driver Left Scene",No Controls,1,0,Unknown,2,,41.82144,-71.41202
922183,2025-00017047,2025-03-11,12:09:00 PM,Vehicle - Vehicle,,Manton ave,STEERE AVE,Eder Delgado,580,2025-03-12,"Two-Way, Divided, Unprotected (painted>4feet) Medium",Dry,Daylight,Clear,"Sideswipe, Same Direction",No,No Controls,2,0,No Injury,2,,41.82248,-71.4499
922204,2025-00017093,2025-03-11,2:37:00 PM,Vehicle - Vehicle,,MANTON AVE,DEARBORN ST,Alexander Frias,669,2025-03-12,"Two-Way , Not Divided",Dry,Daylight,Clear,Other,No,No Controls,10,0,No Injury,2,,41.82485,-71.4534