CrashReportId,ReportNumber,CrashDate,CrashTime,TypeOfCollision,Collision Type,StreetOrHighway,NearestIntersection,Officer,Badge,ReportDate,TypeOfRoadway,RoadSurfaceCondition,LightCondition,WeatherCondition,MannerofImpact,HitAndRun,TrafficControl,PersonCount,InjuryCount,MostSeriousInjury,NumberofVehicles,NumberOfLanes,Latitude,Longitude
922205,2025-00017135,2025-03-11,5:07:00 PM,Vehicle - Vehicle,,ATWELLS AVE,BRADFORD ST,Peyton Ginolfi,657,2025-03-12,"Two-Way , Not Divided",Dry,Daylight,Clear,Head-On (Front - to - Front),No,No Controls,2,0,No Injury,2,,41.82323,-71.4219
922179,2025-00016815,2025-03-10,2:06:00 PM,Vehicle - Vehicle,,86 s main st,,Michael Cifuentes,330,2025-03-12,One-Way Trafficway,Dry,Daylight,Clear,Rear End(Front-to-Rear),No,No Controls,3,0,No Injury,2,,41.82482,-71.40722
922216,2025-00017394,2025-03-10,5:54:00 PM,Vehicle - Vehicle,,UNION ST,WASHINGTON ST,Jason Clancy,999,2025-03-13,One-Way Trafficway,Dry,Daylight,Clear,"Sideswipe, Same Direction","Yes, M/V and Driver Left Scene",Unknown,1,0,Unknown,2,,,
922116,2025-00016852,2025-03-10,4:23:00 PM,Vehicle - Pedestrian,Pedestrian,HARTFORD AVE,ETNA ST,Raymond Criner,340,2025-03-10,"Two-Way , Not Divided",Dry,Daylight,Clear,Not a Collision Between Two Motor Vehicles in Transport,No,Pavement Markings,4,1,Complains Of Pain,1,,41.81735,-71.45075
922117,2025-00016862,2025-03-10,5:23:00 PM,Vehicle - Vehicle,,CHARLES ST EXIT 23,EXIT 23,David Palumbo,106,2025-03-10,One-Way Trafficway,Dry,Daylight,Clear,Rear End(Front-to-Rear),No,Stop Signs,4,0,No Injury,2,,41.83784,-71.4142
922118,2025-00016729,2025-03-10,8:07:00 AM,Vehicle - Vehicle,,GALLUP ST,BURNSIDE ST,D WILSON,123,2025-03-10,"Two-Way , Not Divided",Dry,Daylight,Clear,Angle (Front - to - Side) Right Angle (Includes Broadside),No,No Controls,2,0,No Injury,2,,41.80044,-71.41035
922119,2025-00016877,2025-03-10,6:37:00 PM,Vehicle - Vehicle,,RIVER AVE,SMITH ST,Robert Gaudiana,579,2025-03-10,"Two-Way , Not Divided",Dry,Dusk,Clear,Angle (Front - to - Side) Same Direction,No,Traffic Control Signal,2,0,No Injury,2,,41.84063,-71.44055
922120,2025-00016917,2025-03-10,10:40:00 PM,Vehicle - Vehicle,,N MAIN ST,FROST ST,James Lewis,250,2025-03-10,"Two-Way , Not Divided",Dry,Dark - Lighted,Clear,Angle (Front - to - Side) Same Direction,"Yes, M/V and Driver Left Scene",Traffic Control Signal,5,0,No Injury,2,,41.85132,-71.40238
922165,2025-00017055,2025-03-10,2:15:00 PM,Vehicle - Vehicle,,DEAN ST,,Jason Clancy,999,2025-03-12,Unknown,Dry,Daylight,Clear,Rear - to - Side,No,Unknown,3,0,Unknown,2,,,
922139,2025-00016718,2025-03-10,7:00:00 AM,Vehicle - Vehicle,,GENTIAN AVENUE,SMITH STREET,Giuseppe Scarcello,485,2025-03-11,"Two-Way , Not Divided",Dry,Daylight,Clear,"Sideswipe, Same Direction",No,No Controls,2,0,No Injury,2,,41.81745,-71.43902
922151,2025-00017088,2025-03-10,10:20:00 AM,Vehicle - Vehicle,,CHAPMAN ST,,Jason Clancy,999,2025-03-11,Unknown,Dry,Daylight,Clear,Unknown,"Yes, M/V and Driver Left Scene",Unknown,1,0,Unknown,2,,,
922172,2025-00017114,2025-03-10,3:00:00 PM,Vehicle - Parked Vehicle,,IMPERIAL PL,SOUTH ST,Jason Clancy,999,2025-03-12,"Two-Way , Not Divided",Dry,Daylight,Clear,Other,"Yes, M/V and Driver Left Scene",Unknown,3,0,Unknown,2,,41.81611,-71.41101
922154,2025-00017022,2025-03-10,10:55:00 PM,Vehicle - Object,,BROADWAY,BERCLAY ST,Quincy Griffin,970,2025-03-11,"Two-Way , Not Divided",Dry,Dark - Lighted,Clear,"Sideswipe, Same Direction",No,No Controls,1,0,No Injury,1,,41.82162,-71.42167
922090,2025-00016697,2025-03-10,2:00:00 AM,Vehicle - Parked Vehicle,,Terrace ave,Clarence street,Luis Boror,575,2025-03-10,"Two-Way , Not Divided",Dry,Dark - Lighted,Clear,Unknown,"Yes, M/V and Driver Left Scene",No Controls,1,0,Unknown,2,,,
922101,2025-00016765,2025-03-10,10:44:00 AM,Vehicle - Object,,ADMIRAL ST,PUMGANSETT ST,Jessica Salmeron,356,2025-03-10,"Two-Way , Not Divided",Dry,Daylight,Clear,Not a Collision Between Two Motor Vehicles in Transport,No,No Controls,3,1,Complains Of Pain,1,2,41.84288,-71.42223
922102,2025-00016788,2025-03-10,12:13:00 PM,Vehicle - Parked Vehicle,,29 Chad Brown Street,29 Chad Brown Street,James Lanier,211,2025-03-10,"Two-Way , Not Divided",Dry,Daylight,Clear,Other,No,No Controls,1,0,Unknown,2,1,,
922103,2025-00016795,2025-03-10,12:40:00 PM,Vehicle - Vehicle,,BROADWAY,RT 10 SOUTH,Joshua Cascione,225,2025-03-10,"Two-Way , Not Divided",Dry,Daylight,Clear,Angle (Front - to - Side) Right Angle (Includes Broadside),No,Traffic Control Signal,4,1,Complains Of Pain,2,,41.81774,-71.43813
922105,2025-00016736,2025-03-10,8:24:00 AM,Vehicle - Parked Vehicle,,Brook,Sheldon,Martin Hames,536,2025-03-10,"Two-Way , Not Divided",Dry,Daylight,Clear,"Sideswipe, Same Direction",No,No Controls,2,0,No Injury,2,,,
922106,2025-00016791,2025-03-10,12:28:00 PM,Vehicle - Vehicle,,POINT ST,WICKENDEN ST,Michael Cifuentes,330,2025-03-10,"Two-Way , Not Divided",Dry,Daylight,Clear,Other,"Yes, M/V and Driver Left Scene",Traffic Control Signal,1,0,No Injury,2,,41.81878,-71.40176
922099,2025-00016737,2025-03-10,8:30:00 AM,Vehicle - Vehicle,,ELMWOOD AVE,ELMWOOD AVE,Eder Delgado,580,2025-03-10,"Two-Way , Not Divided",Dry,Daylight,Clear,Rear End(Front-to-Rear),No,No Controls,5,3,Complains Of Pain,2,,41.80682,-71.42491
922110,2025-00016837,2025-03-10,3:13:00 PM,Vehicle - Vehicle,,166 Harrison,,Jose Cortorreal,604,2025-03-10,"Two-Way , Not Divided",Dry,Daylight,Clear,Rear - to - Rear,No,No Controls,3,0,No Injury,2,,,
922111,2025-00016853,2025-03-10,4:24:00 PM,Vehicle - Vehicle,,S MAIN ST,INDIA ST,Ricardo Sanchez,632,2025-03-10,"Two-Way , Not Divided",Dry,Daylight,Clear,Rear End(Front-to-Rear),No,No Controls,2,0,No Injury,2,2,41.81622,-71.39946
922113,2025-00016845,2025-03-10,3:45:00 PM,Vehicle - Vehicle,,ANTHONY AVE,CRANSTON ST,Alexander Frias,669,2025-03-10,"Two-Way , Not Divided",Dry,Daylight,Clear,Rear - to - Side,"Yes, M/V and Driver Left Scene",No Controls,1,0,Unknown,2,,41.80448,-71.43878
922114,2025-00016870,2025-03-10,6:05:00 PM,Vehicle - Object,,DOUGLAS AVE,ORMS ST,Colby Berciano,671,2025-03-10,One-Way Trafficway,Dry,Daylight,Clear,Not a Collision Between Two Motor Vehicles in Transport,No,No Controls,2,0,No Injury,1,,41.83477,-71.41679
922668,2025-00016744,2025-03-10,9:18:00 AM,Vehicle - Vehicle,,BRANCH AVE,LUNA ST,Albert Pereira,111,2025-03-27,"Two-Way , Not Divided",Dry,Daylight,Clear,Angle (Front - to - Side) Right Angle (Includes Broadside),No,No Controls,2,0,No Injury,2,,41.84973,-71.41876
922687,2025-00016886,2025-03-10,7:30:00 PM,Vehicle - Vehicle,,Huntington Ave,PLYMOUTH ST,Stephen Noti,119,2025-03-27,"Two-Way , Not Divided",Dry,Dark - Lighted,Clear,"Sideswipe, Same Direction",No,No Controls,3,0,No Injury,2,,41.80134,-71.43292
922112,2025-00016640,2025-03-09,7:26:00 PM,Vehicle - Vehicle,,FRANCIS ST,GASPEE ST,Ptlw. Martinez,146,2025-03-10,"Two-Way, Divided, Positive Median Barrier",Dry,Dark - Lighted,Clear,"Sideswipe, Same Direction",No,No Controls,3,3,Complains Of Pain,2,,,
922100,2025-00016561,2025-03-09,1:51:00 PM,Vehicle - Parked Vehicle,,1481 Broad ST,EDDY ST,Michelle Chasse,264,2025-03-10,Unknown,Dry,Daylight,Clear,Not a Collision Between Two Motor Vehicles in Transport,No,No Controls,2,0,Unknown,2,,41.78654,-71.40209
922104,2025-00016775,2025-03-09,2:50:00 PM,Vehicle - Parked Vehicle,,ELMWOOD AVE,ELMWOOD AVE,Jason Clancy,999,2025-03-10,Unknown,Dry,Daylight,Clear,Other,"Yes, M/V and Driver Left Scene",Unknown,1,0,Unknown,2,,,
922064,2025-00016542,2025-03-09,12:26:00 PM,Vehicle - Vehicle,,Promenade Street,Kinsley Avenue,James Lanier,211,2025-03-09,One-Way Trafficway,Dry,Daylight,Clear,Angle (Front - to - Side) Right Angle (Includes Broadside),No,Stop Signs,2,0,No Injury,2,2,,
922066,2025-00016546,2025-03-09,12:57:00 PM,Vehicle - Parked Vehicle,,federal street,DE PASQUALE AVE,Brad McParlin,395,2025-03-09,"Two-Way , Not Divided",Dry,Daylight,Clear,Angle (Front - to - Side) Same Direction,"Yes, M/V and Driver Left Scene",No Controls,1,0,Unknown,2,,41.82235,-71.42656
922067,2025-00016523,2025-03-09,9:02:00 AM,Vehicle - Pedestrian,Pedestrian,BROADWAY,KNIGHT ST,Ptlm. Castagliuolo,351,2025-03-09,"Two-Way , Not Divided",Dry,Daylight,Clear,Not a Collision Between Two Motor Vehicles in Transport,No,Traffic Control Signal,3,2,Complains Of Pain,1,,41.8198,-71.42936
922075,2025-00016545,2025-03-09,12:54:00 PM,Vehicle - Parked Vehicle,,CHALKSTONE AVE,CANTON ST,G.Genao,135,2025-03-09,"Two-Way , Not Divided",Dry,Daylight,Clear,"Sideswipe, Same Direction",No,No Controls,3,0,No Injury,2,,41.83229,-71.44227
922076,2025-00016554,2025-03-09,1:31:00 PM,Vehicle - Vehicle,,DEAN ST,W EXCHANGE ST,Joshua Cascione,225,2025-03-09,"Two-Way, Divided, Positive Median Barrier",Dry,Daylight,Clear,Rear End(Front-to-Rear),No,Traffic Control Signal,3,0,No Injury,2,,41.82472,-71.42542
922077,2025-00016547,2025-03-09,1:01:00 PM,Vehicle - Vehicle,,DORA STREET,PRISCILLA AVENUE,Patrolwoman Addai,513,2025-03-09,"Two-Way , Not Divided",Dry,Daylight,Clear,Angle (Front - to - Side) Right Angle (Includes Broadside),No,No Controls,3,1,Complains Of Pain,2,2,,
922081,2025-00016583,2025-03-09,3:23:00 PM,Vehicle - Vehicle,,SMITHFIELD AVENUE,SMITHFIELD AVE,Ian Quinn,102,2025-03-09,"Two-Way , Not Divided",Dry,Daylight,Clear,Rear End(Front-to-Rear),No,No Controls,5,1,Complains Of Pain,2,5,41.85733,-71.41082
922084,2025-00016586,2025-03-09,3:34:00 PM,Vehicle - Pedestrian,Pedestrian,BAINBRIDGE AVE,BROADWAY,Brendan O'Brien,667,2025-03-09,Unknown,Other,Other,Clear,Rear End(Front-to-Rear),No,No Controls,6,1,Complains Of Pain,3,,41.81789,-71.43585
922085,2025-00016623,2025-03-09,6:25:00 PM,Vehicle - Object,,GORDON AVE,HOUSTON ST,Jose Cortorreal,604,2025-03-09,Unknown,Dry,Daylight,Clear,Unknown,"Yes, M/V and Driver Left Scene",Unknown,1,0,Unknown,1,,41.80015,-71.41422
922086,2025-00016627,2025-03-09,7:15:00 PM,Vehicle - Vehicle,,CONGDON ST,BOWEN ST,Darlin Hernandez,148,2025-03-09,"Two-Way , Not Divided",Dry,Daylight,Clear,Angle (Front - to - Side) Same Direction,"Yes, M/V and Driver Left Scene",No Controls,2,0,Unknown,2,,41.8305,-71.407
922087,2025-00016643,2025-03-09,9:03:00 PM,Vehicle - Vehicle,,DEAN ST,W PARK ST,Raymond Criner,340,2025-03-09,"Two-Way, Divided, Positive Median Barrier",Dry,Dark - Lighted,Clear,Rear End(Front-to-Rear),No,Traffic Control Signal,5,1,Complains Of Pain,3,,41.83136,-71.42826
922088,2025-00016655,2025-03-09,10:05:00 PM,Vehicle - Vehicle,,PENNSYLVANIA AVE,PRAIRIE AVE,Jose Cortorreal,604,2025-03-09,One-Way Trafficway,Dry,Dark - Not Lighted,Clear,"Sideswipe, Same Direction",No,No Controls,3,1,Complains Of Pain,2,,41.79773,-71.41226
922089,2025-00016497,2025-03-09,4:07:00 AM,Vehicle - Parked Vehicle,,CHALKSTONE AVE,WALLER ST,Gehu Sanssouci,136,2025-03-09,"Two-Way, Divided, Unprotected (painted>4feet) Medium",Dry,Dark - Lighted,Clear,Angle (Front - to - Side) Same Direction,No,No Controls,2,1,Non-Incapacitating,2,,41.83258,-71.45096
922055,2025-00016483,2025-03-09,3:22:00 AM,Vehicle - Vehicle,,HOPE ST/LLOYD AVE,LLOYD AVE,Gabrielle O'Loughlin,680,2025-03-09,"Two-Way , Not Divided",Dry,Dark - Lighted,Clear,"Sideswipe, Same Direction",No,No Controls,3,0,No Injury,2,,41.83162,-71.3998
922057,2025-00016502,2025-03-09,4:23:00 AM,Vehicle - Vehicle,,EDDY ST,THURBERS AVE,H. Mendez,675,2025-03-09,"Two-Way , Not Divided",Dry,Dark - Lighted,Clear,Rear End(Front-to-Rear),"Yes, M/V and Driver Left Scene",Traffic Control Signal,5,0,No Injury,2,,41.80014,-71.40589
922058,2025-00016519,2025-03-08,7:00:00 PM,Vehicle - Parked Vehicle,,20 Donelson Street,Donelson,James Lanier,211,2025-03-09,"Two-Way , Not Divided",Dry,Daylight,Clear,Unknown,"Yes, M/V and Driver Left Scene",No Controls,2,0,No Injury,2,1,,
922063,2025-00016323,2025-03-08,1:42:00 PM,Vehicle - Parked Vehicle,,1 Corliss Street,CHARLES ST,Ryan Anderson,107,2025-03-09,Unknown,Dry,Daylight,Clear,Unknown,"Yes, M/V and Driver Left Scene",No Controls,1,0,No Injury,2,,41.83816,-71.41439
922056,2025-00016236,2025-03-08,1:55:00 AM,Vehicle - Pedestrian,Pedestrian,SPRUCE ST,DE PASQUALE AVE,Hector Viruet,614,2025-03-09,One-Way Trafficway,Dry,Dark - Lighted,Clear,Unknown,"Yes, M/V and Driver Left Scene",No Controls,2,0,No Injury,2,,41.8243,-71.42668
922040,2025-00016302,2025-03-08,12:16:00 PM,Vehicle - Vehicle,,VALLEY ST,SCHOOL ST,Damaris Sanchez,566,2025-03-08,"Two-Way , Not Divided",Dry,Daylight,Clear,"Sideswipe, Same Direction",No,No Controls,7,2,Complains Of Pain,3,,41.81923,-71.44055
922041,2025-00016324,2025-03-08,1:43:00 PM,Vehicle - Vehicle,,elmwood ave,POTTERS AVE,Serge Bouyssou,105,2025-03-08,"Two-Way , Not Divided",Dry,Daylight,Clear,"Sideswipe, Same Direction",No,No Controls,2,0,No Injury,2,,41.80174,-71.42628
922042,2025-00016734,2025-03-08,5:57:00 PM,Vehicle - Parked Vehicle,,THROOP ALY,CANAL ST,Jared Guiot,608,2025-03-08,"Two-Way , Not Divided",Unknown,Unknown,Clear,Unknown,"Yes, M/V and Driver Left Scene",No Controls,1,0,Unknown,2,,41.82792,-71.41031
922043,2025-00016386,2025-03-08,7:00:00 PM,Vehicle - Vehicle,,heath st,EASTWOOD AVE,Brendan O'Brien,667,2025-03-08,"Two-Way , Not Divided",Dry,Dark - Lighted,Clear,Rear End(Front-to-Rear),"Yes, M/V and Driver Left Scene",No Controls,3,0,No Injury,2,,41.81714,-71.44992
922045,2025-00016396,2025-03-08,7:53:00 PM,Vehicle - Object,,COMSTOCK AVE,PRAIRIE AVE,Raymond Criner,340,2025-03-08,"Two-Way , Not Divided",Dry,Dark - Lighted,Clear,Not a Collision Between Two Motor Vehicles in Transport,"Yes, Driver Left Scene",No Controls,1,0,Unknown,1,,41.80888,-71.41589
922046,2025-00016390,2025-03-08,7:37:00 PM,Vehicle - Parked Vehicle,,GOVERNOR ST,WICKENDEN ST,Jared Guiot,608,2025-03-08,"Two-Way , Not Divided",Dry,Dark - Lighted,Clear,Unknown,No,No Controls,2,0,No Injury,2,,41.82042,-71.39368
922047,2025-00016392,2025-03-08,7:32:00 PM,Vehicle - Vehicle,,EDDY ST,I 95 S,Matthew Carlone,602,2025-03-08,"Two-Way , Not Divided",Dry,Dark - Lighted,Clear,Angle (Front - to - Side) Same Direction,No,Traffic Control Signal,3,0,No Injury,2,,41.81241,-71.407
922048,2025-00016429,2025-03-08,10:29:00 PM,Vehicle - Vehicle,,CLEMENCE ST,WASHINGTON ST,Lane,109,2025-03-08,One-Way Trafficway,Dry,Dark - Lighted,Clear,Other,No,No Controls,2,0,No Injury,2,,41.82332,-71.41435
922049,2025-00016439,2025-03-08,11:09:00 PM,Vehicle - Object,,MANTON AVE,BALTIMORE ST,Ralph Abenante,511,2025-03-09,"Two-Way, Divided, Unprotected (painted>4feet) Medium",Dry,Dark - Lighted,Clear,Not a Collision Between Two Motor Vehicles in Transport,No,No Controls,1,0,No Injury,1,,41.82936,-71.46278
922050,2025-00016438,2025-03-08,11:06:00 PM,Vehicle - Parked Vehicle,,255 COLLYER ST,COLLYER ST,Jason Bibeault,344,2025-03-09,"Two-Way , Not Divided",Dry,Dark - Lighted,Clear,Head-On (Front - to - Front),"Yes, M/V and Driver Left Scene",No Controls,2,0,No Injury,2,2,41.85504,-71.40322
922051,2025-00016448,2025-03-08,11:38:00 PM,Vehicle - Vehicle,,WICKENDEN STREET,TRAVERSE ST,David Monteiro,613,2025-03-09,"Two-Way , Not Divided",Dry,Dark - Lighted,Clear,Rear End(Front-to-Rear),No,Stop Signs,3,0,No Injury,2,,41.81931,-71.39968
922054,2025-00016237,2025-03-08,1:52:00 AM,Vehicle - Parked Vehicle,,107 Academy Ave,HEALTH AVE,Yeisua Jimenez,672,2025-03-09,"Two-Way , Not Divided",Dry,Dark - Lighted,Clear,Rear End(Front-to-Rear),"Yes, M/V and Driver Left Scene",Person,1,0,Unknown,2,,41.82776,-71.4438
922033,2025-00016243,2025-03-08,2:08:00 AM,Vehicle - Vehicle,,COLFAX ST,PRAIRIE AVE,Lane,109,2025-03-08,"Two-Way , Not Divided",Dry,Dark - Lighted,Clear,Angle (Front - to - Side) Right Angle (Includes Broadside),No,Stop Signs,10,3,Complains Of Pain,6,,41.79953,-71.41226
922037,2025-00016279,2025-03-08,9:31:00 AM,Vehicle - Vehicle,,NIANTIC AVE,DUPONT DR,Victor Tavarez,564,2025-03-08,"Two-Way, Divided, Unprotected (painted>4feet) Medium",Dry,Daylight,Clear,"Sidwswipe, Opposite Direction",No,Traffic Control Signal,3,0,No Injury,2,,41.80062,-71.43923
922038,2025-00016284,2025-03-08,10:29:00 AM,Vehicle - Vehicle,,CAMP ST,FOREST ST,Yesenia Caba,549,2025-03-08,"Two-Way , Not Divided",Dry,Daylight,Clear,"Sideswipe, Same Direction","Yes, M/V and Driver Left Scene",No Controls,1,0,Unknown,2,,41.84411,-71.40213
922065,2025-00016274,2025-03-08,9:02:00 AM,Vehicle - Vehicle,,112 Douglas Avenue,CHALKSTONE AVE,Ryan Anderson,107,2025-03-09,"Two-Way , Not Divided",Dry,Daylight,Clear,Angle (Front - to - Side) Same Direction,No,Traffic Control Signal,4,0,No Injury,2,,41.83637,-71.42039
922097,2025-00016307,2025-03-08,12:24:00 PM,Vehicle - Vehicle,,KINSLEY AVE,KINSLEY AVE,Albert Pereira,111,2025-03-10,"Two-Way , Not Divided",Dry,Daylight,Clear,"Sideswipe, Same Direction",No,No Controls,3,0,No Injury,2,,41.82824,-71.4206
922098,2025-00016311,2025-03-08,1:13:00 PM,Vehicle - Vehicle,,73 felix st,CHALKSTONE AVE,Albert Pereira,111,2025-03-10,"Two-Way , Not Divided",Dry,Daylight,Clear,Unknown,"Yes, M/V and Driver Left Scene",No Controls,1,0,Unknown,2,,41.83452,-71.42838
922091,2025-00016325,2025-03-08,9:10:00 AM,Vehicle - Parked Vehicle,,WEST EXCHANGE ST,,Jason Clancy,999,2025-03-10,Unknown,Dry,Daylight,Clear,"Sidwswipe, Opposite Direction",No,Unknown,2,0,Unknown,2,,,
922092,2025-00016334,2025-03-08,11:45:00 PM,Vehicle - Vehicle,,W EXCHANGE ST,W EXCHANGE ST,Jason Clancy,999,2025-03-10,Unknown,Dry,Dark - Unknown Lighting,Clear,Rear End(Front-to-Rear),"Yes, M/V and Driver Left Scene",Unknown,2,0,Unknown,2,,41.82466,-71.41558
922107,2025-00016419,2025-03-08,9:36:00 PM,Vehicle - Pedestrian,Pedestrian,ELMWOOD AVE,ELMWOOD AVE,Ruben Morales,685,2025-03-10,"Two-Way , Not Divided",Dry,Dark - Lighted,Clear,"Sideswipe, Same Direction","Yes, M/V and Driver Left Scene",Traffic Control Signal,2,0,No Injury,2,,41.80713,-71.42487
922153,2025-00016411,2025-03-08,9:01:00 PM,Vehicle - Vehicle,,BRIDGHAM ST,CRANSTON ST,Peyton Ginolfi,657,2025-03-11,"Two-Way , Not Divided",Dry,Dark - Lighted,Clear,Rear End(Front-to-Rear),No,Traffic Control Signal,2,0,No Injury,2,,41.81403,-71.42698
922170,2025-00017100,2025-03-08,5:30:00 PM,Vehicle - Vehicle,,PROVIDENCE PL,,Jason Clancy,999,2025-03-12,Unknown,Dry,Dark - Lighted,Clear,Rear End(Front-to-Rear),"Yes, M/V and Driver Left Scene",Unknown,2,0,Unknown,2,,,
922173,2025-00017250,2025-03-08,2:50:00 PM,Vehicle - Vehicle,,ELMWOOD AVE,BROAD ST,Jason Clancy,999,2025-03-12,"Two-Way , Not Divided",Dry,Daylight,Clear,"Sideswipe, Same Direction","Yes, M/V and Driver Left Scene",Unknown,2,0,Unknown,2,,41.81301,-71.42202
922218,2025-00016319,2025-03-08,1:24:00 PM,Vehicle - Vehicle,,HOPE ST,FISHER ST,Jason Clancy,999,2025-03-13,"Two-Way , Not Divided",Dry,Daylight,Clear,Rear End(Front-to-Rear),No,Unknown,1,0,Unknown,2,,41.8439,-71.39755
922361,2025-00017975,2025-03-08,11:30:00 AM,Vehicle - Vehicle,,PROVIDENCE PL,,Jason Clancy,999,2025-03-17,Unknown,Dry,Daylight,Clear,Other,No,Unknown,2,0,No Injury,2,,,
922430,2025-00019229,2025-03-08,5:20:00 PM,Vehicle - Vehicle,,ELMWOOD AVE,ADELAIDE AVE,Jason Clancy,999,2025-03-19,"Two-Way , Not Divided",Dry,Daylight,Clear,Unknown,No,Unknown,3,0,Unknown,2,,41.79589,-71.425
922389,2025-00018823,2025-03-07,8:00:00 PM,Vehicle - Object,,382 DEXTER ST,LINWOOD AVE,Lucas Ramalho,507,2025-03-17,"Two-Way , Not Divided",Dry,Dark - Lighted,Clear,Not a Collision Between Two Motor Vehicles in Transport,No,No Controls,2,0,No Injury,1,,41.80574,-71.42942
922132,2025-00016053,2025-03-07,12:08:00 PM,Vehicle - Vehicle,,GALLATIN ST,EMERSON ST,Raleek Byfield,375,2025-03-11,"Two-Way , Not Divided",Dry,Daylight,Clear,Angle (Front - to - Side) Right Angle (Includes Broadside),No,Stop Signs,9,4,Non-Incapacitating,4,,41.79664,-71.41535
922150,2025-00017032,2025-03-07,4:00:00 AM,Vehicle - Parked Vehicle,,DORA ST,WHITEHALL ST,Quincy Griffin,970,2025-03-11,"Two-Way , Not Divided",Dry,Dark - Lighted,Clear,Unknown,"Yes, M/V and Driver Left Scene",No Controls,1,0,Unknown,2,,41.80896,-71.44483
922095,2025-00016150,2025-03-07,3:30:00 PM,Vehicle - Vehicle,,VEAZIE ST,BRANCH AVE,Jason Clancy,999,2025-03-10,"Two-Way , Not Divided",Dry,Daylight,Clear,Rear End(Front-to-Rear),"Yes, M/V and Driver Left Scene",Unknown,2,0,Unknown,2,,41.85474,-71.43467
922082,2025-00016132,2025-03-07,4:57:00 PM,Vehicle - Vehicle,,POWER ST,GOVERNOR ST,Luis Pelaez,336,2025-03-09,"Two-Way , Not Divided",Dry,Daylight,Clear,Angle (Front - to - Side) Right Angle (Includes Broadside),"Yes, M/V and Driver Left Scene",Stop Signs,4,0,No Injury,2,,41.82353,-71.39414
922039,2025-00016068,2025-03-07,1:10:00 PM,Vehicle - Vehicle,,Union St,WASHINGTON ST,Alexander Wagoner,541,2025-03-07,One-Way Trafficway,Dry,Daylight,Clear,Not a Collision Between Two Motor Vehicles in Transport,No,No Controls,1,0,No Injury,2,,41.8238,-71.41427
922034,2025-00016092,2025-03-07,2:10:00 PM,Vehicle - Vehicle,,NIANTIC AVE,CRANSTON ST,Victor Tavarez,564,2025-03-08,"Two-Way, Divided, Unprotected (painted>4feet) Medium",Dry,Daylight,Clear,Angle (Front - to - Side) Right Angle (Includes Broadside),No,No Controls,4,2,Complains Of Pain,2,,41.80258,-71.43954
922024,2025-00016130,2025-03-07,4:44:00 PM,Vehicle - Vehicle,,BROWN ST,OLIVE ST,C Nicholls,609,2025-03-07,One-Way Trafficway,Dry,Daylight,Clear,"Sideswipe, Same Direction",No,No Controls,3,0,No Injury,2,,41.82829,-71.40328
922025,2025-00016112,2025-03-07,2:49:00 PM,Vehicle - Vehicle,,VALLEY STREET,WOLCOTT ST,Arthur Lima,126,2025-03-07,"Two-Way , Not Divided",Dry,Daylight,Clear,Angle (Front - to - Side) Opposite Direction,No,No Controls,4,0,No Injury,2,,41.82884,-71.43359
922026,2025-00016115,2025-03-07,2:49:00 PM,Vehicle - Vehicle,,RIALTO STREET,MOUNT PLEASANT AVE,Arthur Lima,126,2025-03-07,"Two-Way , Not Divided",Dry,Daylight,Clear,Rear - to - Side,No,No Controls,3,0,No Injury,2,,41.83722,-71.45209
922028,2025-00016143,2025-03-07,5:30:00 PM,Vehicle - Vehicle,,RESERVOIR AVE,ELMWOOD AVE,Matthew Carlone,602,2025-03-07,"Two-Way , Not Divided",Dry,Daylight,Clear,"Sideswipe, Same Direction",No,No Controls,2,0,No Injury,2,,41.79782,-71.42611
922029,2025-00016163,2025-03-07,6:44:00 PM,Vehicle - Vehicle,,WESTMINSTER ST,STOKES ST,Brendan O'Brien,667,2025-03-07,"Two-Way , Not Divided",Dry,Dark - Lighted,Clear,Rear End(Front-to-Rear),"Yes, M/V and Driver Left Scene",No Controls,1,0,No Injury,2,,41.81674,-71.44293
922032,2025-00016171,2025-03-07,7:05:00 PM,Vehicle - Vehicle,,EXCHANGE TER,FRANCIS ST,Matthew Kelley,186,2025-03-07,"Two-Way , Not Divided",Dry,Dark - Lighted,Clear,Rear End(Front-to-Rear),"Yes, M/V and Driver Left Scene",Traffic Control Signal,5,0,No Injury,2,,41.82506,-71.41467
922017,2025-00015998,2025-03-07,,Vehicle - Parked Vehicle,,235 BENEFIT ST,WATERMAN ST,Jeann Lugo,543,2025-03-07,"Two-Way , Not Divided",Dry,Daylight,Clear,"Sideswipe, Same Direction","Yes, M/V and Driver Left Scene",No Controls,1,0,Unknown,2,,41.82659,-71.40716
922018,2025-00016045,2025-03-07,11:31:00 AM,Vehicle - Vehicle,,Smith Street,Elmhurst Avenue,Igor Barbosa,114,2025-03-07,"Two-Way, Divided, Unprotected (painted>4feet) Medium",Dry,Daylight,Clear,Rear End(Front-to-Rear),No,No Controls,10,2,Complains Of Pain,4,,,
922019,2025-00016058,2025-03-07,11:30:00 AM,Vehicle - Parked Vehicle,,ELMWOOD AVE,POTTERS AVE,Quincy Griffin,970,2025-03-07,"Two-Way , Not Divided",Dry,Daylight,Clear,Rear - to - Rear,No,No Controls,3,0,Unknown,2,,41.80148,-71.42636