CrashReportId,ReportNumber,CrashDate,CrashTime,TypeOfCollision,Collision Type,StreetOrHighway,NearestIntersection,Officer,Badge,ReportDate,TypeOfRoadway,RoadSurfaceCondition,LightCondition,WeatherCondition,MannerofImpact,HitAndRun,TrafficControl,PersonCount,InjuryCount,MostSeriousInjury,NumberofVehicles,NumberOfLanes,Latitude,Longitude
922008,2025-00015996,2025-03-07,8:01:00 AM,Vehicle - Vehicle,,waterman st,IVES ST,Louis Gianfrancesco,350,2025-03-07,One-Way Trafficway,Dry,Daylight,Clear,Angle (Front - to - Side) Right Angle (Includes Broadside),No,Stop Signs,2,0,No Injury,2,2,41.82778,-71.39291
922021,2025-00016093,2025-03-07,1:16:00 PM,Vehicle - Vehicle,,ADMIRAL ST,DOUGLAS AVE,Quincy Griffin,970,2025-03-07,"Two-Way , Not Divided",Dry,Daylight,Clear,Rear End(Front-to-Rear),No,Traffic Control Signal,3,0,Unknown,2,,41.84606,-71.42903
922044,2025-00016203,2025-03-07,10:40:00 PM,Vehicle - Vehicle,,BROAD ST,BROAD ST,Matthew Carlone,602,2025-03-08,"Two-Way , Not Divided",Dry,Dark - Lighted,Clear,Rear End(Front-to-Rear),No,No Controls,2,0,No Injury,2,,41.79065,-71.40557
922003,2025-00015997,2025-03-07,8:04:00 AM,Vehicle - Parked Vehicle,,54 Cromwell Street,BUCKLIN ST,Luis Fernandez,531,2025-03-07,"Two-Way , Not Divided",Dry,Daylight,Clear,"Sideswipe, Same Direction","Yes, M/V and Driver Left Scene",No Controls,2,0,No Injury,2,,41.80897,-71.42697
922011,2025-00016028,2025-03-07,10:02:00 AM,Vehicle - Vehicle,,CHARLES ST,CORLISS ST,Luis Garcia Colon,128,2025-03-07,"Two-Way , Not Divided",Dry,Daylight,Clear,Rear End(Front-to-Rear),No,Stop Signs,2,0,No Injury,2,,41.83806,-71.41452
922012,2025-00015993,2025-03-07,7:39:00 AM,Vehicle - Vehicle,,EDNA ST,PLAINFIELD ST,Southavout Im,382,2025-03-07,One-Way Trafficway,Dry,Daylight,Clear,"Sideswipe, Same Direction",No,No Controls,5,0,No Injury,2,,41.81662,-71.44557
922013,2025-00016049,2025-03-07,11:41:00 AM,Vehicle - Vehicle,,Bridgham Street,CRANSTON ST,Luis Fernandez,531,2025-03-07,"Two-Way , Not Divided",Dry,Daylight,Clear,Rear End(Front-to-Rear),No,No Controls,3,0,No Injury,2,,41.81402,-71.42697
922015,2025-00016021,2025-03-07,9:17:00 AM,Vehicle - Vehicle,,211 Plainfield Streetr,PLAINFIELD ST,Southavout Im,382,2025-03-07,"Two-Way , Not Divided",Dry,Daylight,Clear,Rear End(Front-to-Rear),"Yes, M/V and Driver Left Scene",No Controls,1,0,No Injury,2,,41.81461,-71.44678
921988,2025-00015845,2025-03-06,5:26:00 PM,Vehicle - Vehicle,,HAWKINS ST,GLASGOW ST,Jared Guiot,608,2025-03-06,"Two-Way , Not Divided",Wet,Dusk,Cloudy,Angle (Front - to - Side) Same Direction,No,No Controls,3,0,No Injury,2,,41.84791,-71.42646
921989,2025-00015847,2025-03-06,5:30:00 PM,Vehicle - Vehicle,,CARPENTER ST,CARGILL ST,Kelsa Heron,133,2025-03-06,"Two-Way , Not Divided",Wet,Dusk,Rain,Angle (Front - to - Side) Right Angle (Includes Broadside),"Yes, M/V and Driver Left Scene",No Controls,2,0,No Injury,2,,41.82023,-71.42276
921991,2025-00015850,2025-03-06,5:44:00 PM,Vehicle - Vehicle,,ANGELL ST,HOPE ST,D. Hernandez,148,2025-03-06,"Two-Way , Not Divided",Wet,Dark - Lighted,Cloudy,Angle (Front - to - Side) Opposite Direction,No,No Controls,4,0,Unknown,2,,41.8284,-71.39751
921992,2025-00015862,2025-03-06,6:30:00 PM,Vehicle - Vehicle,,ORMS ST,BATH ST,David Palumbo,106,2025-03-06,"Two-Way , Not Divided",Wet,Dark - Lighted,Rain,Angle (Front - to - Side) Right Angle (Includes Broadside),No,Stop Signs,8,0,No Injury,2,,41.83322,-71.42549
921993,2025-00015857,2025-03-06,6:12:00 PM,Vehicle - Vehicle,,DOUGLAS AVE,DOUGLAS AVE,Jared Guiot,608,2025-03-06,"Two-Way , Not Divided",Wet,Dark - Lighted,Rain,"Sidwswipe, Opposite Direction",No,No Controls,3,0,No Injury,2,,41.84147,-71.42744
921994,2025-00015901,2025-03-06,9:41:00 PM,Vehicle - Parked Vehicle,,CLARENCE ST,WHITEHALL ST,Brandon Macedo,177,2025-03-06,"Two-Way , Not Divided",Dry,Dark - Lighted,Clear,"Sideswipe, Same Direction","Yes, M/V and Driver Left Scene",No Controls,3,0,Unknown,2,,41.81095,-71.4454
922001,2025-00015659,2025-03-06,2:11:00 AM,Vehicle - Vehicle,,BUCKLIN ST,POTTERS AVE,OFFICER Sesay,612,2025-03-07,"Two-Way , Not Divided",Wet,Dark - Lighted,Rain,Angle (Front - to - Side) Right Angle (Includes Broadside),No,No Controls,5,4,Complains Of Pain,2,,41.80175,-71.42765
922002,2025-00015793,2025-03-06,2:38:00 PM,Vehicle - Vehicle,,MOUNT PLEASANT AVE,CATHEDRAL AVE,Michael Camardo,357,2025-03-07,"Two-Way, Divided, Unprotected (painted>4feet) Medium",Dry,Daylight,Clear,"Sideswipe, Same Direction",No,No Controls,4,0,No Injury,2,,41.83954,-71.45193
921979,2025-00015724,2025-03-06,10:41:00 AM,Vehicle - Vehicle,,CARPENTER ST,COURTLAND ST,Gustavo Genao,135,2025-03-06,"Two-Way , Not Divided",Dry,Daylight,Cloudy,Angle (Front - to - Side) Opposite Direction,"Yes, M/V and Driver Left Scene",Stop Signs,3,2,Complains Of Pain,2,,41.81766,-71.43067
921980,2025-00015683,2025-03-06,6:56:00 AM,Vehicle - Vehicle,,593 eddy st,EXIT 19  (RT ),Serge Bouyssou,105,2025-03-06,Unknown,Wet,Daylight,Cloudy,Rear - to - Rear,No,No Controls,4,0,No Injury,2,,41.81054,-71.4072
921983,2025-00015725,2025-03-06,8:07:00 AM,Vehicle - Vehicle,,RANDALL SQ,RANDALL SQ,Jason Clancy,999,2025-03-06,Unknown,Dry,Daylight,Cloudy,Rear - to - Side,No,Unknown,2,0,Unknown,2,,41.83677,-71.40992
921985,2025-00015767,2025-03-06,1:11:00 PM,Vehicle - Vehicle,,CHALKSTONE AVENUE,BERLIN STREET,Giuseppe Scarcello,485,2025-03-06,"Two-Way , Not Divided",Dry,Daylight,Cloudy,"Sideswipe, Same Direction",No,No Controls,3,0,No Injury,2,,41.82529,-71.42985
921986,2025-00015801,2025-03-06,3:09:00 PM,Vehicle - Parked Vehicle,,HOPE ST,ANGELL ST,Darlin Hernandez,148,2025-03-06,"Two-Way , Not Divided",Dry,Daylight,Clear,"Sideswipe, Same Direction","Yes, M/V and Driver Left Scene",No Controls,3,0,Unknown,2,,41.82837,-71.3975
922022,2025-00125789,2025-03-06,2:16:00 PM,Vehicle - Parked Vehicle,,PETER ST,LEDGE ST,Christopher Hines,537,2025-03-07,"Two-Way , Not Divided",Dry,Daylight,Clear,Unknown,"Yes, M/V and Driver Left Scene",No Controls,1,0,Unknown,2,,41.85433,-71.42013
922023,2025-00015882,2025-03-06,8:08:00 PM,Vehicle - Vehicle,,GALLATIN ST,HAMILTON ST,Johansell Montilla,627,2025-03-07,"Two-Way, Divided, Unprotected (painted>4feet) Medium",Dry,Dark - Lighted,Clear,Angle (Front - to - Side) Opposite Direction,No,Stop Signs,4,0,No Injury,2,,41.79548,-71.41909
922010,2025-00016026,2025-03-06,5:30:00 PM,Vehicle - Parked Vehicle,,BENEVOLENT ST,BROWN ST,Quincy Griffin,970,2025-03-07,"Two-Way , Not Divided",Dry,Dark - Lighted,Clear,Rear End(Front-to-Rear),No,No Controls,1,0,Unknown,2,,41.8246,-71.40271
922133,2025-00015695,2025-03-06,8:35:00 AM,Vehicle - Vehicle,,WASHINGTON ST,UNION ST,Michael Baldassare,568,2025-03-11,"Two-Way , Not Divided",Dry,Daylight,Clear,"Sideswipe, Same Direction",No,No Controls,2,0,No Injury,2,,41.82347,-71.41418
922009,2025-00015478,2025-03-05,11:22:00 AM,Vehicle - Vehicle,,EDDY ST,POINT ST,Lucio Andreozzi,381,2025-03-07,One-Way Trafficway,Dry,Daylight,Clear,"Sideswipe, Same Direction",No,Traffic Control Signal,5,0,No Injury,2,,41.81681,-71.40639
921987,2025-00015563,2025-03-05,5:54:00 PM,Vehicle - Vehicle,,MEMORIAL BLVD,WASHINGTON ST,Cassidy Simanski,132,2025-03-06,"Two-Way, Divided, Unprotected (painted>4feet) Medium",Wet,Dark - Lighted,Clear,Angle (Front - to - Side) Same Direction,No,No Controls,3,0,No Injury,2,,41.8262,-71.40997
921976,2025-00015445,2025-03-05,8:54:00 AM,Vehicle - Parked Vehicle,,BENEFIT STREET,JENCKES ST,George Pereira,421,2025-03-06,"Two-Way , Not Divided",Dry,Daylight,Clear,Unknown,"Yes, M/V and Driver Left Scene",No Controls,2,0,Unknown,2,,41.83286,-71.40975
921977,2025-00015551,2025-03-05,3:30:00 PM,Vehicle - Vehicle,,BRANCH AVE,SILVER SPRING ST,Jason Clancy,999,2025-03-06,"Two-Way , Not Divided",Wet,Daylight,Cloudy,Unknown,"Yes, M/V and Driver Left Scene",Unknown,4,0,Unknown,2,,41.84763,-71.41426
921978,2025-00015515,2025-03-05,1:47:00 PM,Vehicle - Vehicle,,WATERMAN STREET,WAYLAND AVE,George Pereira,421,2025-03-06,One-Way Trafficway,Dry,Daylight,Cloudy,Angle (Front - to - Side) Same Direction,No,No Controls,4,0,No Injury,2,,41.82835,-71.38694
921945,2025-00015509,2025-03-05,1:43:00 PM,Vehicle - Vehicle,,BROAD ST,BROAD ST,Ptlm. Castagliuolo,351,2025-03-05,"Two-Way , Not Divided",Dry,Daylight,Cloudy,Rear End(Front-to-Rear),No,Traffic Control Signal,3,0,No Injury,2,,41.81639,-71.41913
921950,2025-00015508,2025-03-05,1:16:00 PM,Vehicle - Vehicle,,Rialto Street,MOUNT PLEASANT AVE,Ybelis Gonzalez,376,2025-03-05,"Two-Way , Not Divided",Dry,Daylight,Clear,Rear End(Front-to-Rear),"Yes, M/V and Driver Left Scene",Stop Signs,2,0,No Injury,2,,41.8374,-71.45123
921972,2025-00015636,2025-03-05,11:31:00 PM,Vehicle - Object,,BRANCH AVE,BRANCH AVE EXIT 24,Lucas Ramalho,507,2025-03-06,"Two-Way, Divided, Positive Median Barrier",Wet,Dark - Lighted,Rain,Not a Collision Between Two Motor Vehicles in Transport,No,Yield Signs,1,0,No Injury,1,,41.84631,-71.41161
921973,2025-00011563,2025-03-05,11:31:00 PM,Vehicle - Object,,BRANCH AVE,BRANCH AVE EXIT 24,Lucas Ramalho,507,2025-03-06,"Two-Way, Divided, Positive Median Barrier",Wet,Dark - Lighted,Rain,Not a Collision Between Two Motor Vehicles in Transport,No,Yield Signs,1,0,No Injury,1,,41.84631,-71.41161
921974,2025-00015646,2025-03-05,9:45:00 PM,Vehicle - Pedestrian,Pedestrian,ONTARIO ST,NIAGARA ST,Tyler Houlihan,617,2025-03-06,"Two-Way, Divided, Unprotected (painted>4feet) Medium",Unknown,Unknown,Cloudy,Not a Collision Between Two Motor Vehicles in Transport,"Yes, M/V and Driver Left Scene",Stop Signs,3,1,Complains Of Pain,1,,41.79989,-71.41934
921990,2025-00015545,2025-03-05,4:25:00 PM,Vehicle - Vehicle,,US HWY 6 W,BROADWAY,Kelsa Heron,133,2025-03-06,One-Way Trafficway,Dry,Daylight,Clear,Other,"Yes, M/V and Driver Left Scene",No Controls,1,0,No Injury,2,,41.81745,-71.43902
921982,2025-00015477,2025-03-05,11:16:00 AM,Vehicle - Vehicle,,BLACKSTONE STREET,STANIFORD ST,Hildenise Espanol,137,2025-03-06,"Two-Way , Not Divided",Dry,Daylight,Clear,Angle (Front - to - Side) Same Direction,No,Stop Signs,3,1,Complains Of Pain,2,,41.80946,-71.41187
922006,2025-00015813,2025-03-05,3:00:00 PM,Vehicle - Parked Vehicle,,JOHN ST,HOPE ST,Quincy Griffin,970,2025-03-07,Unknown,Dry,Daylight,Clear,Unknown,"Yes, M/V and Driver Left Scene",No Controls,3,0,Unknown,2,,41.82189,-71.39666
921936,2025-00015462,2025-03-05,10:00:00 AM,Vehicle - Parked Vehicle,,5 Elmwood Ave,BRIDGHAM ST,Luis Fernandez,531,2025-03-05,"Two-Way, Divided, Unprotected (painted>4feet) Medium",Dry,Daylight,Cloudy,Rear End(Front-to-Rear),No,Traffic Control Signal,4,0,No Injury,2,,41.81275,-71.42219
921937,2025-00015453,2025-03-05,9:25:00 AM,Vehicle - Vehicle,,CHARLES ST,ORMS ST,Domingo Diaz,519,2025-03-05,"Two-Way, Divided, Unprotected (painted>4feet) Medium",Dry,Daylight,Cloudy,"Sideswipe, Same Direction",No,Traffic Control Signal,3,0,No Injury,2,,41.83492,-71.41147
921938,2025-00015459,2025-03-05,9:41:00 AM,Vehicle - Vehicle,,CHARLES ST,CHARLES ST,Domingo Diaz,519,2025-03-05,One-Way Trafficway,Dry,Daylight,Cloudy,Rear End(Front-to-Rear),No,Stop Signs,2,0,No Injury,2,,41.83639,-71.41228
921954,2025-00015500,2025-03-05,12:57:00 PM,Vehicle - Vehicle,,EARLY ST,NIAGARA ST,Hansel Ventura,570,2025-03-05,"Two-Way , Not Divided",Dry,Daylight,Cloudy,Rear End(Front-to-Rear),No,Stop Signs,3,0,No Injury,2,,41.7938,-71.41575
921956,2025-00015522,2025-03-05,2:38:00 PM,Vehicle - Parked Vehicle,,IMERA ST,ALMIRA AVE,Jessenia Montano,149,2025-03-05,"Two-Way , Not Divided",Dry,Daylight,Clear,Not a Collision Between Two Motor Vehicles in Transport,No,No Controls,3,0,No Injury,2,,41.83032,-71.4563
921957,2025-00015517,2025-03-05,2:06:00 PM,Vehicle - Parked Vehicle,,MESSER ST,CRANSTON ST,Manuel Vlaun,551,2025-03-05,"Two-Way , Not Divided",Dry,Daylight,Clear,Angle (Front - to - Side) Same Direction,"Yes, M/V and Driver Left Scene",Stop Signs,1,0,No Injury,2,,41.80964,-71.43348
921958,2025-00015535,2025-03-05,3:47:00 PM,Vehicle - Vehicle,,POCASSET AVE,MOOREFIELD ST,Terrence Gibson,610,2025-03-05,"Two-Way , Not Divided",Dry,Daylight,Clear,Rear - to - Side,No,No Controls,2,0,No Injury,2,,41.80702,-71.45668
921959,2025-00015532,2025-03-05,3:35:00 PM,Vehicle - Vehicle,,MOUNT PLEASANT AVE,CHALKSTONE AVE,Atanael Lara,129,2025-03-05,"Two-Way , Not Divided",Dry,Daylight,Clear,Rear End(Front-to-Rear),No,Traffic Control Signal,3,0,No Injury,2,,41.83294,-71.4498
921963,2025-00015530,2025-03-05,2:58:00 PM,Vehicle - Vehicle,,VALLEY ST,DEAN ST,Ryan Fernandes,125,2025-03-05,"Two-Way, Divided, Unprotected (painted>4feet) Medium",Dry,Daylight,Clear,Rear End(Front-to-Rear),"Yes, M/V and Driver Left Scene",No Controls,3,0,No Injury,2,,41.83168,-71.42817
921964,2025-00015546,2025-03-05,4:26:00 PM,Vehicle - Vehicle,,STANDISH AVE,CHALKSTONE AVE,Jessenia Montano,149,2025-03-05,"Two-Way, Divided, Unprotected (painted>4feet) Medium",Dry,Daylight,Clear,Rear End(Front-to-Rear),"Yes, M/V and Driver Left Scene",No Controls,1,0,No Injury,2,,41.8327,-71.45211
921965,2025-00015559,2025-03-05,5:18:00 PM,Vehicle - Vehicle,,N MAIN ST,MEETING ST,Vincent Pazzetta,641,2025-03-05,One-Way Trafficway,Dry,Dusk,Cloudy,Rear End(Front-to-Rear),No,No Controls,2,0,No Injury,2,,41.82844,-71.40957
921967,2025-00015537,2025-03-05,3:50:00 PM,Vehicle - Vehicle,,Thurbers ave,BAFFIN CT,Alexander Frias,669,2025-03-05,"Two-Way , Not Divided",Dry,Daylight,Clear,Rear End(Front-to-Rear),No,No Controls,2,1,Complains Of Pain,2,,41.79956,-71.40766
921968,2025-00015587,2025-03-05,7:04:00 PM,Vehicle - Vehicle,,DEXTER ST,WESTFIELD ST,Lucas Ramalho,507,2025-03-05,"Two-Way , Not Divided",Dry,Dark - Lighted,Clear,Angle (Front - to - Side) Right Angle (Includes Broadside),"Yes, M/V and Driver Left Scene",No Controls,4,3,Complains Of Pain,2,,41.81041,-71.42861
921969,2025-00015548,2025-03-05,4:34:00 PM,Vehicle - Vehicle,,S WATER ST,JAMES ST,Jared Guiot,608,2025-03-05,One-Way Trafficway,Dry,Daylight,Cloudy,"Sideswipe, Same Direction",No,No Controls,3,0,No Injury,2,,41.82065,-71.40436
921970,2025-00015608,2025-03-05,8:52:00 PM,Vehicle - Vehicle,,CRANSTON ST,BRIDGHAM ST,Ralph Abenante,511,2025-03-05,"Two-Way, Divided, Unprotected (painted>4feet) Medium",Wet,Dark - Not Lighted,Rain,"Sideswipe, Same Direction",No,No Controls,6,0,No Injury,2,,41.81396,-71.42694
922215,2025-00017380,2025-03-05,11:30:00 AM,Vehicle - Vehicle,,WESTMINSTER ST,HAMMOND ST,Jason Clancy,999,2025-03-13,"Two-Way , Not Divided",Dry,Daylight,Clear,"Sidwswipe, Opposite Direction","Yes, M/V and Driver Left Scene",Unknown,1,0,Unknown,2,,41.81684,-71.42909
922795,2025-00015574,2025-03-05,6:40:00 PM,Vehicle - Vehicle,,julian st,appleton st,Conor Fleurant,171,2025-03-31,"Two-Way , Not Divided",Dry,Dark - Lighted,Clear,Rear End(Front-to-Rear),No,No Controls,1,0,No Injury,2,2,,
921905,2025-00015263,2025-03-04,1:27:00 PM,Vehicle - Object,,CROYLAND RD,POTTERS AVE,Ptlm. Castagliuolo,351,2025-03-04,"Two-Way , Not Divided",Dry,Daylight,Clear,Not a Collision Between Two Motor Vehicles in Transport,No,No Controls,2,0,No Injury,1,,41.8039,-71.41491
921896,2025-00015184,2025-03-04,7:55:00 AM,Vehicle - Vehicle,,HENDERSON BRIDGE,HENDERSON BRIDGE,Michael Cifuentes,330,2025-03-04,"Two-Way , Not Divided",Dry,Daylight,Clear,Rear End(Front-to-Rear),No,No Controls,3,0,No Injury,2,,41.82938,-71.3792
921897,2025-00015231,2025-03-04,11:58:00 AM,Vehicle - Vehicle,,EDDY ST,POINT ST,Ptlw. Kawejsza,118,2025-03-04,"Two-Way, Divided, Unprotected (painted>4feet) Medium",Dry,Daylight,Clear,Rear End(Front-to-Rear),No,Traffic Control Signal,5,0,No Injury,2,,41.8171,-71.40664
921898,2025-00015230,2025-03-04,11:26:00 AM,Vehicle - Parked Vehicle,,GROVE ST,HARRIS AVE,Damaris Sanchez,566,2025-03-04,"Two-Way , Not Divided",Dry,Daylight,Clear,Unknown,"Yes, M/V and Driver Left Scene",No Controls,1,0,Unknown,2,,41.82013,-71.43894
921912,2025-00015300,2025-03-04,3:24:00 PM,Vehicle - Vehicle,,OLNEY ST,ROGER WILLIAMS GREEN,Vincent Pazzetta,641,2025-03-04,"Two-Way , Not Divided",Dry,Daylight,Clear,Rear End(Front-to-Rear),"Yes, M/V and Driver Left Scene",No Controls,5,1,Non-Incapacitating,2,,41.83528,-71.40795
921913,2025-00015308,2025-03-04,3:50:00 PM,Vehicle - Vehicle,,SMITH ST,RIVER AVE,Colby Berciano,671,2025-03-04,"Two-Way , Not Divided",Dry,Daylight,Clear,"Sideswipe, Same Direction",No,Traffic Control Signal,3,0,No Injury,2,,41.84063,-71.44055
921914,2025-00015333,2025-03-04,5:08:00 PM,Vehicle - Vehicle,,BARSTOW ST,CUTLER ST,D. Hernandez,148,2025-03-04,"Two-Way, Not Divided With a Continuous Left Turn Lane",Dry,Daylight,Clear,"Sidwswipe, Opposite Direction","Yes, M/V and Driver Left Scene",No Controls,1,0,Unknown,2,,41.82402,-71.44163
921922,2025-00015331,2025-03-04,4:59:00 PM,Vehicle - Vehicle,,Exchange Ter,EXCHANGE ST,Matthew Kelley,186,2025-03-04,"Two-Way , Not Divided",Dry,Dark - Lighted,Clear,Rear End(Front-to-Rear),No,No Controls,5,0,No Injury,2,,41.8253,-71.41393
921923,2025-00015324,2025-03-04,4:34:00 PM,Vehicle - Vehicle,,STATE HWY 10,WESTMINSTER ST,Ruben Morales,685,2025-03-04,"Two-Way , Not Divided",Dry,Daylight,Clear,"Sideswipe, Same Direction",No,No Controls,3,0,No Injury,2,,41.81592,-71.43943
921924,2025-00015301,2025-03-04,3:29:00 PM,Vehicle - Vehicle,,POINT ST,S WATER ST,Luis Pelaez,336,2025-03-04,One-Way Trafficway,Dry,Daylight,Clear,"Sideswipe, Same Direction",No,Traffic Control Signal,2,0,No Injury,2,,41.81855,-71.4016
921927,2025-00015283,2025-03-04,2:25:00 PM,Vehicle - Vehicle,,ROCHAMBEAU AVENUE,CAMP ST,Ricardo Sanchez,632,2025-03-04,"Two-Way , Not Divided",Dry,Daylight,Clear,Rear - to - Side,No,No Controls,2,0,No Injury,2,2,41.84655,-71.40207
921928,2025-00015350,2025-03-04,6:16:00 PM,Vehicle - Pedestrian,Pedestrian,UNNAMED_38,DEAN ST,Ryan Fernandes,125,2025-03-04,Unknown,Dry,Dark - Lighted,Clear,Unknown,"Yes, M/V and Driver Left Scene",No Controls,3,0,Unknown,2,,41.82999,-71.42716
921929,2025-00015320,2025-03-04,4:39:00 PM,Vehicle - Pedestrian,Pedestrian,BROAD ST,BROAD ST,Raymond Criner,340,2025-03-04,Unknown,Dry,Daylight,Clear,Not a Collision Between Two Motor Vehicles in Transport,"Yes, M/V and Driver Left Scene",No Controls,1,1,Complains Of Pain,1,,41.81003,-71.42108
921930,2025-00015395,2025-03-04,11:13:00 PM,Vehicle - Vehicle,,THOMAS ST,N MAIN ST,Carla Pineyro,661,2025-03-04,One-Way Trafficway,Dry,Dark - Lighted,Clear,Angle (Front - to - Side) Same Direction,No,Traffic Control Signal,6,0,No Injury,2,3,41.82749,-71.40906
921931,2025-00015393,2025-03-04,10:42:00 PM,Vehicle - Parked Vehicle,,N MAIN ST,THOMAS ST,Carla Pineyro,661,2025-03-05,One-Way Trafficway,Dry,Dark - Lighted,Clear,"Sideswipe, Same Direction","Yes, M/V and Driver Left Scene",No Controls,3,0,Unknown,2,,41.82775,-71.40922
921888,2025-00015163,2025-03-04,4:48:00 AM,Vehicle - Pedestrian,Pedestrian,friendship,PEARL ST,Domenic Schiavulli,653,2025-03-04,One-Way Trafficway,Dry,Dark - Lighted,Clear,Rear End(Front-to-Rear),No,No Controls,7,0,No Injury,4,,41.81335,-71.4177
921889,2025-00014953,2025-03-04,9:44:00 AM,Vehicle - Vehicle,,CHARLES ST,CHARLES ST,Jessica Salmeron,356,2025-03-04,"Two-Way , Not Divided",Dry,Daylight,Clear,"Sideswipe, Same Direction",No,No Controls,4,0,No Injury,2,,41.84822,-71.41966
922016,2025-00015277,2025-03-04,2:14:00 PM,Vehicle - Vehicle,,NORTH MAIN ST,N MAIN ST,Yesenia Caba,549,2025-03-07,"Two-Way , Not Divided",Dry,Daylight,Clear,Rear End(Front-to-Rear),No,Traffic Control Signal,4,0,No Injury,2,,41.83764,-71.40971
921975,2025-00015290,2025-03-04,2:50:00 PM,Vehicle - Vehicle,,WARRINGTON ST,ELMWOOD AVE,Jason Clancy,999,2025-03-06,Unknown,Dry,Daylight,Clear,Rear End(Front-to-Rear),"Yes, M/V and Driver Left Scene",Unknown,2,0,Unknown,2,,41.79336,-71.42346
921952,2025-00015514,2025-03-03,4:36:00 PM,Vehicle - Parked Vehicle,,BROAD ST,BROAD ST,Jason Clancy,999,2025-03-05,Unknown,Dry,Daylight,Clear,Unknown,No,Unknown,2,0,Unknown,2,,41.80952,-71.42094
922109,2025-00015031,2025-03-03,3:45:00 PM,Vehicle - Parked Vehicle,,778 Cranston Street,HUNTINGTON AVE,Stephen Noti,119,2025-03-10,"Two-Way , Not Divided",Dry,Daylight,Clear,Rear End(Front-to-Rear),"Yes, M/V and Driver Left Scene",No Controls,1,0,Unknown,2,,41.80398,-71.43897
921874,2025-00015004,2025-03-03,2:06:00 PM,Vehicle - Object,,190 LAUREL HILL AVE,BEND ST,Joshua Cascione,225,2025-03-03,One-Way Trafficway,Dry,Daylight,Clear,Not a Collision Between Two Motor Vehicles in Transport,No,No Controls,2,0,No Injury,1,,41.81244,-71.455
921875,2025-00015042,2025-03-03,3:51:00 PM,Vehicle - Object,,CHALKSTONE AVE,CAMDEN AVE,David Palumbo,106,2025-03-03,"Two-Way , Not Divided",Dry,Daylight,Clear,Not a Collision Between Two Motor Vehicles in Transport,No,No Controls,2,0,No Injury,1,,41.83528,-71.42539
921876,2025-00015047,2025-03-03,3:46:00 PM,Vehicle - Parked Vehicle,,CLARENCE ST,WEBSTER AVE,Matthew LeClerc,180,2025-03-03,"Two-Way , Not Divided",Dry,Daylight,Clear,"Sideswipe, Same Direction",No,No Controls,4,0,No Injury,2,2,41.80998,-71.44911
921877,2025-00015044,2025-03-03,3:56:00 PM,Vehicle - Vehicle,,POWER ST,HOPE ST,Cory Nicholls,609,2025-03-03,"Two-Way , Not Divided",Dry,Daylight,Clear,Angle (Front - to - Side) Right Angle (Includes Broadside),No,Stop Signs,4,1,Complains Of Pain,2,,41.82318,-71.39706
921878,2025-00015078,2025-03-03,6:00:00 PM,Vehicle - Vehicle,,Dudley St,Gay ST,Brandon McDonnell,620,2025-03-03,"Two-Way , Not Divided",Dry,Dark - Lighted,Clear,Head-On (Front - to - Front),"Yes, M/V and Driver Left Scene",Stop Signs,3,0,No Injury,2,,,
921879,2025-00015070,2025-03-03,5:28:00 PM,Vehicle - Vehicle,,CORLISS STREET,CHARLES ST,Ian Quinn,102,2025-03-03,"Two-Way , Not Divided",Dry,Daylight,Clear,Rear End(Front-to-Rear),No,Stop Signs,3,0,No Injury,2,2,41.83808,-71.41449
921880,2025-00015085,2025-03-03,5:59:00 PM,Vehicle - Vehicle,,MANTON AVE,LYNCH ST,Matthew LeClerc,180,2025-03-03,"Two-Way , Not Divided",Dry,Dark - Lighted,Clear,"Sideswipe, Same Direction","Yes, M/V and Driver Left Scene",No Controls,5,0,No Injury,2,2,41.8242,-71.45228
921882,2025-00015081,2025-03-03,6:16:00 PM,Vehicle - Parked Vehicle,,18 HURON ST,REGENT AVE,Colby Berciano,671,2025-03-03,"Two-Way , Not Divided",Dry,Dusk,Clear,Rear - to - Side,No,No Controls,3,0,No Injury,2,,41.83004,-71.44131
921885,2025-00015060,2025-03-03,4:54:00 PM,Vehicle - Vehicle,,SMITH STREET,HUXLEY AVE,Ryan Fernandes,125,2025-03-03,"Two-Way, Divided, Unprotected (painted>4feet) Medium",Dry,Daylight,Clear,"Sideswipe, Same Direction",No,No Controls,4,0,No Injury,2,,41.83857,-71.43567
921886,2025-00015015,2025-03-03,2:54:00 PM,Vehicle - Parked Vehicle,,GALLUP ST,PRAIRIE AVE,Jose Cortorreal,604,2025-03-03,"Two-Way , Not Divided",Dry,Daylight,Clear,Rear End(Front-to-Rear),"Yes, M/V and Driver Left Scene",No Controls,1,0,Unknown,2,,41.80002,-71.41247
921887,2025-00015093,2025-03-03,9:39:00 PM,Vehicle - Parked Vehicle,,POTTERS AVE,NIAGARA ST,Lucas Ramalho,507,2025-03-04,"Two-Way , Not Divided",Dry,Dark - Lighted,Clear,Rear End(Front-to-Rear),No,No Controls,3,2,Complains Of Pain,2,,41.80214,-71.42166