CrashReportId,ReportNumber,CrashDate,CrashTime,TypeOfCollision,Collision Type,StreetOrHighway,NearestIntersection,Officer,Badge,ReportDate,TypeOfRoadway,RoadSurfaceCondition,LightCondition,WeatherCondition,MannerofImpact,HitAndRun,TrafficControl,PersonCount,InjuryCount,MostSeriousInjury,NumberofVehicles,NumberOfLanes,Latitude,Longitude
921853,2025-00014890,2025-03-03,12:29:00 PM,Vehicle - Vehicle,,CHALKSTONE AVE,BRINKLEY ST,Lane,109,2025-03-03,"Two-Way , Not Divided",Dry,Dark - Lighted,Clear,Angle (Front - to - Side) Opposite Direction,No,No Controls,6,3,Complains Of Pain,2,,41.8326,-71.46199
921861,2025-00014942,2025-03-03,8:43:00 AM,Vehicle - Parked Vehicle,,DORRANCE ST,PINE ST,Ptlw. Kawejsza,118,2025-03-03,"Two-Way, Divided, Unprotected (painted>4feet) Medium",Dry,Daylight,Clear,"Sideswipe, Same Direction",No,No Controls,3,0,No Injury,2,,41.82269,-71.41052
921862,2025-00014938,2025-03-03,8:24:00 AM,Vehicle - Vehicle,,EDDY ST,TORONTO AVE,Victor Tavarez,564,2025-03-03,"Two-Way, Divided, Unprotected (painted>4feet) Medium",Dry,Daylight,Clear,Rear End(Front-to-Rear),No,No Controls,3,0,No Injury,2,,41.79152,-71.40348
921867,2025-00014943,2025-03-03,9:16:00 AM,Vehicle - Vehicle,,BROADWAY,SERVICE ROAD 7,Michael Sepe,367,2025-03-03,"Two-Way, Divided, Unprotected (painted>4feet) Medium",Dry,Daylight,Clear,Angle (Front - to - Side) Right Angle (Includes Broadside),No,Traffic Control Signal,4,2,Complains Of Pain,3,,41.82178,-71.4208
921920,2025-00015046,2025-03-03,3:36:00 PM,Vehicle - Parked Vehicle,,GLADSTONE ST,BAXTER ST,Jose Cortorreal,604,2025-03-04,"Two-Way , Not Divided",Dry,Daylight,Clear,Angle (Front - to - Side) Right Angle (Includes Broadside),No,No Controls,4,0,No Injury,2,,41.80316,-71.41647
921921,2025-00015104,2025-03-03,8:56:00 PM,Vehicle - Vehicle,,THAYER ST,WATERMAN ST,Luis Pelaez,336,2025-03-04,One-Way Trafficway,Dry,Dark - Lighted,Clear,"Sideswipe, Same Direction",No,Traffic Control Signal,4,0,No Injury,2,,41.82728,-71.40054
921899,2025-00015205,2025-03-03,1:45:00 PM,Vehicle - Vehicle,,FRANCIS ST,MEMORIAL BLVD,Jason Clancy,999,2025-03-04,Unknown,Dry,Daylight,Clear,Rear End(Front-to-Rear),No,Unknown,2,0,Unknown,2,,41.82593,-71.41536
921900,2025-00015196,2025-03-03,8:15:00 AM,Vehicle - Vehicle,,MANTON AVE,,Jason Clancy,999,2025-03-04,Unknown,Dry,Daylight,Clear,Rear End(Front-to-Rear),No,Unknown,2,0,Unknown,2,,,
921910,2025-00015071,2025-03-03,5:29:00 PM,Vehicle - Vehicle,,79 Vandewater St.,,Mark Roman,120,2025-03-04,One-Way Trafficway,Dry,Daylight,Clear,Other,"Yes, M/V and Driver Left Scene",No Controls,1,0,No Injury,2,,,
921939,2025-00014977,2025-03-03,11:45:00 AM,Vehicle - Parked Vehicle,,164 SUMMIT AVE,,Gustavo Genao,135,2025-03-05,One-Way Trafficway,Dry,Daylight,Clear,"Sideswipe, Same Direction",No,No Controls,3,0,No Injury,2,,,
921971,2025-00014897,2025-03-03,12:57:00 AM,Vehicle - Vehicle,,ATWELLS AVE,DEAN ST,Hector Viruet,614,2025-03-06,"Two-Way , Not Divided",Dry,Dark - Lighted,Clear,Angle (Front - to - Side) Opposite Direction,No,No Controls,5,0,No Injury,2,,41.82339,-71.42428
922258,2025-00015056,2025-03-03,4:43:00 PM,Vehicle - Vehicle,,ELMWOOD AVE,ADELAIDE,Brandon McDonnell,620,2025-03-14,"Two-Way , Not Divided",Dry,Daylight,Clear,Angle (Front - to - Side) Opposite Direction,No,No Controls,2,0,No Injury,2,,,
921911,2025-00014787,2025-03-02,3:26:00 PM,Vehicle - Vehicle,,ETHAN ST,SOPHIA ST,Andrew Brodeur,158,2025-03-04,"Two-Way , Not Divided",Dry,Daylight,Clear,Angle (Front - to - Side) Right Angle (Includes Broadside),No,No Controls,2,0,No Injury,2,2,,
921932,2025-00015387,2025-03-02,7:40:00 PM,Vehicle - Pedestrian,Pedestrian,ARMINGTON AVE,ACADEMY AVE,Jason Clancy,999,2025-03-05,"Two-Way , Not Divided",Dry,Dark - Unknown Lighting,Clear,Other,No,Unknown,3,0,No Injury,1,,41.82725,-71.44371
921859,2025-00014716,2025-03-02,7:30:00 AM,Vehicle - Vehicle,,ALMY ST,BROADWAY,Jason Clancy,999,2025-03-03,"Two-Way , Not Divided",Dry,Daylight,Clear,Unknown,No,Unknown,1,0,Unknown,2,,41.81897,-71.43295
921854,2025-00014873,2025-03-02,11:13:00 PM,Vehicle - Parked Vehicle,,51 Silver Spring St,TOURO ST,Abdiel Mendez,652,2025-03-03,Unknown,Dry,Dark - Lighted,Clear,Unknown,"Yes, M/V and Driver Left Scene",No Controls,1,0,Unknown,2,,41.84546,-71.41782
921845,2025-00014819,2025-03-02,5:29:00 PM,Vehicle - Vehicle,,HARTFORD AVE,LAUREL HILL AVE,Brendan O'Brien,667,2025-03-02,"Two-Way , Not Divided",Dry,Daylight,Clear,Angle (Front - to - Side) Right Angle (Includes Broadside),No,No Controls,2,0,No Injury,2,,41.81813,-71.45626
921846,2025-00014826,2025-03-02,6:00:00 PM,Vehicle - Parked Vehicle,,THURBERS AVE,ALLENS AVE,Nicholas Manfredi,343,2025-03-02,"Two-Way , Not Divided",Dry,Dark - Lighted,Clear,"Sideswipe, Same Direction","Yes, M/V and Driver Left Scene",Yield Signs,2,0,No Injury,2,,41.8011,-71.40142
921850,2025-00014844,2025-03-02,7:42:00 PM,Vehicle - Vehicle,,KILLINGLY ST,KILLINGLY ST,Nathaniel Eastman,112,2025-03-02,"Two-Way , Not Divided",Ice/Frost,Dark - Lighted,Clear,Angle (Front - to - Side) Right Angle (Includes Broadside),No,Traffic Control Signal,3,1,Complains Of Pain,2,,41.82343,-71.47107
921851,2025-00014838,2025-03-02,5:45:00 PM,Vehicle - Parked Vehicle,,1 Providence PL,,Matthew Kelley,186,2025-03-02,"Two-Way , Not Divided",Dry,Daylight,Clear,Unknown,"Yes, M/V and Driver Left Scene",No Controls,1,0,Unknown,2,,,
921852,2025-00014846,2025-03-02,7:54:00 PM,Vehicle - Vehicle,,BROADWAY,HARRIS AVE,Brendan O'Brien,667,2025-03-02,"Two-Way , Not Divided",Dry,Dark - Lighted,Clear,Angle (Front - to - Side) Right Angle (Includes Broadside),No,No Controls,3,0,No Injury,2,,41.81705,-71.44029
921894,2025-00015080,2025-03-02,1:28:00 AM,Vehicle - Vehicle,,BROAD ST,,Jason Clancy,999,2025-03-04,Unknown,Dry,Dark - Unknown Lighting,Clear,Rear End(Front-to-Rear),No,Unknown,4,0,Unknown,2,,,
921819,2025-00014647,2025-03-02,12:52:00 AM,Vehicle - Vehicle,,BUCKLIN ST,BELLEVUE AVE,Ralph Abenante,511,2025-03-02,"Two-Way , Not Divided",Dry,Dark - Lighted,Clear,Angle (Front - to - Side) Right Angle (Includes Broadside),No,Stop Signs,6,1,Complains Of Pain,3,,41.80724,-71.42787
921820,2025-00014646,2025-03-02,1:00:00 AM,Vehicle - Vehicle,,DETROIT AVE,BYFIELD ST,Kyle Endres,74,2025-03-02,"Two-Way , Not Divided",Dry,Dark - Lighted,Clear,Angle (Front - to - Side) Right Angle (Includes Broadside),No,Stop Signs,5,2,Complains Of Pain,2,,41.79436,-71.41
921821,2025-00014677,2025-03-02,2:40:00 AM,Vehicle - Vehicle,,TROY ST / BROADWAY,BROADWAY,Karen Milian,673,2025-03-02,"Two-Way , Not Divided",Dry,Dark - Lighted,Clear,"Sidwswipe, Opposite Direction","Yes, Driver Left Scene",No Controls,2,0,No Injury,2,,,
921826,2025-00014726,2025-03-02,2:00:00 AM,Vehicle - Vehicle,,HARTFORD AVE,GLENBRIDGE AVE,Damaris Sanchez,566,2025-03-02,"Two-Way , Not Divided",Dry,Daylight,Clear,Unknown,"Yes, M/V and Driver Left Scene",No Controls,1,0,Unknown,2,,41.81902,-71.46185
921829,2025-00014715,2025-03-02,8:05:00 AM,Vehicle - Vehicle,,mawney street,BUCKLIN ST,Brad McParlin,395,2025-03-02,"Two-Way , Not Divided",Dry,Daylight,Clear,Angle (Front - to - Side) Right Angle (Includes Broadside),No,Stop Signs,3,0,No Injury,2,,41.80354,-71.4277
921830,2025-00014743,2025-03-02,11:28:00 AM,Vehicle - Parked Vehicle,,ALMY STREET,BROADWAY,Brad McParlin,395,2025-03-02,"Two-Way , Not Divided",Dry,Daylight,Clear,Rear End(Front-to-Rear),"Yes, M/V and Driver Left Scene",No Controls,1,0,Unknown,2,,41.81903,-71.43297
921831,2025-00014745,2025-03-02,11:42:00 AM,Vehicle - Vehicle,,PLAINFIELD ST,UNION AVE,Joshua Cascione,225,2025-03-02,"Two-Way , Not Divided",Dry,Daylight,Clear,Rear End(Front-to-Rear),"Yes, M/V and Driver Left Scene",No Controls,2,1,Complains Of Pain,2,,41.80914,-71.46295
921834,2025-00014764,2025-03-02,1:28:00 PM,Vehicle - Parked Vehicle,,BRANCH AVE,W RIVER ST,Albert Pereira,111,2025-03-02,Unknown,Dry,Daylight,Clear,Rear - to - Rear,"Yes, M/V and Driver Left Scene",No Controls,2,0,No Injury,2,,41.8467,-71.41228
921835,2025-00014775,2025-03-02,2:22:00 PM,Vehicle - Vehicle,,CANTON ST,CHALKSTONE AVE,Arthur Lima,126,2025-03-02,"Two-Way , Not Divided",Dry,Daylight,Clear,Rear End(Front-to-Rear),No,No Controls,2,0,No Injury,2,,41.83237,-71.4425
921836,2025-00014773,2025-03-02,2:48:00 PM,Vehicle - Vehicle,,N MAIN ST,SMITHFIELD AVE,Jared Guiot,608,2025-03-02,"Two-Way, Divided, Positive Median Barrier",Dry,Daylight,Clear,"Sideswipe, Same Direction",No,No Controls,2,0,No Injury,2,,41.85365,-71.40097
921823,2025-00014719,2025-03-02,8:36:00 AM,Vehicle - Object,,VINTON ST,ATWELLS AVE,Raleek Byfield,375,2025-03-02,One-Way Trafficway,Dry,Daylight,Clear,Not a Collision Between Two Motor Vehicles in Transport,No,No Controls,1,1,Complains Of Pain,1,,41.82377,-71.43024
921824,2025-00014721,2025-03-02,8:58:00 AM,Vehicle - Parked Vehicle,,BERLIN ST,CHALKSTONE AVE,Luis Garcia Colon,128,2025-03-02,Unknown,Dry,Daylight,Clear,Unknown,"Yes, Driver Left Scene",No Controls,1,0,Unknown,2,,41.83226,-71.44173
921838,2025-00014774,2025-03-02,2:20:00 PM,Vehicle - Vehicle,,Canal St,PARK ROW,Matthew Kelley,186,2025-03-02,One-Way Trafficway,Dry,Daylight,Clear,Angle (Front - to - Side) Same Direction,No,No Controls,2,0,No Injury,2,,41.8283,-71.41062
921840,2025-00014795,2025-03-02,4:05:00 PM,Vehicle - Vehicle,,PARK ROW,N MAIN ST,Jared Guiot,608,2025-03-02,Unknown,Dry,Daylight,Clear,Angle (Front - to - Side) Same Direction,No,No Controls,3,1,Complains Of Pain,2,,41.82865,-71.40966
921842,2025-00014790,2025-03-02,3:47:00 PM,Vehicle - Vehicle,,MOOREFIELD ST,SILVER LAKE AVE,Tyler Calandra,418,2025-03-02,"Two-Way , Not Divided",Dry,Daylight,Clear,Angle (Front - to - Side) Right Angle (Includes Broadside),No,No Controls,9,3,Complains Of Pain,2,,41.80774,-71.4587
921843,2025-00014811,2025-03-02,4:45:00 PM,Vehicle - Vehicle,,potters ave,elmwood ave,Matthew Marwell,639,2025-03-02,"Two-Way , Not Divided",Dry,Daylight,Clear,"Sideswipe, Same Direction",No,No Controls,2,0,No Injury,2,2,,
921953,2025-00015511,2025-03-02,7:00:00 AM,Vehicle - Parked Vehicle,,ACADEMY AVE,,Jason Clancy,999,2025-03-05,One-Way Trafficway,Dry,Daylight,Clear,Unknown,"Yes, M/V and Driver Left Scene",Unknown,1,0,Unknown,2,,,
922005,2025-00015890,2025-03-01,7:40:00 PM,Vehicle - Vehicle,,VEAZIE ST,BRANCH AVE,Quincy Griffin,970,2025-03-07,"Two-Way , Not Divided",Dry,Dark - Lighted,Clear,Rear End(Front-to-Rear),No,Traffic Control Signal,2,0,Unknown,2,,41.85481,-71.43465
921839,2025-00014524,2025-03-01,3:29:00 PM,Vehicle - Vehicle,,S MAIN ST,COLLEGE ST,Luis Pelaez,336,2025-03-02,One-Way Trafficway,Dry,Daylight,Clear,Angle (Front - to - Side) Right Angle (Includes Broadside),No,No Controls,4,0,No Injury,2,,41.8257,-71.40789
921825,2025-00014481,2025-03-01,11:43:00 AM,Vehicle - Vehicle,,CRANSTON ST,ALTHEA ST,Matthew Sandorse,508,2025-03-02,"Two-Way , Not Divided",Dry,Daylight,Clear,Rear End(Front-to-Rear),No,No Controls,3,0,No Injury,2,,41.80793,-71.4349
921837,2025-00014625,2025-03-01,11:41:00 PM,Vehicle - Parked Vehicle,,PINE ST,RICHMOND ST,Nicholas Manfredi,343,2025-03-02,One-Way Trafficway,Dry,Dark - Lighted,Clear,Not a Collision Between Two Motor Vehicles in Transport,No,No Controls,2,0,No Injury,2,,41.82023,-71.41217
921822,2025-00014613,2025-03-01,10:14:00 PM,Vehicle - Vehicle,,BROADWAY,EMPIRE ST,Kayla Facey,658,2025-03-02,"Two-Way , Not Divided",Dry,Dark - Lighted,Clear,"Sideswipe, Same Direction","Yes, M/V and Driver Left Scene",Traffic Control Signal,2,0,No Injury,2,,41.82259,-71.41751
921817,2025-00014623,2025-03-01,11:32:00 PM,Vehicle - Vehicle,,WARRINGTON ST,MELROSE ST,Adrian Francis,239,2025-03-01,"Two-Way , Not Divided",Dry,Dark - Lighted,Clear,Angle (Front - to - Side) Right Angle (Includes Broadside),No,Stop Signs,5,0,No Injury,2,,41.79427,-71.42058
921818,2025-00014621,2025-03-01,,Vehicle - Vehicle,,REGENT AVE,HAROLD ST,Pedroangel Pena Campusano,677,2025-03-02,"Two-Way , Not Divided",Dry,Dark - Lighted,Clear,Head-On (Front - to - Front),No,No Controls,3,2,Complains Of Pain,2,,,
921809,2025-00014549,2025-03-01,4:58:00 PM,Vehicle - Vehicle,,WESTMINSTER ST,SERVICE ROAD 3,Peyton Ginolfi,657,2025-03-01,"Two-Way , Not Divided",Dry,Daylight,Cloudy,Angle (Front - to - Side) Same Direction,No,No Controls,4,0,No Injury,2,,41.81641,-71.44088
921810,2025-00014528,2025-03-01,3:41:00 PM,Vehicle - Vehicle,,FOUNTAIN ST,EMPIRE ST,Cassidy Simanski,132,2025-03-01,"Two-Way, Divided, Unprotected (painted>4feet) Medium",Dry,Daylight,Clear,Angle (Front - to - Side) Same Direction,No,Traffic Control Signal,3,0,No Injury,2,,41.82234,-71.41712
921801,2025-00014471,2025-03-01,11:07:00 AM,Vehicle - Parked Vehicle,,252 killingly st,KILLINGLY ST,Serge Bouyssou,105,2025-03-01,"Two-Way , Not Divided",Dry,Daylight,Cloudy,Unknown,"Yes, M/V and Driver Left Scene",No Controls,2,0,No Injury,2,,41.8181,-71.46783
921803,2025-00014479,2025-03-01,11:30:00 AM,Vehicle - Parked Vehicle,,grant street,KNIGHT ST,Brad McParlin,395,2025-03-01,"Two-Way , Not Divided",Dry,Daylight,Clear,Angle (Front - to - Side) Same Direction,No,No Controls,2,0,No Injury,2,,41.81864,-71.4287
921805,2025-00014491,2025-03-01,12:20:00 PM,Vehicle - Parked Vehicle,,CRANSTON ST,HANOVER ST,Brad McParlin,395,2025-03-01,"Two-Way , Not Divided",Dry,Daylight,Clear,Other,No,No Controls,2,0,No Injury,2,,41.80919,-71.4338
921807,2025-00014497,2025-03-01,1:05:00 PM,Vehicle - Pedestrian,Pedestrian,BROAD ST,SUMTER ST,Hansel Ventura,570,2025-03-01,"Two-Way , Not Divided",Wet,Daylight,Cloudy,Not a Collision Between Two Motor Vehicles in Transport,No,No Controls,3,0,No Injury,1,,41.79769,-71.41405
921812,2025-00014548,2025-03-01,4:58:00 PM,Vehicle - Object,,ORTOLEVA DR,MANTON AVE,Raymond Criner,340,2025-03-01,"Two-Way , Not Divided",Dry,Daylight,Clear,Not a Collision Between Two Motor Vehicles in Transport,No,No Controls,2,0,No Injury,1,,41.82618,-71.45775
921813,2025-00014587,2025-03-01,8:15:00 PM,Vehicle - Vehicle,,SMITHFIELD AVE,SILVER SPRING ST,Ptlm. Labutti,104,2025-03-01,"Two-Way , Not Divided",Dry,Dark - Lighted,Clear,"Sideswipe, Same Direction",No,No Controls,2,0,No Injury,2,,41.85653,-71.41044
921814,2025-00014542,2025-03-01,4:31:00 PM,Vehicle - Parked Vehicle,,100 SOUTH ST,,Ptlw. Martinez,146,2025-03-01,Unknown,Dry,Daylight,Clear,Head-On (Front - to - Front),"Yes, M/V and Driver Left Scene",No Controls,1,0,Unknown,2,,,
921815,2025-00014612,2025-03-01,10:30:00 PM,Vehicle - Parked Vehicle,,ASHBURTON STREET,I 95 S,David Monteiro,613,2025-03-01,Unknown,Dry,Dark - Lighted,Clear,Rear End(Front-to-Rear),"Yes, M/V and Driver Left Scene",No Controls,2,0,No Injury,2,,41.83727,-71.41483
921798,2025-00014403,2025-03-01,1:33:00 AM,Vehicle - Vehicle,,SERVICE ROAD 8 EXIT 21,WASHINGTON ST,Domenic Schiavulli,653,2025-03-01,One-Way Trafficway,Dry,Dark - Lighted,Clear,Rear End(Front-to-Rear),"Yes, M/V and Driver Left Scene",No Controls,1,0,No Injury,2,,41.8213,-71.41974
921895,2025-00015073,2025-03-01,11:35:00 PM,Vehicle - Object,,CHARLES ST,ADMIRAL ST,Jason Clancy,999,2025-03-04,"Two-Way , Not Divided",Dry,Dark - Unknown Lighting,Clear,Rear End(Front-to-Rear),No,Unknown,4,0,Unknown,1,,41.84072,-71.41737
921866,2025-00014518,2025-03-01,2:17:00 PM,Vehicle - Parked Vehicle,,CHALKSTONE AVE,RIVER AVE,Jason Clancy,999,2025-03-03,"Two-Way , Not Divided",Dry,Daylight,Clear,Unknown,"Yes, M/V and Driver Left Scene",Unknown,1,0,Unknown,2,,41.83261,-71.43846
921860,2025-00014521,2025-03-01,2:49:00 PM,Vehicle - Parked Vehicle,,ADMIRAL ST,ZELLA ST,Jason Clancy,999,2025-03-03,"Two-Way , Not Divided",Dry,Daylight,Clear,"Sideswipe, Same Direction","Yes, M/V and Driver Left Scene",Unknown,1,0,Unknown,2,,41.84968,-71.44014
921857,2025-00014803,2025-03-01,8:10:00 PM,Vehicle - Vehicle,,BRANCH AVE,VEAZIE ST,Jason Clancy,999,2025-03-03,Unknown,Dry,Dark - Unknown Lighting,Clear,Rear End(Front-to-Rear),No,Unknown,3,0,Unknown,2,,41.85472,-71.43471
921858,2025-00014750,2025-03-01,10:30:00 PM,Vehicle - Vehicle,,SILVER SPRING AVE,SILVER SPRING AVE,Jason Clancy,999,2025-03-03,"Two-Way , Not Divided",Dry,Dark - Unknown Lighting,Clear,Rear End(Front-to-Rear),No,Unknown,2,0,Unknown,2,,,
921933,2025-00015307,2025-03-01,3:00:00 PM,Vehicle - Parked Vehicle,,PROVIDENCE PL,,Jason Clancy,999,2025-03-05,Unknown,Dry,Daylight,Clear,Unknown,"Yes, M/V and Driver Left Scene",Unknown,1,0,Unknown,2,,,
921872,2025-00014617,2025-03-01,10:00:00 PM,Vehicle - Object,,CHARLES ST,,Jason Clancy,999,2025-03-03,"Two-Way , Not Divided",Dry,Dark - Unknown Lighting,Clear,Not a Collision Between Two Motor Vehicles in Transport,No,Unknown,1,0,Unknown,1,,,
922807,2025-00022384,2025-03-01,7:38:00 PM,Vehicle - Vehicle,,BROADWAY,HARRIS AVE,Jason Clancy,999,2025-04-01,"Two-Way , Not Divided",Unknown,Dark - Unknown Lighting,Clear,Rear End(Front-to-Rear),No,Unknown,3,0,Unknown,2,,41.81705,-71.44029
922884,2025-00014476,2025-03-01,11:28:00 AM,Vehicle - Parked Vehicle,,26 Newbury st,STANHOPE ST,Albert Pereira,111,2025-04-03,"Two-Way , Not Divided",Dry,Daylight,Clear,Rear - to - Rear,No,No Controls,2,0,No Injury,2,,41.85619,-71.42553
921863,2025-00014251,2025-02-28,12:55:00 PM,Vehicle - Vehicle,,CHARLES ST,,Jason Clancy,999,2025-03-03,Unknown,Dry,Daylight,Clear,"Sideswipe, Same Direction","Yes, M/V and Driver Left Scene",Unknown,3,0,Unknown,2,,,
921856,2025-00014215,2025-02-28,1:54:00 PM,Vehicle - Vehicle,,N MAIN ST,DOYLE AVE,Jessica Salmeron,356,2025-03-03,"Two-Way, Divided, Positive Median Barrier",Dry,Daylight,Clear,"Sideswipe, Same Direction","Yes, M/V and Driver Left Scene",Traffic Control Signal,5,0,No Injury,2,3,41.8387,-71.40916
921871,2025-00014128,2025-02-28,8:14:00 AM,Vehicle - Vehicle,,EXCHANGE TER,EXCHANGE ST,Michael Baldassare,568,2025-03-03,"Two-Way , Not Divided",Dry,Daylight,Clear,"Sideswipe, Same Direction",No,Traffic Control Signal,3,0,No Injury,2,,41.82611,-71.4116
921799,2025-00014201,2025-02-28,12:34:00 PM,Vehicle - Vehicle,,NORTH MAIN STREET,RANDALL STREET,Joseph Madeira,552,2025-03-01,"Two-Way, Divided, Positive Median Barrier",Dry,Daylight,Clear,Angle (Front - to - Side) Same Direction,"Yes, M/V and Driver Left Scene",Traffic Control Signal,1,0,No Injury,2,4,41.83712,-71.41609
921761,2025-00014159,2025-02-28,10:29:00 AM,Vehicle - Parked Vehicle,,EDDY ST,OHIO AVE,Raleek Byfield,375,2025-02-28,"Two-Way, Divided, Unprotected (painted>4feet) Medium",Dry,Daylight,Clear,"Sideswipe, Same Direction",No,Pavement Markings,4,0,No Injury,2,,41.78872,-71.40272
921767,2025-00014186,2025-02-28,12:14:00 PM,Vehicle - Vehicle,,BLACKSTONE ST,FRIENDSHIP ST,Hansel Ventura,570,2025-02-28,"Two-Way , Not Divided",Dry,Daylight,Clear,"Sideswipe, Same Direction",No,Stop Signs,5,0,No Injury,2,,41.81002,-71.42087
921768,2025-00014183,2025-02-28,12:05:00 PM,Vehicle - Vehicle,,Smithfield Avenue,SMITHFIELD AVE,Igor Barbosa,114,2025-02-28,"Two-Way, Divided, Unprotected (painted>4feet) Medium",Dry,Daylight,Clear,Angle (Front - to - Side) Same Direction,No,Traffic Control Signal,2,1,Complains Of Pain,2,,41.85592,-71.4077
921770,2025-00014176,2025-02-28,11:53:00 AM,Vehicle - Vehicle,,895 Elmwood Ave,Roger Williams Ave,Luis Quinilla,572,2025-02-28,"Two-Way , Not Divided",Dry,Daylight,Clear,Rear End(Front-to-Rear),No,Traffic Control Signal,4,1,Complains Of Pain,2,3,,
921746,2025-00014088,2025-02-28,12:25:00 AM,Vehicle - Parked Vehicle,,DOUGLAS AVE,CHALKSTONE AVE,Lucas Ramalho,507,2025-02-28,"Two-Way , Not Divided",Wet,Dark - Lighted,Clear,Rear - to - Rear,No,No Controls,3,0,No Injury,2,,41.83639,-71.42043
921747,2025-00014122,2025-02-28,7:52:00 AM,Vehicle - Pedestrian,Pedestrian,SUMMER STREET,MEADOW ST,Hildenise Espanol,137,2025-02-28,One-Way Trafficway,Dry,Daylight,Clear,Angle - Direction Not Specified,"Yes, M/V and Driver Left Scene",No Controls,2,0,Unknown,2,,41.81501,-71.41805
921748,2025-00014123,2025-02-28,7:53:00 AM,Vehicle - Vehicle,,162 Ocean st,BRIGGS ST,Serge Bouyssou,105,2025-02-28,"Two-Way , Not Divided",Dry,Daylight,Clear,Rear - to - Side,No,No Controls,2,0,No Injury,2,,41.80139,-71.40987
921749,2025-00014135,2025-02-28,8:49:00 AM,Vehicle - Vehicle,,Manton Avenue,AMHERST ST,Eder Delgado,580,2025-02-28,"Two-Way , Not Divided",Dry,Daylight,Clear,Angle (Front - to - Side) Opposite Direction,No,Stop Signs,2,0,No Injury,2,,41.82344,-71.45121
921750,2025-00013117,2025-02-28,1:40:00 PM,Vehicle - Parked Vehicle,,PILSUDSKI ST,PLAINFIELD ST,Southavout Im,382,2025-02-28,"Two-Way , Not Divided",Dry,Daylight,Clear,Angle - Direction Not Specified,No,No Controls,3,0,No Injury,2,,41.81489,-71.44646
921772,2025-00014184,2025-02-28,12:10:00 PM,Vehicle - Vehicle,,BRANCH AVE,WEST RIVER ST,Ptlm. Castagliuolo,351,2025-02-28,"Two-Way , Not Divided",Dry,Daylight,Clear,Rear - to - Side,No,No Controls,4,0,No Injury,2,,41.8469,-71.41269
921777,2025-00142000,2025-02-28,12:51:00 PM,Vehicle - Vehicle,,N MAIN ST,RANDALL ST,Jessica Salmeron,356,2025-02-28,"Two-Way, Divided, Unprotected (painted>4feet) Medium",Dry,Daylight,Clear,Rear End(Front-to-Rear),No,Traffic Control Signal,7,3,Complains Of Pain,3,3,41.83873,-71.40942
921778,2025-00014227,2025-02-28,2:38:00 PM,Vehicle - Vehicle,,TRAVERSE ST,WICKENDEN ST,Jared Guiot,608,2025-02-28,"Two-Way , Not Divided",Dry,Daylight,Clear,"Sidwswipe, Opposite Direction",No,No Controls,3,0,No Injury,2,,41.81938,-71.39969
921779,2025-00014220,2025-02-28,2:07:00 PM,Vehicle - Vehicle,,PEACE ST,BUCKLIN ST,Raleek Byfield,375,2025-02-28,"Two-Way, Divided, Unprotected (painted>4feet) Medium",Dry,Daylight,Clear,Angle (Front - to - Side) Right Angle (Includes Broadside),No,Stop Signs,4,4,Complains Of Pain,2,,41.80652,-71.42783
921780,2025-00014260,2025-02-28,3:00:00 PM,Vehicle - Parked Vehicle,,RIVER DR,ANGELL ST,Joseph Lopes,52,2025-02-28,"Two-Way , Not Divided",Dry,Daylight,Clear,Not a Collision Between Two Motor Vehicles in Transport,"Yes, M/V and Driver Left Scene",No Controls,2,0,Unknown,2,,41.83219,-71.37833
921782,2025-00014268,2025-02-28,4:38:00 PM,Vehicle - Vehicle,,BROADWAY,JOHN J PARTINGTON WAY,Sean Cooney,523,2025-02-28,"Two-Way , Not Divided",Dry,Daylight,Clear,Unknown,"Yes, M/V and Driver Left Scene",Flashing Traffic Control Signal,2,0,No Injury,2,,,
921783,2025-00014239,2025-02-28,2:55:00 PM,Vehicle - Vehicle,,BROAD ST,PEARL ST,Matthew Carlone,602,2025-02-28,"Two-Way , Not Divided",Dry,Daylight,Clear,Rear End(Front-to-Rear),No,No Controls,2,0,No Injury,2,,41.81468,-71.421
921784,2025-00014276,2025-02-28,5:00:00 PM,Vehicle - Parked Vehicle,,Congress Ave,NIAGARA ST,Gerry Kue,393,2025-02-28,"Two-Way , Not Divided",Dry,Daylight,Clear,Unknown,"Yes, M/V and Driver Left Scene",Unknown,3,0,Unknown,2,,41.80095,-71.41829
921785,2025-00014275,2025-02-28,6:35:00 AM,Vehicle - Object,,98 Ontario St,HAMILTON ST,Dayshantell Ramirez,571,2025-02-28,"Two-Way, Divided, Unprotected (painted>4feet) Medium",Dry,Daylight,Clear,Not a Collision Between Two Motor Vehicles in Transport,No,No Controls,1,0,No Injury,1,,41.79928,-71.42129
921786,2025-00014281,2025-02-28,5:09:00 PM,Vehicle - Vehicle,,DOUGLAS AVE,CHAD BROWN ST,Peyton Ginolfi,657,2025-02-28,"Two-Way , Not Divided",Dry,Daylight,Clear,Angle (Front - to - Side) Same Direction,"Yes, M/V and Driver Left Scene",No Controls,2,1,Complains Of Pain,2,,41.83934,-71.42591