CrashReportId,ReportNumber,CrashDate,CrashTime,TypeOfCollision,Collision Type,StreetOrHighway,NearestIntersection,Officer,Badge,ReportDate,TypeOfRoadway,RoadSurfaceCondition,LightCondition,WeatherCondition,MannerofImpact,HitAndRun,TrafficControl,PersonCount,InjuryCount,MostSeriousInjury,NumberofVehicles,NumberOfLanes,Latitude,Longitude
921787,2025-00014312,2025-02-28,7:26:00 PM,Vehicle - Vehicle,,BROAD ST,CAHIR ST,Matthew Carlone,602,2025-02-28,"Two-Way , Not Divided",Dry,Dark - Lighted,Clear,Angle (Front - to - Side) Opposite Direction,"Yes, M/V and Driver Left Scene",Traffic Control Signal,2,0,No Injury,2,,41.81692,-71.41795
921788,2025-00014059,2025-02-28,10:03:00 PM,Vehicle - Vehicle,,MATHEWSON ST,FOUNTAIN ST,Cassidy Simanski,132,2025-02-28,One-Way Trafficway,Dry,Dark - Unknown Lighting,Clear,Other,"Yes, Driver Left Scene",No Controls,2,0,No Injury,2,,41.82372,-71.41566
921789,2025-00014254,2025-02-28,3:46:00 PM,Vehicle - Vehicle,,SMITHFIELD AVENUE,NASHUA ST,Ricardo Sanchez,632,2025-02-28,"Two-Way , Not Divided",Dry,Daylight,Clear,Rear End(Front-to-Rear),"Yes, M/V and Driver Left Scene",No Controls,1,0,No Injury,2,2,41.85367,-71.402
921790,2025-00014225,2025-02-28,2:30:00 PM,Vehicle - Parked Vehicle,,5TH ST,SUMMIT AVE,Ricardo Sanchez,632,2025-02-28,"Two-Way , Not Divided",Dry,Daylight,Clear,"Sidwswipe, Opposite Direction",No,No Controls,3,0,No Injury,2,2,41.85139,-71.39864
921792,2025-00014335,2025-02-28,9:13:00 PM,Vehicle - Pedestrian,Pedestrian,MONTICELLO ST,OPPER ST,Ptlm. Labutti,104,2025-02-28,"Two-Way , Not Divided",Dry,Dark - Not Lighted,Clear,Not a Collision Between Two Motor Vehicles in Transport,"Yes, M/V and Driver Left Scene",No Controls,1,1,Complains Of Pain,1,,41.85227,-71.42309
921793,2025-00014317,2025-02-28,7:57:00 PM,Vehicle - Vehicle,,66 BRANCH AVE,BRANCH AVE EXIT,David Palumbo,106,2025-02-28,"Two-Way , Not Divided",Dry,Dark - Lighted,Clear,"Sideswipe, Same Direction","Yes, M/V and Driver Left Scene",No Controls,4,0,No Injury,2,,41.84562,-71.41077
921794,2025-00014282,2025-02-28,5:10:00 PM,Vehicle - Vehicle,,MEETING ST,BROOK ST,Jared Guiot,608,2025-02-28,"Two-Way , Not Divided",Dry,Daylight,Clear,Unknown,No,No Controls,6,0,No Injury,3,,41.82923,-71.39978
921795,2025-00014324,2025-02-28,7:49:00 PM,Vehicle - Vehicle,,VALLEY ST,DEAN ST,Ryan Fernandes,125,2025-02-28,"Two-Way, Divided, Unprotected (painted>4feet) Medium",Dry,Dark - Lighted,Clear,Angle (Front - to - Side) Same Direction,No,Traffic Control Signal,4,0,No Injury,2,,41.83159,-71.42827
921796,2025-00014322,2025-02-28,8:09:00 PM,Vehicle - Vehicle,,FOUNTAIN ST,FRANCIS ST,Lucas Ramalho,507,2025-02-28,One-Way Trafficway,Dry,Dark - Lighted,Clear,"Sideswipe, Same Direction",No,Traffic Control Signal,5,0,No Injury,2,,41.82484,-71.41469
921797,2025-00014229,2025-02-28,2:44:00 PM,Vehicle - Vehicle,,GRAPE ST,ALICANT ST,Ryan Fernandes,125,2025-02-28,"Two-Way , Not Divided",Dry,Daylight,Clear,"Sidwswipe, Opposite Direction","Yes, M/V and Driver Left Scene",No Controls,2,0,No Injury,2,,41.84481,-71.43026
921808,2025-00014344,2025-02-28,9:56:00 PM,Vehicle - Vehicle,,WEYBOSSET ST,SNOW ST,Cassidy Simanski,132,2025-03-01,"Two-Way, Divided, Unprotected (painted>4feet) Medium",Dry,Dark - Lighted,Clear,Angle (Front - to - Side) Right Angle (Includes Broadside),No,No Controls,4,1,Complains Of Pain,2,,41.82069,-71.41327
921804,2025-00014219,2025-02-28,2:01:00 PM,Vehicle - Vehicle,,NORTH MAIN STREET,10 th STREET,Joseph Madeira,552,2025-03-01,"Two-Way, Divided, Positive Median Barrier",Dry,Daylight,Clear,Angle (Front - to - Side) Right Angle (Includes Broadside),No,Traffic Control Signal,5,0,No Injury,2,4,41.83616,-71.41597
921811,2025-00014334,2025-02-28,8:54:00 PM,Vehicle - Vehicle,,ELMWOOD AVE,ELMWOOD AVE,Johansell Montilla,627,2025-03-01,One-Way Trafficway,Dry,Dark - Lighted,Clear,Rear End(Front-to-Rear),"Yes, M/V and Driver Left Scene",No Controls,2,0,No Injury,2,,41.80372,-71.42567
921981,2025-00014223,2025-02-28,2:24:00 PM,Vehicle - Vehicle,,FOUNTAIN ST,DORRANCE ST,Michael Baldassare,568,2025-03-06,One-Way Trafficway,Dry,Daylight,Clear,Rear End(Front-to-Rear),No,Traffic Control Signal,3,0,No Injury,2,,41.82483,-71.41419
922108,2025-00014235,2025-02-28,3:00:00 PM,Vehicle - Vehicle,,CARTER ST,BUCKLIN ST,Thomas Jones,160,2025-03-10,"Two-Way , Not Divided",Dry,Daylight,Clear,Angle (Front - to - Side) Opposite Direction,No,Stop Signs,3,1,Complains Of Pain,2,,41.80003,-71.42793
922122,2025-00014368,2025-02-28,11:45:00 PM,Vehicle - Vehicle,,1000 elmwood ave,1000 elmwood ave,Christian Salinas,628,2025-03-11,One-Way Trafficway,Dry,Dark - Lighted,Clear,Rear End(Front-to-Rear),Unknown,No Controls,4,0,No Injury,2,,,
922152,2025-00017027,2025-02-28,11:30:00 AM,Vehicle - Parked Vehicle,,419 PRAIRIE AVE,,Quincy Griffin,970,2025-03-11,Unknown,Dry,Daylight,Clear,Rear - to - Side,No,No Controls,4,0,Unknown,2,,,
922004,2025-00015818,2025-02-27,5:40:00 PM,Vehicle - Vehicle,,ACADEMY AVE,CHALKSTONE AVE,Quincy Griffin,970,2025-03-07,"Two-Way , Not Divided",Dry,Dusk,Clear,Rear End(Front-to-Rear),"Yes, M/V and Driver Left Scene",No Controls,2,0,Unknown,2,,41.83253,-71.44452
921832,2025-00013934,2025-02-27,1:18:00 PM,Vehicle - Vehicle,,EDDY ST,ELM ST,Lucio Andreozzi,381,2025-03-02,"Two-Way, Divided, Unprotected (painted>4feet) Medium",Wet,Daylight,Rain,Rear End(Front-to-Rear),No,No Controls,2,0,No Injury,2,,41.81831,-71.40753
921844,2025-00013957,2025-02-27,2:27:00 PM,Vehicle - Vehicle,,FRICKER ST,BROAD ST,Jeffrey Gagnon,317,2025-03-02,"Two-Way , Not Divided",Wet,Daylight,Clear,Angle (Front - to - Side) Right Angle (Includes Broadside),No,No Controls,3,0,No Injury,2,,41.81534,-71.42071
921753,2025-00013948,2025-02-27,11:25:00 AM,Vehicle - Parked Vehicle,,EDDY ST,SOUTH ST,Jason Clancy,999,2025-02-28,Unknown,Dry,Daylight,Clear,Other,No,Unknown,2,0,Unknown,2,,41.8177,-71.40707
921755,2025-00014006,2025-02-27,4:50:00 PM,Vehicle - Vehicle,,STEEPLE ST,MEMORIAL BLVD,Jason Clancy,999,2025-02-28,Unknown,Dry,Dark - Unknown Lighting,Clear,"Sideswipe, Same Direction","Yes, M/V and Driver Left Scene",Unknown,1,0,Unknown,2,,41.82673,-71.41069
921760,2025-00013978,2025-02-27,2:15:00 PM,Vehicle - Vehicle,,COLLEGE ST,COLLEGE ST,Jason Clancy,999,2025-02-28,Unknown,Dry,Daylight,Clear,"Sideswipe, Same Direction",No,Unknown,3,0,Unknown,2,,41.82564,-71.40784
921855,2025-00013928,2025-02-27,1:24:00 PM,Vehicle - Vehicle,,MANTON AVE,MANTON CT,Elizabeth Pedchenko,498,2025-03-03,"Two-Way , Not Divided",Dry,Daylight,Clear,Rear End(Front-to-Rear),No,No Controls,2,0,No Injury,2,,41.83197,-71.46369
921935,2025-00013944,2025-02-27,1:53:00 PM,Vehicle - Parked Vehicle,,VALLEY ST,BROADWAY,Gustavo Genao,135,2025-03-05,One-Way Trafficway,Wet,Daylight,Clear,"Sideswipe, Same Direction","Yes, M/V and Driver Left Scene",No Controls,0,0,Unknown,2,,41.81705,-71.44096
921940,2025-00015480,2025-02-27,9:15:00 AM,Vehicle - Parked Vehicle,,IVES ST,ANGELL ST,Jason Clancy,999,2025-03-05,One-Way Trafficway,Dry,Daylight,Clear,"Sideswipe, Same Direction","Yes, M/V and Driver Left Scene",Unknown,2,0,Unknown,2,,41.82915,-71.39313
921708,2025-00010573,2025-02-27,10:07:00 AM,Vehicle - Parked Vehicle,,OAKLAND AVE,HIGGINS AVE,Elizabeth Pedchenko,498,2025-02-27,"Two-Way , Not Divided",Dry,Daylight,Clear,Rear End(Front-to-Rear),"Yes, M/V and Driver Left Scene",No Controls,1,0,No Injury,2,,41.8353,-71.43038
921709,2025-00013861,2025-02-27,8:07:00 AM,Vehicle - Pedestrian,Pedestrian,CHAPIN AVE,PARADE ST,Mario Andrade,130,2025-02-27,"Two-Way, Divided, Positive Median Barrier",Dry,Daylight,Cloudy,Head-On (Front - to - Front),No,No Controls,4,1,Complains Of Pain,1,,41.81189,-71.43122
921714,2025-00013900,2025-02-27,11:04:00 AM,Vehicle - Object,,FRIENDSHIP ST,GARNET ST,Ptlm. Castagliuolo,351,2025-02-27,Unknown,Wet,Daylight,Clear,Not a Collision Between Two Motor Vehicles in Transport,No,No Controls,4,0,No Injury,1,,41.82126,-71.41013
921715,2025-00013911,2025-02-27,11:46:00 AM,Vehicle - Vehicle,,BLACKSTONE ST,EDDY ST,Ptlm. Castagliuolo,351,2025-02-27,Unknown,Wet,Daylight,Cloudy,Rear - to - Side,No,No Controls,3,0,No Injury,2,,41.81016,-71.40703
921716,2025-00013918,2025-02-27,12:34:00 PM,Vehicle - Pedestrian,Bicycle,WASHINGTON ST,EDDY ST,Ptlm. Castagliuolo,351,2025-02-27,"Two-Way , Not Divided",Wet,Daylight,Cloudy,Not a Collision Between Two Motor Vehicles in Transport,No,No Controls,3,1,Non-Incapacitating,1,,41.82401,-71.4134
921721,2025-00013946,2025-02-27,2:01:00 PM,Vehicle - Vehicle,,VANDEWATER ST,BRANCH AVE,Luis Garcia Colon,128,2025-02-27,"Two-Way, Divided, Unprotected (painted>4feet) Medium",Wet,Daylight,Cloudy,Angle (Front - to - Side) Opposite Direction,No,Stop Signs,3,0,No Injury,2,,41.85367,-71.42883
921722,2025-00013932,2025-02-27,1:18:00 PM,Vehicle - Vehicle,,Cranston St,BRIDGHAM ST,Manuel Vlaun,551,2025-02-27,"Two-Way , Not Divided",Dry,Daylight,Rain,Angle (Front - to - Side) Same Direction,No,No Controls,3,1,Complains Of Pain,2,,41.81391,-71.42703
921731,2025-00013954,2025-02-27,2:23:00 PM,Vehicle - Parked Vehicle,,693 Charles Street,Charles Street,James Lanier,211,2025-02-27,"Two-Way, Divided, Unprotected (painted>4feet) Medium",Wet,Daylight,Rain,"Sideswipe, Same Direction",No,No Controls,4,0,No Injury,2,1,,
921732,2025-00013965,2025-02-27,3:04:00 PM,Vehicle - Vehicle,,SILVER SPRING ST,BRANCH AVE,Ptlm. Labutti,104,2025-02-27,"Two-Way , Not Divided",Wet,Daylight,Rain,Rear End(Front-to-Rear),No,No Controls,3,0,No Injury,2,,41.84791,-71.41467
921733,2025-00013958,2025-02-27,2:34:00 PM,Vehicle - Parked Vehicle,,EDDY ST,JILLSON ST,Nicholas Manfredi,343,2025-02-27,"Two-Way , Not Divided",Wet,Daylight,Rain,Rear End(Front-to-Rear),No,Stop Signs,2,0,No Injury,2,,41.79147,-71.40346
921734,2025-00013950,2025-02-27,2:06:00 PM,Vehicle - Parked Vehicle,,74 LEXINGTON AVE,NIAGARA ST,Hansel Ventura,570,2025-02-27,"Two-Way , Not Divided",Wet,Daylight,Rain,Rear End(Front-to-Rear),No,No Controls,3,0,No Injury,2,,41.79918,-71.41924
921735,2025-00013972,2025-02-27,3:41:00 PM,Vehicle - Vehicle,,MIDDLE DR,GENERAL ST,Peyton Ginolfi,657,2025-02-27,"Two-Way , Not Divided",Wet,Daylight,Rain,Angle (Front - to - Side) Same Direction,No,Stop Signs,2,1,Complains Of Pain,2,,41.85338,-71.44366
921738,2025-00013984,2025-02-27,4:29:00 PM,Vehicle - Vehicle,,VIRGINIA AVE,GEORGIA AVE,Nicholas Manfredi,343,2025-02-27,"Two-Way , Not Divided",Wet,Daylight,Cloudy,Angle (Front - to - Side) Right Angle (Includes Broadside),No,Stop Signs,3,2,Complains Of Pain,2,,41.79156,-71.4001
921739,2025-00013982,2025-02-27,4:27:00 PM,Vehicle - Pedestrian,Pedestrian,Diamond St,HOLLIS ST,Tyler Calandra,418,2025-02-27,"Two-Way , Not Divided",Wet,Daylight,Rain,Other,No,No Controls,3,1,Complains Of Pain,1,,41.81044,-71.42959
921740,2025-00013991,2025-02-27,4:43:00 PM,Vehicle - Vehicle,,WASHINGTON ST,SERVICE ROAD 8,Cassidy Simanski,132,2025-02-27,One-Way Trafficway,Wet,Daylight,Rain,Rear End(Front-to-Rear),No,Traffic Control Signal,4,0,No Injury,2,,41.82021,-71.41885
921741,2025-00013973,2025-02-27,3:28:00 PM,Vehicle - Vehicle,,MANTON AVE,CHALKSTONE AVE,Jessenia Montano,149,2025-02-27,"Two-Way, Divided, Unprotected (painted>4feet) Medium",Wet,Daylight,Rain,Angle (Front - to - Side) Opposite Direction,No,Stop Signs,4,0,No Injury,2,,41.83379,-71.46631
921742,2025-00014013,2025-02-27,6:14:00 PM,Vehicle - Vehicle,,WATERMAN ST,COOKE ST,D. Hernandez,148,2025-02-27,Unknown,Dry,Daylight,Clear,Angle (Front - to - Side) Opposite Direction,No,Stop Signs,7,0,Unknown,2,,41.82762,-71.39548
921743,2025-00014022,2025-02-27,6:31:00 PM,Vehicle - Vehicle,,BLACKSTONE BLVD,HOPE ST,Jared Guiot,608,2025-02-27,"Two-Way , Not Divided",Dry,Dark - Not Lighted,Clear,Angle (Front - to - Side) Same Direction,No,No Controls,2,0,No Injury,2,2,41.85612,-71.39135
921744,2025-00014000,2025-02-27,5:30:00 PM,Vehicle - Vehicle,,RICHMOND ST,POINT ST,Matthew Marwell,639,2025-02-27,"Two-Way , Not Divided",Dry,Daylight,Clear,Rear End(Front-to-Rear),No,No Controls,2,0,No Injury,2,,41.81657,-71.40728
921745,2025-00014018,2025-02-27,6:18:00 PM,Vehicle - Vehicle,,RIVER AVE,AUGUSTA ST,Robert Gaudiana,579,2025-02-27,"Two-Way , Not Divided",Dry,Dark - Lighted,Rain,Rear - to - Side,No,No Controls,5,3,Complains Of Pain,2,,41.85105,-71.43832
921679,2025-00013605,2025-02-26,9:51:00 AM,Vehicle - Vehicle,,RANDALL ST,CHARLES ST,Jessica Salmeron,356,2025-02-26,"Two-Way , Not Divided",Dry,Daylight,Clear,"Sideswipe, Same Direction","Yes, M/V and Driver Left Scene",Traffic Control Signal,1,0,No Injury,2,2,41.8362,-71.4121
921682,2025-00013663,2025-02-26,1:42:00 PM,Vehicle - Vehicle,,GREENE ST,FOUNTAIN ST,Joshua Cascione,225,2025-02-26,One-Way Trafficway,Dry,Daylight,Clear,Angle (Front - to - Side) Right Angle (Includes Broadside),No,No Controls,2,0,No Injury,2,,41.8216,-71.41768
921683,2025-00013578,2025-02-26,7:59:00 AM,Vehicle - Vehicle,,125 Butler Ave,,Michael Cifuentes,330,2025-02-26,"Two-Way , Not Divided",Dry,Daylight,Clear,"Sideswipe, Same Direction",No,No Controls,4,0,No Injury,2,,41.82772,-71.38563
921688,2025-00013665,2025-02-26,1:43:00 PM,Vehicle - Vehicle,,DUDLEY ST,PRAIRIE AVE,Ptlw. Kawejsza,118,2025-02-26,"Two-Way, Divided, Unprotected (painted>4feet) Medium",Dry,Daylight,Clear,Angle (Front - to - Side) Opposite Direction,No,Stop Signs,3,0,No Injury,2,,41.80995,-71.41567
921689,2025-00013669,2025-02-26,2:04:00 PM,Vehicle - Vehicle,,ELMGROVE AVE,BLACKSTONE BLVD,Ptlm. Castagliuolo,351,2025-02-26,"Two-Way , Not Divided",Dry,Daylight,Clear,Rear End(Front-to-Rear),No,No Controls,5,1,Complains Of Pain,3,,41.85144,-71.38764
921694,2025-00013677,2025-02-26,2:34:00 PM,Vehicle - Parked Vehicle,,27 BARDEN ST,MELISSA ST,Alexander Frias,669,2025-02-26,"Two-Way , Not Divided",Dry,Daylight,Clear,"Sideswipe, Same Direction","Yes, M/V and Driver Left Scene",No Controls,4,1,Complains Of Pain,2,,41.8194,-71.45994
921695,2025-00013676,2025-02-26,2:49:00 PM,Vehicle - Vehicle,,GALLUP ST,BURNSIDE ST,Raymond Criner,340,2025-02-26,"Two-Way , Not Divided",Dry,Daylight,Clear,"Sidwswipe, Opposite Direction",No,Stop Signs,6,1,Complains Of Pain,2,,41.80044,-71.41035
921696,2025-00013681,2025-02-26,2:55:00 PM,Vehicle - Vehicle,,SMITH ST,CHALKSTONE AVE,David Palumbo,106,2025-02-26,"Two-Way , Not Divided",Dry,Daylight,Clear,Rear End(Front-to-Rear),"Yes, M/V and Driver Left Scene",Traffic Control Signal,3,1,Complains Of Pain,2,,41.8351,-71.42536
921697,2025-00013738,2025-02-26,6:20:00 PM,Vehicle - Parked Vehicle,,BUCKLIN ST,PRINCETON AVE,Raymond Criner,340,2025-02-26,Unknown,Dry,Dark - Not Lighted,Clear,Rear - to - Rear,No,No Controls,3,0,No Injury,2,,41.8055,-71.42779
921698,2025-00013698,2025-02-26,3:58:00 PM,Vehicle - Parked Vehicle,,51 SILVER SPRING STREET,,Ian Quinn,102,2025-02-26,Unknown,Dry,Daylight,Clear,Unknown,"Yes, M/V and Driver Left Scene",No Controls,1,0,Unknown,2,,,
921699,2025-00013732,2025-02-26,5:52:00 PM,Vehicle - Vehicle,,N MAIN ST,7TH ST,Cory Nicholls,609,2025-02-26,"Two-Way, Divided, Positive Median Barrier",Dry,Dark - Lighted,Clear,"Sideswipe, Same Direction",No,Traffic Control Signal,3,0,No Injury,2,,41.85333,-71.40103
921700,2025-00013751,2025-02-26,7:01:00 PM,Vehicle - Parked Vehicle,,66 BRANCH AVE,DRYDEN LN,Patrick Hourahan,243,2025-02-26,"Two-Way , Not Divided",Dry,Dark - Lighted,Clear,"Sidwswipe, Opposite Direction","Yes, M/V and Driver Left Scene",No Controls,1,0,Unknown,2,,41.8434,-71.40865
921701,2025-00013378,2025-02-26,2:44:00 PM,Vehicle - Vehicle,,Beacon Ave,FRANK ST,Ruben Morales,685,2025-02-26,"Two-Way , Not Divided",Dry,Daylight,Clear,"Sideswipe, Same Direction",No,Pavement Markings,5,0,No Injury,2,,41.81342,-71.41432
921702,2025-00013770,2025-02-26,8:27:00 PM,Vehicle - Parked Vehicle,,ONTARIO STREET,MELROSE ST,David Monteiro,613,2025-02-26,"Two-Way , Not Divided",Dry,Dark - Lighted,Clear,Rear End(Front-to-Rear),"Yes, M/V and Driver Left Scene",No Controls,1,0,Unknown,2,,41.79883,-71.42274
921703,2025-00013722,2025-02-26,4:59:00 PM,Vehicle - Vehicle,,GALLATIN ST,HAMILTON ST,Ruben Morales,685,2025-02-26,"Two-Way , Not Divided",Dry,Daylight,Clear,Angle (Front - to - Side) Right Angle (Includes Broadside),No,Stop Signs,2,0,No Injury,2,,41.79548,-71.41909
921704,2025-00013779,2025-02-26,8:55:00 PM,Vehicle - Parked Vehicle,,438 DOYLE AVE,HOPE ST,Patrick Hourahan,243,2025-02-26,"Two-Way , Not Divided",Dry,Dark - Lighted,Clear,"Sideswipe, Same Direction","Yes, M/V and Driver Left Scene",No Controls,2,0,Unknown,2,,41.83877,-71.40016
921705,2025-00013793,2025-02-26,10:46:00 PM,Vehicle - Vehicle,,201 charles st,CHARLES ST,Patrolwoman Viera,678,2025-02-27,One-Way Trafficway,Dry,Dark - Lighted,Clear,Angle (Front - to - Side) Same Direction,No,Stop Signs,3,1,Complains Of Pain,2,,41.83674,-71.41285
921666,2025-00013556,2025-02-26,3:02:00 AM,Vehicle - Parked Vehicle,,LOWELL AVE,NYE ST,Cesar Franco,668,2025-02-26,"Two-Way , Not Divided",Dry,Dark - Not Lighted,Cloudy,Rear End(Front-to-Rear),No,No Controls,2,0,No Injury,2,,41.8176,-71.46058
921671,2025-00013581,2025-02-26,8:26:00 AM,Vehicle - Vehicle,,SMITHFIELD AVE,SMITHFIELD AVE,Albert Pereira,111,2025-02-26,"Two-Way , Not Divided",Dry,Daylight,Clear,Rear End(Front-to-Rear),No,No Controls,4,0,No Injury,2,,41.85862,-71.41094
921675,2025-00013575,2025-02-26,7:53:00 AM,Vehicle - Vehicle,,N MAIN ST,SMITHFIELD AVE,Jeann Lugo,543,2025-02-26,"Two-Way , Not Divided",Dry,Daylight,Clear,Angle (Front - to - Side) Same Direction,No,Traffic Control Signal,2,0,No Injury,2,,41.85334,-71.40115
921676,2025-00013602,2025-02-26,9:41:00 AM,Vehicle - Vehicle,,CYPRESS ST,CAMP ST,Yesenia Caba,549,2025-02-26,"Two-Way , Not Divided",Dry,Daylight,Clear,Angle (Front - to - Side) Right Angle (Includes Broadside),No,Stop Signs,2,0,No Injury,2,,41.84212,-71.4029
921677,2025-00013574,2025-02-26,7:42:00 AM,Vehicle - Vehicle,,Charles st,CHRISTOPHER ST,Albert Pereira,111,2025-02-26,"Two-Way , Not Divided",Dry,Daylight,Clear,"Sidwswipe, Opposite Direction",No,No Controls,4,0,No Injury,2,,41.85857,-71.42158
921934,2025-00013591,2025-02-26,8:55:00 AM,Vehicle - Vehicle,,BROAD ST,CAHIR ST,Gustavo Genao,135,2025-03-05,"Two-Way , Not Divided",Dry,Daylight,Clear,Angle (Front - to - Side) Same Direction,No,Traffic Control Signal,2,0,No Injury,2,,41.81689,-71.418
921891,2025-00013666,2025-02-26,1:52:00 PM,Vehicle - Parked Vehicle,,LANGHAM RD,HOPE ST,Yesenia Caba,549,2025-03-04,"Two-Way , Not Divided",Dry,Unknown,Clear,Unknown,"Yes, M/V and Driver Left Scene",No Controls,2,0,Unknown,2,,41.846,-71.39677
921754,2025-00013927,2025-02-26,9:30:00 AM,Vehicle - Parked Vehicle,,SILVER SPRING ST,,Jason Clancy,999,2025-02-28,Unknown,Dry,Daylight,Clear,Unknown,"Yes, M/V and Driver Left Scene",Unknown,1,0,Unknown,2,,,
921751,2025-00013930,2025-02-26,11:45:00 AM,Vehicle - Vehicle,,ELMWOOD AVE,ELMWOOD AVE,Jason Clancy,999,2025-02-28,Unknown,Dry,Daylight,Clear,Rear - to - Rear,No,Unknown,2,0,Unknown,2,,41.80992,-71.42403
921752,2025-00013592,2025-02-26,8:57:00 AM,Vehicle - Vehicle,,SMITH STREET,COMPTON STREET,Giuseppe Scarcello,485,2025-02-28,"Two-Way , Not Divided",Dry,Daylight,Clear,Angle (Front - to - Side) Right Angle (Includes Broadside),No,No Controls,3,0,No Injury,2,,41.81729,-71.41711
921771,2025-00013997,2025-02-26,8:30:00 PM,Vehicle - Pedestrian,Pedestrian,ANGELL ST,BROWN ST,Jason Clancy,999,2025-02-28,One-Way Trafficway,Dry,Dark - Unknown Lighting,Clear,Other,No,Unknown,3,1,Complains Of Pain,1,,41.82786,-71.40319
921841,2025-00013703,2025-02-26,4:17:00 PM,Vehicle - Vehicle,,145 Broadway,,Brandon McDonnell,620,2025-03-02,"Two-Way , Not Divided",Dry,Daylight,Clear,Rear End(Front-to-Rear),No,No Controls,2,0,No Injury,2,,,
921984,2025-00015740,2025-02-25,6:00:00 PM,Vehicle - Vehicle,,WARRINGTON ST,NIAGARA ST,Jason Clancy,999,2025-03-06,"Two-Way , Not Divided",Unknown,Dark - Unknown Lighting,Clear,Unknown,"Yes, M/V and Driver Left Scene",Unknown,1,0,Unknown,2,,41.79542,-71.4169
922115,2025-00013460,2025-02-25,7:05:00 PM,Vehicle - Vehicle,,BROAD ST,BROAD ST,Thomas Jones,160,2025-03-10,"Two-Way , Not Divided",Dry,Dark - Lighted,Clear,Angle (Front - to - Side) Right Angle (Includes Broadside),No,No Controls,3,2,Complains Of Pain,2,,41.79103,-71.40589
921678,2025-00013348,2025-02-25,12:51:00 PM,Vehicle - Pedestrian,Pedestrian,THAYER STREET,BOWEN ST,George Pereira,421,2025-02-26,One-Way Trafficway,Dry,Daylight,Clear,Unknown,"Yes, M/V and Driver Left Scene",No Controls,2,0,Unknown,2,,41.83049,-71.40096
921672,2025-00013405,2025-02-25,4:31:00 PM,Vehicle - Vehicle,,EDDY ST,ELM ST,Ptlw. Kawejsza,118,2025-02-26,"Two-Way, Divided, Unprotected (painted>4feet) Medium",Dry,Daylight,Clear,Rear End(Front-to-Rear),No,No Controls,2,0,No Injury,2,,41.81837,-71.40757
921673,2025-00013327,2025-02-25,11:09:00 AM,Vehicle - Vehicle,,POINT ST,CHESTNUT ST,Ptlw. Kawejsza,118,2025-02-26,"Two-Way, Divided, Unprotected (painted>4feet) Medium",Dry,Daylight,Clear,Rear End(Front-to-Rear),No,Traffic Control Signal,3,0,No Injury,2,,41.81655,-71.40729
921674,2025-00013291,2025-02-25,8:06:00 AM,Vehicle - Vehicle,,Pocasset Ave,UNION AVE,Ajay Subramaniam,569,2025-02-26,"Two-Way , Not Divided",Dry,Daylight,Clear,Rear End(Front-to-Rear),No,No Controls,3,1,Complains Of Pain,2,,41.80613,-71.45731
921667,2025-00013442,2025-02-25,8:45:00 AM,Vehicle - Vehicle,,FRUIT HILL AVE,MANTON AVE,Jason Clancy,999,2025-02-26,"Two-Way , Not Divided",Unknown,Daylight,Clear,Rear End(Front-to-Rear),No,Unknown,2,0,Unknown,2,,41.83389,-71.46783
921669,2025-00013469,2025-02-25,6:00:00 PM,Vehicle - Vehicle,,VALLEY ST,VALLEY ST,Jason Clancy,999,2025-02-26,"Two-Way , Not Divided",Dry,Dark - Unknown Lighting,Clear,"Sidwswipe, Opposite Direction","Yes, M/V and Driver Left Scene",Unknown,1,0,Unknown,2,,,
921635,2025-00013289,2025-02-25,7:49:00 AM,Vehicle - Vehicle,,UNION AVE,ALTHEA ST,Manuel Vlaun,551,2025-02-25,"Two-Way , Not Divided",Dry,Daylight,Clear,Angle (Front - to - Side) Opposite Direction,No,Stop Signs,2,0,Unknown,2,,41.80933,-71.43824
921653,2025-00013373,2025-02-25,3:00:00 PM,Vehicle - Vehicle,,Washington St,UNION ST,Alexandre Santos,502,2025-02-25,"Two-Way , Not Divided",Dry,Daylight,Clear,"Sideswipe, Same Direction",No,No Controls,3,0,No Injury,2,,41.82353,-71.4141
921630,2025-00013268,2025-02-25,3:09:00 AM,Vehicle - Parked Vehicle,,MESSER ST,KENWOOD ST,Kelly Morel,687,2025-02-25,"Two-Way , Not Divided",Dry,Dark - Lighted,Clear,Rear End(Front-to-Rear),No,No Controls,2,0,No Injury,2,,41.81003,-71.43469
921638,2025-00013324,2025-02-25,11:18:00 AM,Vehicle - Vehicle,,110 LOCKWOOD ST,,Joshua Cascione,225,2025-02-25,"Two-Way , Not Divided",Dry,Daylight,Clear,"Sideswipe, Same Direction",No,No Controls,4,0,No Injury,2,,,
921639,2025-00013287,2025-02-25,7:48:00 AM,Vehicle - Vehicle,,NELLIE ST,SELKIRK ST,Albert Pereira,111,2025-02-25,"Two-Way , Not Divided",Dry,Daylight,Clear,Angle (Front - to - Side) Right Angle (Includes Broadside),No,No Controls,3,1,Complains Of Pain,2,,41.85738,-71.41088
921640,2025-00013328,2025-02-25,11:10:00 AM,Vehicle - Parked Vehicle,,INDIANA AVE,MICHIGAN AVE,Victor Tavarez,564,2025-02-25,"Two-Way , Not Divided",Dry,Daylight,Clear,Unknown,"Yes, M/V and Driver Left Scene",No Controls,1,0,Unknown,2,,41.79062,-71.39549