CrashReportId,ReportNumber,CrashDate,CrashTime,TypeOfCollision,Collision Type,StreetOrHighway,NearestIntersection,Officer,Badge,ReportDate,TypeOfRoadway,RoadSurfaceCondition,LightCondition,WeatherCondition,MannerofImpact,HitAndRun,TrafficControl,PersonCount,InjuryCount,MostSeriousInjury,NumberofVehicles,NumberOfLanes,Latitude,Longitude
921641,2025-00013330,2025-02-25,11:12:00 AM,Vehicle - Pedestrian,Bicycle,VANDEWATER STREET,BRANCH AVENUE,Ian Quinn,102,2025-02-25,"Two-Way , Not Divided",Dry,Daylight,Clear,Angle (Front - to - Side) Right Angle (Includes Broadside),No,No Controls,3,0,No Injury,1,2,,
921642,2025-00013290,2025-02-25,8:03:00 AM,Vehicle - Vehicle,,SMITH STREET,GENTIAN AVENUE,Giuseppe Scarcello,485,2025-02-25,"Two-Way , Not Divided",Wet,Daylight,Cloudy,"Sideswipe, Same Direction",No,Traffic Control Signal,2,0,No Injury,2,,41.82302,-71.46484
921647,2025-00013357,2025-02-25,1:19:00 PM,Vehicle - Object,,EAST FRANKLIN ST,CLIFFORD ST,Ptlm. Castagliuolo,351,2025-02-25,One-Way Trafficway,Dry,Daylight,Clear,Not a Collision Between Two Motor Vehicles in Transport,No,Traffic Control Signal,2,1,Complains Of Pain,1,,41.81626,-71.41434
921655,2025-00013401,2025-02-25,4:20:00 PM,Vehicle - Vehicle,,ATWELLS AVE,VALLEY ST,Arthur Lima,126,2025-02-25,"Two-Way , Not Divided",Dry,Daylight,Cloudy,Rear End(Front-to-Rear),No,Traffic Control Signal,2,0,No Injury,2,,41.82456,-71.43943
921656,2025-00013372,2025-02-25,2:32:00 PM,Vehicle - Parked Vehicle,,WATERMAN ST,THAYER ST,Luis Pelaez,336,2025-02-25,One-Way Trafficway,Dry,Daylight,Clear,Angle (Front - to - Side) Right Angle (Includes Broadside),No,Traffic Control Signal,3,1,Complains Of Pain,2,,41.82728,-71.40054
921657,2025-00013446,2025-02-25,6:36:00 PM,Vehicle - Vehicle,,WALDO ST,DEXTER ST,D. Hernandez,148,2025-02-25,"Two-Way , Not Divided",Dry,Dark - Lighted,Clear,Rear End(Front-to-Rear),No,No Controls,3,0,Unknown,2,,41.80456,-71.42999
921658,2025-00013424,2025-02-25,5:15:00 PM,Vehicle - Vehicle,,SMITHFIELD AVENUE,EXIT  (RT 126),Ian Quinn,102,2025-02-25,"Two-Way, Divided, Positive Median Barrier",Dry,Daylight,Clear,"Sideswipe, Same Direction",No,No Controls,1,0,No Injury,2,4,41.85566,-71.40693
921659,2025-00013463,2025-02-25,7:19:00 PM,Vehicle - Vehicle,,UNION AVE,ATWOOD ST,Matthew LeClerc,180,2025-02-25,"Two-Way , Not Divided",Dry,Dark - Lighted,Clear,Rear End(Front-to-Rear),No,No Controls,3,0,No Injury,2,2,41.80815,-71.44248
921660,2025-00013375,2025-02-25,2:48:00 PM,Vehicle - Vehicle,,VALLEY ST,NEWARK ST,Colby Berciano,671,2025-02-25,"Two-Way , Not Divided",Dry,Daylight,Clear,Rear - to - Side,No,Traffic Control Signal,5,0,No Injury,2,,41.8249,-71.4394
921661,2025-00013464,2025-02-25,7:29:00 PM,Vehicle - Vehicle,,Plainfield St,POCASSET AVE,Alexander Frias,669,2025-02-25,"Two-Way , Not Divided",Dry,Dark - Lighted,Clear,Rear - to - Side,No,No Controls,4,0,No Injury,2,,41.81374,-71.44788
921662,2025-00013420,2025-02-25,5:10:00 PM,Vehicle - Vehicle,,HENDRICK ST,MOUNT PLEASANT AVE,Raymond Criner,340,2025-02-25,"Two-Way , Not Divided",Dry,Daylight,Clear,Angle (Front - to - Side) Right Angle (Includes Broadside),No,Stop Signs,4,1,Complains Of Pain,2,,41.82748,-71.44889
921663,2025-00013438,2025-02-25,6:02:00 PM,Vehicle - Vehicle,,KIMBALL ST,CHALKSTONE AVE,Raymond Criner,340,2025-02-25,"Two-Way , Not Divided",Dry,Dark - Lighted,Clear,"Sidwswipe, Opposite Direction",No,No Controls,3,0,No Injury,3,,41.83361,-71.4481
921664,2025-00013522,2025-02-25,11:53:00 PM,Vehicle - Vehicle,,BARTON ST,BROADWAY,Antonio Valdez,659,2025-02-26,"Two-Way, Divided, Positive Median Barrier",Dry,Dark - Lighted,Clear,Angle (Front - to - Side) Opposite Direction,No,Flashing Traffic Control Signal,2,1,Complains Of Pain,2,,41.81795,-71.43705
921665,2025-00013508,2025-02-25,10:54:00 PM,Vehicle - Pedestrian,Pedestrian,ABRAM ST,BRANCH AVE,Lucas Ramalho,507,2025-02-26,"Two-Way , Not Divided",Wet,Dark - Lighted,Clear,Not a Collision Between Two Motor Vehicles in Transport,No,No Controls,2,1,Complains Of Pain,1,,41.85387,-71.4308
921627,2025-00013259,2025-02-25,12:54:00 AM,Vehicle - Vehicle,,CRANSTON ST,BRIDGHAM ST,Ralph Abenante,511,2025-02-25,"Two-Way, Divided, Unprotected (painted>4feet) Medium",Dry,Dark - Lighted,Clear,Angle (Front - to - Side) Opposite Direction,No,Traffic Control Signal,9,3,Complains Of Pain,2,,41.81396,-71.42694
921617,2025-00013136,2025-02-24,3:02:00 PM,Vehicle - Parked Vehicle,,CHARLES ST,SOCIAL ST,Ptlm. Labutti,104,2025-02-24,"Two-Way , Not Divided",Dry,Daylight,Clear,"Sideswipe, Same Direction",No,No Controls,2,0,No Injury,2,,41.85394,-71.42055
921618,2025-00013165,2025-02-24,4:23:00 PM,Vehicle - Vehicle,,CHARLES STREET,CHARLES ST,Manuel Tueros,621,2025-02-24,One-Way Trafficway,Dry,Daylight,Clear,Rear End(Front-to-Rear),No,Stop Signs,2,0,No Injury,2,,41.83666,-71.41273
921620,2025-00013185,2025-02-24,5:43:00 PM,Vehicle - Parked Vehicle,,POCASSET AVE,MAGNOLIA ST,Terrence Gibson,610,2025-02-24,"Two-Way , Not Divided",Dry,Dark - Lighted,Clear,"Sideswipe, Same Direction","Yes, M/V and Driver Left Scene",No Controls,1,0,Unknown,2,,41.81178,-71.45046
921621,2025-00013166,2025-02-24,4:29:00 PM,Vehicle - Parked Vehicle,,WESTMINSTER ST,DORRANCE ST,Cassidy Simanski,132,2025-02-24,"Two-Way, Divided, Unprotected (painted>4feet) Medium",Dry,Daylight,Clear,"Sideswipe, Same Direction",No,No Controls,3,0,No Injury,2,,41.82361,-71.41167
921622,2025-00013163,2025-02-24,4:18:00 PM,Vehicle - Vehicle,,ADMIRAL ST,HAWKINS ST,John Palmer,101,2025-02-24,"Two-Way , Not Divided",Dry,Daylight,Clear,Head-On (Front - to - Front),No,No Controls,4,0,No Injury,3,,41.84592,-71.42839
921599,2025-00013049,2025-02-24,7:49:00 AM,Vehicle - Vehicle,,THURBERS AVE,I 95 EXIT RAMP,Joshua Cascione,225,2025-02-24,One-Way Trafficway,Dry,Daylight,Clear,Rear End(Front-to-Rear),No,Yield Signs,3,0,No Injury,2,,41.80028,-71.40393
921601,2025-00013053,2025-02-24,8:17:00 AM,Vehicle - Vehicle,,broad st,BROAD ST,Serge Bouyssou,105,2025-02-24,"Two-Way , Not Divided",Dry,Daylight,Clear,"Sideswipe, Same Direction",No,No Controls,2,0,No Injury,2,,41.80362,-71.41911
921607,2025-00013047,2025-02-24,7:47:00 AM,Vehicle - Vehicle,,KILLINGLY ST,HARTFORD AVE,Victor Tavarez,564,2025-02-24,"Two-Way, Divided, Unprotected (painted>4feet) Medium",Dry,Daylight,Clear,Rear End(Front-to-Rear),No,Traffic Control Signal,3,0,No Injury,2,,41.81998,-71.46893
921608,2025-00013069,2025-02-24,10:16:00 AM,Vehicle - Vehicle,,POINT ST,BEACON AVE,Joshua Cascione,225,2025-02-24,One-Way Trafficway,Dry,Daylight,Clear,Rear End(Front-to-Rear),No,Traffic Control Signal,2,0,No Injury,2,,41.81469,-71.41458
921609,2025-00013038,2025-02-24,10:55:00 AM,Vehicle - Vehicle,,POINT ST,POINT ST BRG,Ptlw. Kawejsza,118,2025-02-24,"Two-Way, Divided, Positive Median Barrier",Dry,Daylight,Clear,"Sideswipe, Same Direction",No,No Controls,2,0,No Injury,2,,41.81757,-71.40479
921610,2025-00013096,2025-02-24,12:30:00 PM,Vehicle - Parked Vehicle,,TABER AVE,IRVING AVE,Luis Garcia Colon,128,2025-02-24,"Two-Way, Divided, Unprotected (painted>4feet) Medium",Dry,Daylight,Clear,Unknown,"Yes, Driver Left Scene",No Controls,1,0,Unknown,2,,41.83264,-71.39204
921613,2025-00013158,2025-02-24,4:00:00 PM,Vehicle - Vehicle,,SWIFT ST,SILVER SPRING ST,Ptlm. Labutti,104,2025-02-24,"Two-Way , Not Divided",Dry,Daylight,Clear,Rear End(Front-to-Rear),No,No Controls,2,0,No Injury,2,,41.8555,-71.41153
921614,2025-00013129,2025-02-24,2:44:00 PM,Vehicle - Vehicle,,UNION AVE EXIT,UNION AVE,Terrence Gibson,610,2025-02-24,"Two-Way , Not Divided",Dry,Daylight,Clear,Rear End(Front-to-Rear),No,Yield Signs,2,0,No Injury,2,,41.8084,-71.44132
921652,2025-00013371,2025-02-24,2:45:00 PM,Vehicle - Parked Vehicle,,SIMS ST,,Jason Clancy,999,2025-02-25,Unknown,Dry,Daylight,Clear,Rear - to - Side,No,Unknown,2,0,Unknown,2,,,
921631,2025-00013250,2025-02-24,11:35:00 PM,Vehicle - Object,,GLENBRIDGE AVE,BUTTON HOLE DR,Jacob Coro,664,2025-02-25,"Two-Way , Not Divided",Dry,Dark - Lighted,Clear,Not a Collision Between Two Motor Vehicles in Transport,"Yes, Driver Left Scene",No Controls,2,0,Unknown,1,,41.82338,-71.46024
921633,2025-00013073,2025-02-24,4:00:00 PM,Vehicle - Parked Vehicle,,SARATOGA ST,BAXTER ST,Jason Clancy,999,2025-02-25,Unknown,Dry,Daylight,Clear,Unknown,"Yes, M/V and Driver Left Scene",Unknown,1,0,Unknown,2,,41.80412,-71.41922
921634,2025-00013064,2025-02-24,9:00:00 AM,Vehicle - Pedestrian,Pedestrian,EARL ST,ELMWOOD AVE,Jason Clancy,999,2025-02-25,Unknown,Dry,Daylight,Clear,Angle (Front - to - Side) Same Direction,No,Unknown,3,0,No Injury,1,,41.79809,-71.42618
921670,2025-00013473,2025-02-24,,Vehicle - Parked Vehicle,,ATWELLS AVE,AMERICA ST,Jason Clancy,999,2025-02-26,"Two-Way , Not Divided",Dry,Unknown,Clear,Unknown,"Yes, M/V and Driver Left Scene",Unknown,1,0,Unknown,2,,41.8237,-71.42836
921833,2025-00013113,2025-02-24,1:27:00 PM,Vehicle - Vehicle,,BRANCH AVE,W RIVER ST,Albert Pereira,111,2025-03-02,"Two-Way , Not Divided",Dry,Daylight,Clear,Rear End(Front-to-Rear),No,No Controls,2,0,No Injury,2,,41.84667,-71.41223
921766,2025-00013078,2025-02-24,10:44:00 AM,Vehicle - Parked Vehicle,,PAGE ST,PINE ST,Lucio Andreozzi,381,2025-02-28,One-Way Trafficway,Dry,Daylight,Clear,"Sideswipe, Same Direction","Yes, M/V and Driver Left Scene",No Controls,1,0,Unknown,2,,41.82116,-71.41132
922347,2025-00018579,2025-02-23,2:55:00 PM,Vehicle - Vehicle,,BRANCH AVE,W RIVER ST,Jason Clancy,999,2025-03-17,"Two-Way , Not Divided",Dry,Daylight,Clear,Rear End(Front-to-Rear),No,Unknown,2,0,Unknown,2,,41.84687,-71.41263
921668,2025-00013381,2025-02-23,4:52:00 PM,Vehicle - Parked Vehicle,,PROVIDENCE PL,,Jason Clancy,999,2025-02-26,Unknown,Dry,Daylight,Clear,Rear - to - Rear,No,Unknown,3,0,Unknown,2,,,
921602,2025-00012954,2025-02-23,5:20:00 PM,Vehicle - Parked Vehicle,,PROVIDENCE PLACE,,Jason Clancy,999,2025-02-24,Unknown,Dry,Dark - Unknown Lighting,Clear,Rear - to - Side,No,Unknown,5,0,Unknown,2,,,
921603,2025-00012933,2025-02-23,2:05:00 PM,Vehicle - Parked Vehicle,,CHRISTOPHER ST,SEDAN ST,Jason Clancy,999,2025-02-24,Unknown,Dry,Daylight,Clear,Unknown,"Yes, M/V and Driver Left Scene",Unknown,3,0,Unknown,2,,41.85862,-71.42158
921629,2025-00012992,2025-02-23,10:58:00 PM,Vehicle - Vehicle,,MAGNAN RD,HUNTINGTON AVE,Ptlm. Carias,127,2025-02-25,"Two-Way, Divided, Unprotected (painted>4feet) Medium",Dry,Dark - Lighted,Clear,"Sideswipe, Same Direction",No,Traffic Control Signal,6,0,No Injury,2,,41.80253,-71.43692
921579,2025-00012783,2025-02-23,12:05:00 AM,Vehicle - Vehicle,,BRIDGHAM ST,KENDALL ST,Lucas Ramalho,507,2025-02-23,"Two-Way , Not Divided",Dry,Dark - Lighted,Clear,"Sidwswipe, Opposite Direction","Yes, M/V and Driver Left Scene",No Controls,4,0,No Injury,3,,41.81278,-71.42578
921582,2025-00012861,2025-02-23,9:31:00 AM,Vehicle - Vehicle,,EXIT 21 (RT 95 S),ATWELLS AVE,Raleek Byfield,375,2025-02-23,"Two-Way, Divided, Unprotected (painted>4feet) Medium",Dry,Daylight,Clear,"Sideswipe, Same Direction",No,Pavement Markings,3,0,No Injury,2,,41.82333,-71.42049
921583,2025-00012885,2025-02-23,12:30:00 PM,Vehicle - Parked Vehicle,,17 amy st,GANO ST,Louis Gianfrancesco,350,2025-02-23,"Two-Way , Not Divided",Dry,Daylight,Clear,"Sideswipe, Same Direction","Yes, M/V and Driver Left Scene",No Controls,1,0,No Injury,2,2,41.8251,-71.39126
921584,2025-00012881,2025-02-23,12:03:00 PM,Vehicle - Vehicle,,SERVICE ROAD 3,WESTMINSTER ST,Southavout Im,382,2025-02-23,"Two-Way , Not Divided",Dry,Daylight,Clear,"Sideswipe, Same Direction",No,Traffic Control Signal,3,0,No Injury,2,,41.81632,-71.44059
921585,2025-00012898,2025-02-23,1:26:00 PM,Vehicle - Vehicle,,HARRIS AVE,DELAINE ST,Joshua Cascione,225,2025-02-23,"Two-Way , Not Divided",Dry,Daylight,Clear,Angle (Front - to - Side) Right Angle (Includes Broadside),No,No Controls,2,1,Complains Of Pain,2,,41.81897,-71.43897
921588,2025-00012890,2025-02-23,12:50:00 PM,Vehicle - Vehicle,,FOUNTAIN ST,EMPIRE ST,Raleek Byfield,375,2025-02-23,"Two-Way, Divided, Unprotected (painted>4feet) Medium",Dry,Daylight,Clear,"Sideswipe, Same Direction",No,Pavement Markings,5,0,No Injury,2,,41.82234,-71.41712
921589,2025-00012908,2025-02-23,2:40:00 PM,Vehicle - Vehicle,,PARK ST,PROMENADE ST,Matthew Kelley,186,2025-02-23,"Two-Way , Not Divided",Dry,Daylight,Clear,Angle (Front - to - Side) Right Angle (Includes Broadside),No,No Controls,4,0,No Injury,2,,41.82796,-71.41761
921593,2025-00012907,2025-02-23,2:43:00 PM,Vehicle - Vehicle,,EXIT 21 (RT 1),BROADWAY,Raymond Criner,340,2025-02-23,"Two-Way , Not Divided",Dry,Daylight,Clear,Angle (Front - to - Side) Right Angle (Includes Broadside),No,Traffic Control Signal,7,3,Complains Of Pain,2,,41.82204,-71.41977
921594,2025-00012953,2025-02-23,6:39:00 PM,Vehicle - Vehicle,,KILLINGLY ST,KILLINGLY ST,Matthew LeClerc,180,2025-02-23,One-Way Trafficway,Dry,Dark - Lighted,Clear,Rear End(Front-to-Rear),No,Yield Signs,5,0,No Injury,2,1,41.82341,-71.47106
921595,2025-00012942,2025-02-23,5:09:00 PM,Vehicle - Vehicle,,THAYER ST,EUCLID AVE,Colby Berciano,671,2025-02-23,"Two-Way , Not Divided",Dry,Daylight,Clear,Not a Collision Between Two Motor Vehicles in Transport,No,No Controls,2,0,No Injury,2,,41.82868,-71.40073
921596,2025-00012956,2025-02-23,6:59:00 PM,Vehicle - Vehicle,,WICKENDEN ST,GOVERNOR ST,Colby Berciano,671,2025-02-23,"Two-Way , Not Divided",Dry,Dark - Lighted,Clear,Not a Collision Between Two Motor Vehicles in Transport,No,No Controls,4,0,No Injury,2,,41.82015,-71.39385
921597,2025-00012996,2025-02-23,11:06:00 PM,Vehicle - Vehicle,,CHARLES ST,ASHBURTON ST,Gabrielle O'Loughlin,680,2025-02-24,One-Way Trafficway,Dry,Dark - Lighted,Clear,Rear End(Front-to-Rear),No,Stop Signs,5,0,No Injury,2,,41.83662,-71.41271
921575,2025-00012784,2025-02-23,12:09:00 AM,Vehicle - Vehicle,,JULIAN ST,ATWELLS AVE,Lucas Ramalho,507,2025-02-23,"Two-Way , Not Divided",Dry,Dark - Lighted,Clear,Angle (Front - to - Side) Right Angle (Includes Broadside),No,Stop Signs,4,3,Complains Of Pain,2,,41.82485,-71.44463
921576,2025-00012822,2025-02-23,2:19:00 AM,Vehicle - Parked Vehicle,,HANOVER ST,BUCKLIN ST,Hector Viruet,614,2025-02-23,"Two-Way , Not Divided",Dry,Dark - Lighted,Clear,Unknown,"Yes, M/V and Driver Left Scene",No Controls,1,0,Unknown,2,,41.80785,-71.42724
921577,2025-00012831,2025-02-23,2:54:00 AM,Vehicle - Object,,Nelson St,WALTON ST,Aidan Pendergast,651,2025-02-23,"Two-Way , Not Divided",Dry,Dark - Lighted,Clear,Not a Collision Between Two Motor Vehicles in Transport,"Yes, Driver Left Scene",No Controls,1,0,Unknown,1,,41.8466,-71.44457
921578,2025-00012776,2025-02-22,11:44:00 PM,Vehicle - Vehicle,,PARK ROW,N MAIN ST,M. Suarez,689,2025-02-23,"Two-Way, Divided, Positive Median Barrier",Dry,Dark - Lighted,Clear,Angle (Front - to - Side) Right Angle (Includes Broadside),No,No Controls,4,0,No Injury,2,,41.82865,-71.40964
921567,2025-00012678,2025-02-22,2:55:00 PM,Vehicle - Vehicle,,MEMORIAL BLVD,FRANCIS ST,Christian Main,145,2025-02-22,"Two-Way, Divided, Positive Median Barrier",Dry,Daylight,Clear,"Sideswipe, Same Direction",No,Traffic Control Signal,6,0,No Injury,2,3,,
921568,2025-00012693,2025-02-22,4:11:00 PM,Vehicle - Vehicle,,WICKENDEN ST,TRAVERSE ST,Darlin Hernandez,148,2025-02-22,"Two-Way , Not Divided",Dry,Daylight,Clear,Angle (Front - to - Side) Opposite Direction,No,No Controls,2,0,Unknown,2,,41.81931,-71.39968
921569,2025-00012684,2025-02-22,3:40:00 PM,Vehicle - Vehicle,,DOYLE AVE,N MAIN ST,Jared Guiot,608,2025-02-22,"Two-Way , Not Divided",Dry,Daylight,Clear,Rear End(Front-to-Rear),No,No Controls,2,0,No Injury,2,,41.83835,-71.40868
921570,2025-00012710,2025-02-22,5:39:00 PM,Vehicle - Parked Vehicle,,BROADWAY,GREENMAN LN,Cassidy Simanski,132,2025-02-22,"Two-Way, Divided, Unprotected (painted>4feet) Medium",Dry,Daylight,Clear,Angle (Front - to - Side) Same Direction,"Yes, M/V and Driver Left Scene",No Controls,0,0,Unknown,2,,41.82217,-71.41919
921571,2025-00012717,2025-02-22,6:29:00 PM,Vehicle - Parked Vehicle,,271 Tockwotton street,,Kelsey Woodbine,633,2025-02-22,"Two-Way , Not Divided",Ice/Frost,Dark - Lighted,Clear,Head-On (Front - to - Front),"Yes, M/V and Driver Left Scene",No Controls,1,0,Unknown,2,,,
921573,2025-00012758,2025-02-22,10:28:00 PM,Vehicle - Vehicle,,POCASSET AVE,UNION AVE,Antonio Valdez,659,2025-02-22,"Two-Way, Divided, Positive Median Barrier",Dry,Dark - Lighted,Clear,Head-On (Front - to - Front),No,Traffic Control Signal,2,0,No Injury,2,,41.80642,-71.45712
921555,2025-00012595,2025-02-22,2:10:00 AM,Vehicle - Parked Vehicle,,DABOLL ST,UPDIKE ST,Pedro Saravia,611,2025-02-22,One-Way Trafficway,Dry,Dark - Lighted,Clear,Unknown,"Yes, Driver Left Scene",No Controls,1,0,Unknown,2,,41.80416,-71.42451
921557,2025-00012582,2025-02-22,1:40:00 AM,Vehicle - Vehicle,,148 Regent Ave,HAROLD ST,Vanessa Hull,648,2025-02-22,"Two-Way , Not Divided",Dry,Dark - Lighted,Clear,Head-On (Front - to - Front),"Yes, M/V and Driver Left Scene",No Controls,1,0,No Injury,2,,41.82971,-71.43889
921558,2025-00012596,2025-02-22,2:13:00 AM,Vehicle - Vehicle,,WEEDEN ST,ATWELLS AVE,Hector Viruet,614,2025-02-22,"Two-Way , Not Divided",Dry,Dark - Lighted,Clear,"Sideswipe, Same Direction",No,No Controls,5,0,No Injury,2,,41.8234,-71.4244
921559,2025-00012591,2025-02-22,1:50:00 AM,Vehicle - Parked Vehicle,,UNION AVE,WEBSTER AVE,Ryan Whittemore,655,2025-02-22,"Two-Way , Not Divided",Dry,Dark - Lighted,Clear,Rear End(Front-to-Rear),No,No Controls,3,0,No Injury,2,,41.80679,-71.44769
921562,2025-00012642,2025-02-22,10:36:00 AM,Vehicle - Vehicle,,ORMS ST,CANDACE ST,Raleek Byfield,375,2025-02-22,"Two-Way, Divided, Unprotected (painted>4feet) Medium",Dry,Daylight,Clear,Rear End(Front-to-Rear),No,No Controls,3,0,No Injury,2,,41.83381,-71.4217
921564,2025-00012652,2025-02-22,11:36:00 AM,Vehicle - Vehicle,,Gano street,WILLIAMS ST,Darrin Anderson,550,2025-02-22,"Two-Way, Divided, Unprotected (painted>4feet) Medium",Dry,Daylight,Clear,Angle (Front - to - Side) Same Direction,No,No Controls,4,0,No Injury,2,,41.82339,-71.39003
921628,2025-00012594,2025-02-22,2:06:00 AM,Vehicle - Parked Vehicle,,BUCKLIN ST,FORD ST,OFFICER Sesay,612,2025-02-25,"Two-Way , Not Divided",Dry,Dark - Lighted,Clear,Not a Collision Between Two Motor Vehicles in Transport,"Yes, M/V and Driver Left Scene",No Controls,1,0,Unknown,2,,41.80861,-71.42793
921604,2025-00012608,2025-02-22,2:10:00 PM,Vehicle - Vehicle,,PUBLIC ST,MILK ST,Jason Clancy,999,2025-02-24,Unknown,Dry,Daylight,Clear,Other,"Yes, M/V and Driver Left Scene",Unknown,1,0,Unknown,2,,41.80574,-71.41396
921615,2025-00012683,2025-02-22,3:32:00 PM,Vehicle - Parked Vehicle,,ABORN ST,WESTMINSTER ST,Jeffrey Gagnon,317,2025-02-24,One-Way Trafficway,Dry,Daylight,Clear,"Sideswipe, Same Direction",No,No Controls,3,0,No Injury,2,,41.82157,-71.41508
921654,2025-00012756,2025-02-22,10:19:00 PM,Vehicle - Parked Vehicle,,11 DORRANCE ST,,Christian Main,145,2025-02-25,"Two-Way, Divided, Unprotected (painted>4feet) Medium",Dry,Dark - Lighted,Clear,Not a Collision Between Two Motor Vehicles in Transport,No,No Controls,3,0,No Injury,2,2,,
921637,2025-00012654,2025-02-22,12:14:00 PM,Vehicle - Vehicle,,675 Elmwood Ave,WARRINGTON ST,Michelle Chasse,264,2025-02-25,"Two-Way , Not Divided",Dry,Daylight,Clear,Angle (Front - to - Side) Right Angle (Includes Broadside),No,No Controls,3,0,No Injury,2,,41.7933,-71.42366
921869,2025-00014187,2025-02-21,4:04:00 PM,Vehicle - Vehicle,,ALLENS AVE EXIT,EXIT,Jason Clancy,999,2025-03-03,One-Way Trafficway,Dry,Daylight,Clear,Rear End(Front-to-Rear),No,Unknown,3,0,Unknown,2,,41.80146,-71.40072
921870,2025-00012421,2025-02-21,1:35:00 PM,Vehicle - Vehicle,,DORRANCE PLZ,DORRANCE ST,Michael Baldassare,568,2025-03-03,"Two-Way , Not Divided",Dry,Daylight,Clear,"Sideswipe, Same Direction",No,No Controls,3,0,No Injury,2,,41.82089,-71.40842
922250,2025-00017642,2025-02-21,7:00:00 PM,Vehicle - Vehicle,,ELMWOOD AVE,ADELAIDE AVE,Jason Clancy,999,2025-03-14,"Two-Way , Not Divided",Dry,Dark - Unknown Lighting,Clear,"Sidwswipe, Opposite Direction",No,Unknown,5,0,Unknown,2,,41.79588,-71.42499
921605,2025-00012483,2025-02-21,4:20:00 PM,Vehicle - Vehicle,,DUDLEY ST,,Jason Clancy,999,2025-02-24,Unknown,Dry,Daylight,Clear,"Sideswipe, Same Direction",No,Unknown,1,0,Unknown,2,,,
921566,2025-00012458,2025-02-21,4:24:00 PM,Vehicle - Vehicle,,ELMWOOD AVE,HEMPSTEAD ST,Johansell Montilla,627,2025-02-22,One-Way Trafficway,Dry,Daylight,Clear,Angle (Front - to - Side) Opposite Direction,No,No Controls,2,0,No Injury,2,,41.78983,-71.42173
921586,2025-00012173,2025-02-21,2:01:00 PM,Vehicle - Vehicle,,ELMWOOD AVE,W FRIENDSHIP ST,Victor Tavarez,564,2025-02-23,"Two-Way, Divided, Unprotected (painted>4feet) Medium",Dry,Daylight,Clear,Angle (Front - to - Side) Right Angle (Includes Broadside),No,Traffic Control Signal,3,1,Complains Of Pain,2,,41.80988,-71.42406
921561,2025-00012390,2025-02-21,11:14:00 AM,Vehicle - Parked Vehicle,,Whitehall Street,UNION AVE,Southavout Im,382,2025-02-22,"Two-Way , Not Divided",Dry,Dark - Lighted,Clear,"Sidwswipe, Opposite Direction",No,No Controls,1,0,No Injury,2,,41.80786,-71.44394
921556,2025-00012465,2025-02-21,5:05:00 PM,Vehicle - Vehicle,,WESTMINSTER ST,KNIGHT ST,Kelsa Heron,133,2025-02-21,"Two-Way , Not Divided",Dry,Daylight,Clear,Angle (Front - to - Side) Right Angle (Includes Broadside),No,No Controls,3,0,No Injury,2,,41.81713,-71.42626
921541,2025-00012463,2025-02-21,5:00:00 PM,Vehicle - Vehicle,,SMITHFIELD AVE,SMITHFIELD AVE,Ptlm. Labutti,104,2025-02-21,"Two-Way , Not Divided",Dry,Daylight,Clear,Rear End(Front-to-Rear),No,Yield Signs,3,0,No Injury,2,,41.85706,-71.41083
921545,2025-00012466,2025-02-21,5:09:00 PM,Vehicle - Vehicle,,FEDERAL ST,JOHN J PARTINGTON WAY,Sean Cooney,523,2025-02-21,One-Way Trafficway,Dry,Daylight,Clear,Angle (Front - to - Side) Same Direction,No,Traffic Control Signal,2,0,No Injury,2,,,
921528,2025-00012320,2025-02-21,1:27:00 AM,Vehicle - Parked Vehicle,,MELROSE ST,SACKETT ST,Lucas Ramalho,507,2025-02-21,"Two-Way , Not Divided",Dry,Dark - Lighted,Clear,Rear - to - Rear,No,No Controls,3,0,No Injury,2,,41.79383,-71.42033
921532,2025-00012381,2025-02-21,11:00:00 AM,Vehicle - Vehicle,,CRANSTON ST,WADSWORTH ST,Manuel Vlaun,551,2025-02-21,"Two-Way , Not Divided",Dry,Daylight,Clear,Rear End(Front-to-Rear),No,No Controls,4,0,No Injury,2,,41.80575,-71.43686
921533,2025-00012401,2025-02-21,12:10:00 PM,Vehicle - Vehicle,,SILVER SPRING ST,CHATHAM ST,Luis Garcia Colon,128,2025-02-21,"Two-Way , Not Divided",Dry,Daylight,Clear,Rear End(Front-to-Rear),No,No Controls,4,0,No Injury,2,,41.8463,-71.41673
921534,2025-00012387,2025-02-21,11:21:00 AM,Vehicle - Vehicle,,DOUGLAS AVE,ALICANT ST,Luis Garcia Colon,128,2025-02-21,"Two-Way , Not Divided",Dry,Daylight,Clear,Rear End(Front-to-Rear),No,No Controls,6,1,Complains Of Pain,2,,41.84435,-71.42818
921535,2025-00012420,2025-02-21,1:36:00 PM,Vehicle - Vehicle,,CAMP ST,JENKINS ST,Raleek Byfield,375,2025-02-21,"Two-Way , Not Divided",Dry,Daylight,Clear,Rear - to - Side,No,No Controls,7,0,No Injury,2,,41.84097,-71.40349