CrashReportId,ReportNumber,CrashDate,CrashTime,TypeOfCollision,Collision Type,StreetOrHighway,NearestIntersection,Officer,Badge,ReportDate,TypeOfRoadway,RoadSurfaceCondition,LightCondition,WeatherCondition,MannerofImpact,HitAndRun,TrafficControl,PersonCount,InjuryCount,MostSeriousInjury,NumberofVehicles,NumberOfLanes,Latitude,Longitude
921539,2025-00012440,2025-02-21,3:04:00 PM,Vehicle - Vehicle,,BROAD ST,SERVICE ROAD 8,Cassidy Simanski,132,2025-02-21,One-Way Trafficway,Dry,Daylight,Clear,"Sideswipe, Same Direction",No,Traffic Control Signal,5,0,No Injury,2,,41.81796,-71.41629
921547,2025-00012474,2025-02-21,6:03:00 PM,Vehicle - Vehicle,,CAMDEN AVE,DOME ST,Tyler Calandra,418,2025-02-21,"Two-Way , Not Divided",Dry,Daylight,Clear,Rear End(Front-to-Rear),No,No Controls,4,2,Complains Of Pain,2,,41.83928,-71.42687
921548,2025-00012493,2025-02-21,7:38:00 PM,Vehicle - Vehicle,,WATERMAN ST,THAYER ST,Kelsey Woodbine,633,2025-02-21,One-Way Trafficway,Ice/Frost,Dark - Lighted,Clear,"Sideswipe, Same Direction",No,No Controls,4,0,No Injury,2,,41.82728,-71.40054
921549,2025-00012501,2025-02-21,8:08:00 PM,Vehicle - Vehicle,,FARMINGTON AVE,SILVER LAKE AVE,Terrence Gibson,610,2025-02-21,"Two-Way , Not Divided",Dry,Dark - Lighted,Clear,Angle (Front - to - Side) Same Direction,No,No Controls,3,1,Complains Of Pain,3,,41.80682,-71.46363
921550,2025-00012517,2025-02-21,9:13:00 PM,Vehicle - Parked Vehicle,,BERGEN ST,CHALKSTONE AVE,Matthew Carlone,602,2025-02-21,"Two-Way , Not Divided",Dry,Dark - Lighted,Clear,"Sideswipe, Same Direction","Yes, M/V and Driver Left Scene",No Controls,2,0,No Injury,2,,41.83212,-71.44009
921551,2025-00012515,2025-02-21,9:09:00 PM,Vehicle - Vehicle,,N MAIN ST,N MAIN ST,Jared Guiot,608,2025-02-21,"Two-Way, Divided, Positive Median Barrier",Dry,Dark - Lighted,Clear,"Sideswipe, Same Direction",No,No Controls,2,0,No Injury,2,,41.84199,-71.40798
921554,2025-00012536,2025-02-21,10:38:00 PM,Vehicle - Parked Vehicle,,ELMWOOD AVE,ELMWOOD AVE,Pedro Saravia,611,2025-02-22,Unknown,Dry,Dark - Lighted,Clear,Unknown,"Yes, Driver Left Scene",No Controls,1,0,Unknown,2,,41.80649,-71.42495
921538,2025-00012249,2025-02-20,7:02:00 PM,Vehicle - Vehicle,,MEMORIAL BLVD,FRANCIS ST,Christian Main,145,2025-02-21,"Two-Way, Divided, Positive Median Barrier",Dry,Dark - Lighted,Clear,Angle - Direction Not Specified,No,No Controls,4,0,No Injury,2,2,,
921527,2025-00012269,2025-02-20,8:34:00 PM,Vehicle - Vehicle,,DANIEL AVE.,POCASSET AVE.,Brendan O'Brien,667,2025-02-20,"Two-Way , Not Divided",Dry,Dark - Lighted,Clear,Angle (Front - to - Side) Right Angle (Includes Broadside),"Yes, M/V and Driver Left Scene",No Controls,4,0,No Injury,2,,,
921546,2025-00012202,2025-02-20,3:35:00 PM,Vehicle - Vehicle,,EDDY ST,POINT ST,Ptlw. Martinez,146,2025-02-21,One-Way Trafficway,Dry,Daylight,Clear,"Sideswipe, Same Direction",No,Traffic Control Signal,3,0,No Injury,2,,,
921581,2025-00012179,2025-02-20,2:18:00 PM,Vehicle - Vehicle,,GLENHAM ST,SAINT JAMES ST,Victor Tavarez,564,2025-02-23,"Two-Way, Divided, Unprotected (painted>4feet) Medium",Dry,Daylight,Clear,Angle (Front - to - Side) Right Angle (Includes Broadside),No,No Controls,4,0,No Injury,2,,41.80599,-71.41552
921590,2025-00012186,2025-02-20,3:01:00 PM,Vehicle - Vehicle,,ARLINGTON AVE,EVERETT AVE,Luis Pelaez,336,2025-02-23,"Two-Way , Not Divided",Dry,Daylight,Cloudy,Angle (Front - to - Side) Right Angle (Includes Broadside),No,Stop Signs,3,0,No Injury,2,2,41.83508,-71.39525
921591,2025-00012236,2025-02-20,5:52:00 PM,Vehicle - Vehicle,,ANGELL ST,HOPE ST,Luis Pelaez,336,2025-02-23,One-Way Trafficway,Dry,Dark - Lighted,Clear,Rear End(Front-to-Rear),No,Traffic Control Signal,3,0,No Injury,2,,41.8284,-71.39751
921707,2025-00013700,2025-02-20,2:02:00 PM,Vehicle - Parked Vehicle,,BROAD ST,,Jason Clancy,999,2025-02-27,Unknown,Dry,Daylight,Clear,Rear - to - Side,"Yes, M/V and Driver Left Scene",Unknown,2,0,Unknown,2,,,
921513,2025-00012110,2025-02-20,8:21:00 AM,Vehicle - Vehicle,,PLAINFIELD ST,DUXBURY ST,Ruben Morales,685,2025-02-20,"Two-Way , Not Divided",Dry,Daylight,Clear,Angle (Front - to - Side) Right Angle (Includes Broadside),No,Stop Signs,3,0,Unknown,2,,41.81229,-71.46112
921515,2025-00012120,2025-02-20,9:15:00 AM,Vehicle - Vehicle,,BELLEVUE AVE,BUCKLIN ST,Manuel Vlaun,551,2025-02-20,"Two-Way , Not Divided",Dry,Daylight,Clear,Angle (Front - to - Side) Opposite Direction,No,Stop Signs,3,0,No Injury,2,,41.80723,-71.42778
921516,2025-00012134,2025-02-20,10:29:00 AM,Vehicle - Vehicle,,Francis St,EXCHANGE TER,Alexander Wagoner,541,2025-02-20,"Two-Way , Not Divided",Dry,Daylight,Clear,Rear End(Front-to-Rear),No,Traffic Control Signal,4,0,No Injury,2,,41.82507,-71.41486
921521,2025-00012193,2025-02-20,3:08:00 PM,Vehicle - Pedestrian,Pedestrian,BROAD ST,MONTGOMERY AVE,Raymond Criner,340,2025-02-20,"Two-Way , Not Divided",Dry,Daylight,Cloudy,Not a Collision Between Two Motor Vehicles in Transport,No,Pavement Markings,3,1,Complains Of Pain,1,,41.78592,-71.40168
921522,2025-00012220,2025-02-20,4:40:00 PM,Vehicle - Parked Vehicle,,VICTOR EMANUEL AVE,JUNE ST,Ian Quinn,102,2025-02-20,"Two-Way , Not Divided",Dry,Daylight,Clear,"Sideswipe, Same Direction","Yes, M/V and Driver Left Scene",No Controls,3,0,No Injury,2,,41.86073,-71.42603
921523,2025-00012258,2025-02-20,7:40:00 PM,Vehicle - Vehicle,,ARMINGTON AVE,PEMBERTON ST,Arthur Lima,126,2025-02-20,"Two-Way , Not Divided",Dry,Dark - Lighted,Clear,Unknown,"Yes, M/V and Driver Left Scene",No Controls,1,0,Unknown,2,,41.82715,-71.44473
921524,2025-00012206,2025-02-20,3:47:00 PM,Vehicle - Vehicle,,DUDLEY ST,PLAIN ST,Raymond Criner,340,2025-02-20,"Two-Way , Not Divided",Dry,Daylight,Cloudy,Angle - Direction Not Specified,No,No Controls,8,0,No Injury,2,,41.81027,-71.41091
921525,2025-00012245,2025-02-20,6:57:00 PM,Vehicle - Parked Vehicle,,WATERMAN AVE,WATERMAN AVE,Ricardo Sanchez,632,2025-02-20,Unknown,Dry,Dark - Lighted,Clear,Unknown,"Yes, M/V and Driver Left Scene",No Controls,1,0,No Injury,2,,41.82609,-71.3784
922770,2025-00012117,2025-02-20,9:03:00 AM,Vehicle - Vehicle,,VALLEY ST,EAGLE ST,Kyana Williams,426,2025-03-31,"Two-Way , Not Divided",Dry,Daylight,Clear,Angle (Front - to - Side) Same Direction,No,Traffic Control Signal,3,0,No Injury,2,,41.82732,-71.43661
921514,2025-00012051,2025-02-19,6:00:00 PM,Vehicle - Object,,BENEFIT ST,THOMAS ST,Jason Clancy,999,2025-02-20,Unknown,Dry,Dark - Unknown Lighting,Clear,Unknown,No,Unknown,2,0,Unknown,1,,41.82772,-71.40776
921502,2025-00011969,2025-02-19,2:51:00 PM,Vehicle - Parked Vehicle,,MEETING ST,BROOK ST,Ricardo Sanchez,632,2025-02-19,"Two-Way , Not Divided",Ice/Frost,Daylight,Clear,"Sidwswipe, Opposite Direction",No,No Controls,2,0,No Injury,2,2,41.82924,-71.39955
921503,2025-00012008,2025-02-19,5:30:00 PM,Vehicle - Vehicle,,Union Ave,WHITEHALL ST,Ruben Morales,685,2025-02-19,"Two-Way , Not Divided",Dry,Dark - Lighted,Clear,Angle (Front - to - Side) Right Angle (Includes Broadside),No,Stop Signs,5,0,No Injury,2,,41.80778,-71.4439
921504,2025-00011983,2025-02-19,3:38:00 PM,Vehicle - Vehicle,,DEAN ST,UNNAMED_42,Raymond Criner,340,2025-02-19,"Two-Way, Divided, Positive Median Barrier",Dry,Daylight,Clear,Angle (Front - to - Side) Right Angle (Includes Broadside),No,Pavement Markings,4,1,Complains Of Pain,2,,41.83023,-71.42763
921506,2025-00012027,2025-02-19,7:38:00 PM,Vehicle - Vehicle,,RUGGLES ST,CHALKSTONE AVE,Tyler Cargill,619,2025-02-19,"Two-Way , Not Divided",Dry,Dark - Lighted,Clear,Angle (Front - to - Side) Right Angle (Includes Broadside),No,Stop Signs,3,1,Complains Of Pain,2,,41.83616,-71.42824
921507,2025-00011905,2025-02-19,9:19:00 AM,Vehicle - Vehicle,,SMITHFIELD AVE,SILVER SPRING ST,Gustavo Genao,135,2025-02-20,"Two-Way, Divided, Positive Median Barrier",Dry,Daylight,Clear,Angle (Front - to - Side) Same Direction,No,Traffic Control Signal,3,0,No Injury,2,,41.85662,-71.41082
921508,2025-00011941,2025-02-19,12:34:00 PM,Vehicle - Parked Vehicle,,PINE ST,PEARL ST,Victor Tavarez,564,2025-02-20,One-Way Trafficway,Dry,Daylight,Clear,"Sideswipe, Same Direction",No,No Controls,2,0,No Injury,2,,41.81351,-71.41861
921493,2025-00011858,2025-02-19,12:49:00 AM,Vehicle - Object,,MINK RD,SHARON ST,Ralph Abenante,511,2025-02-19,"Two-Way , Not Divided",Dry,Dark - Lighted,Clear,Not a Collision Between Two Motor Vehicles in Transport,"Yes, M/V and Driver Left Scene",No Controls,2,0,No Injury,1,,41.8475,-71.44297
921499,2025-00011911,2025-02-19,9:45:00 AM,Vehicle - Vehicle,,CAMDEN AVE,VALE ST,Albert Pereira,111,2025-02-19,"Two-Way , Not Divided",Dry,Daylight,Clear,Other,No,No Controls,3,0,No Injury,2,,41.83696,-71.42597
921500,2025-00011923,2025-02-19,10:46:00 AM,Vehicle - Vehicle,,CALVERLY ST,SMITH ST,Albert Pereira,111,2025-02-19,"Two-Way , Not Divided",Dry,Daylight,Clear,Angle (Front - to - Side) Right Angle (Includes Broadside),No,No Controls,3,0,No Injury,2,,41.8332,-71.42056
921531,2025-00011951,2025-02-19,1:27:00 PM,Vehicle - Vehicle,,LEXINGTON AVE,NIAGARA ST,Lucio Andreozzi,381,2025-02-21,"Two-Way , Not Divided",Ice/Frost,Daylight,Clear,Rear - to - Side,No,No Controls,3,0,No Injury,2,,41.79904,-71.41965
921530,2025-00011721,2025-02-18,12:27:00 PM,Vehicle - Vehicle,,POINT ST,CHESTNUT ST,Lucio Andreozzi,381,2025-02-21,"Two-Way , Not Divided",Dry,Daylight,Clear,Angle (Front - to - Side) Right Angle (Includes Broadside),No,Stop Signs,3,0,No Injury,2,,41.81626,-71.408
921520,2025-00012185,2025-02-18,8:30:00 AM,Vehicle - Vehicle,,BLACKSTONE BLVD,,Jason Clancy,999,2025-02-20,Unknown,Dry,Daylight,Clear,Rear - to - Rear,No,Unknown,2,0,Unknown,2,,,
921606,2025-00012677,2025-02-18,12:00:00 PM,Vehicle - Parked Vehicle,,TRAVERSE ST,WICKENDEN ST,Jason Clancy,999,2025-02-24,One-Way Trafficway,Unknown,Daylight,Clear,Other,No,Unknown,4,0,Unknown,2,,41.81938,-71.39969
921494,2025-00011750,2025-02-18,3:09:00 PM,Vehicle - Vehicle,,496 EDDY ST,,Ptlw. Martinez,146,2025-02-19,One-Way Trafficway,Ice/Frost,Daylight,Clear,Rear End(Front-to-Rear),No,No Controls,6,1,Complains Of Pain,2,,,
921498,2025-00011700,2025-02-18,11:03:00 AM,Vehicle - Vehicle,,CHALKSTONE AVE,OAKLAND AVE,Jeann Lugo,543,2025-02-19,"Two-Way , Not Divided",Dry,Daylight,Clear,Angle (Front - to - Side) Same Direction,No,Traffic Control Signal,3,1,Complains Of Pain,2,,41.83419,-71.43024
921488,2025-00011756,2025-02-18,3:37:00 PM,Vehicle - Vehicle,,KILLINGLY ST,KILLINGLY ST,Raymond Criner,340,2025-02-18,"Two-Way , Not Divided",Dry,Daylight,Clear,Angle (Front - to - Side) Right Angle (Includes Broadside),No,Pavement Markings,5,2,Complains Of Pain,2,,41.82042,-71.4692
921490,2025-00011809,2025-02-18,8:01:00 PM,Vehicle - Vehicle,,ANDERSON ST,MANTON AVE,Terrence Gibson,610,2025-02-18,"Two-Way , Not Divided",Dry,Dark - Lighted,Clear,Other,No,No Controls,4,0,No Injury,2,,41.8227,-71.45018
921491,2025-00011842,2025-02-18,11:23:00 PM,Vehicle - Vehicle,,STATE HWY 10,CRANSTON ST,Tyler Cargill,619,2025-02-18,One-Way Trafficway,Dry,Dark - Lighted,Clear,Rear End(Front-to-Rear),No,Traffic Control Signal,3,0,No Injury,2,,41.8038,-71.43917
921492,2025-00011701,2025-02-18,11:05:00 AM,Vehicle - Vehicle,,Steeple St,MEMORIAL BLVD,Alexander Wagoner,541,2025-02-18,One-Way Trafficway,Dry,Daylight,Clear,"Sideswipe, Same Direction",No,Traffic Control Signal,3,1,Complains Of Pain,2,,41.82678,-71.41061
921477,2025-00011694,2025-02-18,10:58:00 AM,Vehicle - Vehicle,,NORTH MAIN STREET,FIFTH STREET,Joseph Madeira,552,2025-02-18,"Two-Way, Divided, Positive Median Barrier",Dry,Daylight,Clear,Angle (Front - to - Side) Same Direction,No,No Controls,4,0,No Injury,2,,41.83777,-71.41636
921482,2025-00011713,2025-02-18,11:55:00 AM,Vehicle - Vehicle,,HIGHLAND AVENUE,6TH STREET,Joseph Madeira,552,2025-02-18,"Two-Way , Not Divided",Dry,Daylight,Clear,Angle (Front - to - Side) Opposite Direction,No,Stop Signs,2,0,No Injury,2,,,
921484,2025-00011749,2025-02-18,2:52:00 PM,Vehicle - Vehicle,,CHARLES ST,BRANCH AVE,Ptlm. Labutti,104,2025-02-18,"Two-Way , Not Divided",Dry,Daylight,Clear,Rear End(Front-to-Rear),No,Traffic Control Signal,3,0,No Injury,2,,41.85029,-71.41998
921485,2025-00011744,2025-02-18,2:51:00 PM,Vehicle - Vehicle,,elmwood ave,DABOLL ST,Tyler Calandra,418,2025-02-18,"Two-Way , Not Divided",Dry,Daylight,Clear,Rear End(Front-to-Rear),No,No Controls,4,2,Complains Of Pain,3,,41.8042,-71.42554
921486,2025-00011755,2025-02-18,2:44:00 PM,Vehicle - Vehicle,,BRANCH AVE,BRANCH AVE EXIT,John Palmer,101,2025-02-18,"Two-Way , Not Divided",Dry,Daylight,Clear,"Sideswipe, Same Direction","Yes, M/V and Driver Left Scene",Traffic Control Signal,2,0,No Injury,2,,41.85338,-71.42771
923886,2025-00011815,2025-02-18,8:15:00 PM,Vehicle - Vehicle,,Allens Ave,Ernest St.,Andrew Brodeur,158,2025-05-03,"Two-Way , Not Divided",Dry,Dark - Lighted,Clear,Angle (Front - to - Side) Opposite Direction,No,No Controls,2,0,No Injury,2,2,,
921454,2025-00011471,2025-02-17,8:04:00 AM,Vehicle - Vehicle,,Memorial Blvd,STEEPLE ST,Alexander Wagoner,541,2025-02-17,"Two-Way, Divided, Positive Median Barrier",Ice/Frost,Daylight,Clear,Rear End(Front-to-Rear),No,Traffic Control Signal,4,0,No Injury,2,,41.82678,-71.41066
921455,2025-00011491,2025-02-17,11:02:00 AM,Vehicle - Parked Vehicle,,257 ives st,E GEORGE ST,Louis Gianfrancesco,350,2025-02-17,"Two-Way , Not Divided",Snow,Daylight,Clear,"Sideswipe, Same Direction",No,No Controls,2,0,No Injury,2,2,41.82552,-71.3926
921456,2025-00011489,2025-02-17,10:57:00 AM,Vehicle - Pedestrian,Pedestrian,DUDLEY ST,CULVER ST,Serge Bouyssou,105,2025-02-17,"Two-Way , Not Divided",Dry,Daylight,Severe Crosswinds,Not a Collision Between Two Motor Vehicles in Transport,No,No Controls,4,1,Incapacitating,1,,41.81061,-71.40852
921457,2025-00011486,2025-02-17,10:39:00 AM,Vehicle - Vehicle,,NIANTIC AVE,CRANSTON ST,Victor Tavarez,564,2025-02-17,"Two-Way, Divided, Unprotected (painted>4feet) Medium",Dry,Daylight,Clear,Rear End(Front-to-Rear),No,Traffic Control Signal,4,0,No Injury,3,,41.80338,-71.44
921458,2025-00011493,2025-02-17,11:31:00 AM,Vehicle - Vehicle,,318 chalkstone ave,DOUGLAS AVE,Albert Pereira,111,2025-02-17,"Two-Way , Not Divided",Slush,Daylight,Clear,Rear End(Front-to-Rear),No,No Controls,3,1,Complains Of Pain,2,,41.83631,-71.42024
921459,2025-00011507,2025-02-17,12:58:00 PM,Vehicle - Vehicle,,PLANET ST,S MAIN ST,Louis Gianfrancesco,350,2025-02-17,One-Way Trafficway,Dry,Daylight,Clear,Angle (Front - to - Side) Right Angle (Includes Broadside),No,Stop Signs,3,1,Complains Of Pain,2,2,41.82317,-71.40587
921461,2025-00011543,2025-02-17,3:38:00 PM,Vehicle - Parked Vehicle,,WHITMARSH ST,BUCKLIN ST,Brendan O'Brien,,2025-02-17,"Two-Way , Not Divided",Dry,Daylight,Clear,Rear - to - Side,"Yes, M/V and Driver Left Scene",No Controls,2,0,No Injury,2,,41.80596,-71.42509
921463,2025-00011530,2025-02-17,2:31:00 PM,Vehicle - Pedestrian,Pedestrian,COLONIAL RD,CAMP ST,Ruben Morales,685,2025-02-17,"Two-Way , Not Divided",Dry,Daylight,Clear,"Sideswipe, Same Direction","Yes, Driver Left Scene",No Controls,2,0,No Injury,2,,,
921464,2025-00011564,2025-02-17,5:12:00 PM,Vehicle - Vehicle,,150 Douglas Ave,,Mark Roman,120,2025-02-17,"Two-Way , Not Divided",Dry,Daylight,Clear,Angle (Front - to - Side) Right Angle (Includes Broadside),No,No Controls,2,0,No Injury,2,,,
921465,2025-00011571,2025-02-17,5:45:00 PM,Vehicle - Vehicle,,ATWELLS AVE,JOHN J PARDINGTON,Sean Cooney,523,2025-02-17,"Two-Way , Not Divided",Dry,Dark - Lighted,Clear,Rear End(Front-to-Rear),No,Traffic Control Signal,3,0,No Injury,2,,,
921466,2025-00011603,2025-02-17,8:39:00 PM,Vehicle - Vehicle,,BLACKSTONE STREET,PRAIRIE AVE,Manuel Tueros,621,2025-02-17,"Two-Way , Not Divided",Dry,Dark - Lighted,Clear,Angle (Front - to - Side) Opposite Direction,No,Stop Signs,4,1,Complains Of Pain,2,,41.8093,-71.41583
921467,2025-00011617,2025-02-17,10:35:00 PM,Vehicle - Pedestrian,Pedestrian,BROAD ST,PINE ST,Lane,109,2025-02-17,"Two-Way , Not Divided",Dry,Dark - Lighted,Clear,Not a Collision Between Two Motor Vehicles in Transport,"Yes, M/V and Driver Left Scene",No Controls,1,1,Complains Of Pain,1,,41.81167,-71.42151
921468,2025-00011623,2025-02-17,10:37:00 PM,Vehicle - Vehicle,,UNNAMED_42,DEAN ST,Johnson,622,2025-02-17,Unknown,Dry,Dark - Lighted,Clear,Rear End(Front-to-Rear),"Yes, M/V and Driver Left Scene",No Controls,3,0,No Injury,2,,41.8303,-71.42747
921475,2025-00011566,2025-02-17,3:00:00 PM,Vehicle - Vehicle,,MEMORIAL BLVD,COLLEGE ST,Jason Clancy,999,2025-02-18,Unknown,Dry,Daylight,Clear,"Sideswipe, Same Direction","Yes, M/V and Driver Left Scene",Unknown,1,0,Unknown,2,,41.8253,-71.40882
921476,2025-00011524,2025-02-17,1:52:00 PM,Vehicle - Vehicle,,ANGELL ST,CONGDON ST,Jeann Lugo,543,2025-02-18,One-Way Trafficway,Dry,Daylight,Clear,Rear End(Front-to-Rear),"Yes, M/V and Driver Left Scene",No Controls,2,0,No Injury,2,,41.82759,-71.40669
921540,2025-00011560,2025-02-17,4:38:00 PM,Vehicle - Parked Vehicle,,BROAD ST,BROAD ST,Johansell Montilla,627,2025-02-21,Unknown,Dry,Daylight,Clear,Not a Collision Between Two Motor Vehicles in Transport,No,No Controls,4,0,No Injury,2,,41.80675,-71.42009
922658,2025-00011578,2025-02-17,8:00:00 PM,Vehicle - Vehicle,,Thurbers Ave,Eddy st,Conor Fleurant,171,2025-03-26,"Two-Way, Divided, Positive Median Barrier",Dry,Dark - Lighted,Clear,Rear End(Front-to-Rear),No,Traffic Control Signal,2,0,No Injury,2,2,,
922918,2025-00023164,2025-02-17,12:36:00 PM,Vehicle - Parked Vehicle,,N MAIN ST,,Jason Clancy,999,2025-04-04,Unknown,Unknown,Daylight,Clear,Unknown,"Yes, M/V and Driver Left Scene",Unknown,2,0,Unknown,2,,,
921450,2025-00011423,2025-02-16,11:42:00 PM,Vehicle - Vehicle,,BROAD ST,SERVICE ROAD 8,Lucas Ramalho,507,2025-02-17,"Two-Way , Not Divided",Wet,Dark - Lighted,Clear,Angle (Front - to - Side) Right Angle (Includes Broadside),No,Traffic Control Signal,2,1,Complains Of Pain,2,,41.81796,-71.41629
921469,2025-00011293,2025-02-16,2:56:00 AM,Vehicle - Vehicle,,OLNEYVILLE SQ,HARTFORD AVE,Luis Boror,575,2025-02-18,"Two-Way , Not Divided",Slush,Dark - Lighted,"Sleet, Hail (Freezing Rain or Drizzle)",Angle (Front - to - Side) Right Angle (Includes Broadside),No,Traffic Control Signal,2,0,No Injury,2,,41.81668,-71.44385
921441,2025-00011331,2025-02-16,11:59:00 AM,Vehicle - Vehicle,,SARATOGA ST,BAXTER ST,Gustavo Genao,135,2025-02-16,"Two-Way , Not Divided",Slush,Daylight,Rain,Other,No,No Controls,5,0,No Injury,2,,41.80426,-71.41863
921443,2025-00011363,2025-02-16,3:40:00 PM,Vehicle - Vehicle,,Hartford Ave,LAUREL HILL AVE,Alexander Frias,669,2025-02-16,"Two-Way , Not Divided",Slush,Daylight,Rain,"Sideswipe, Same Direction","Yes, M/V and Driver Left Scene",No Controls,5,0,No Injury,2,,41.81795,-71.45536
921444,2025-00011383,2025-02-16,5:44:00 PM,Vehicle - Vehicle,,LAWRENCE ST,HARLAM ST,Terrence Gibson,610,2025-02-16,One-Way Trafficway,Wet,Dark - Lighted,"Sleet, Hail (Freezing Rain or Drizzle)","Sideswipe, Same Direction","Yes, M/V and Driver Left Scene",No Controls,1,0,Unknown,2,,41.81279,-71.45648
921446,2025-00011388,2025-02-16,6:16:00 PM,Vehicle - Vehicle,,MELISSA ST,BARDEN ST,Alexander Frias,669,2025-02-16,"Two-Way , Not Divided",Slush,Dark - Lighted,Rain,"Sidwswipe, Opposite Direction","Yes, M/V and Driver Left Scene",No Controls,3,0,Unknown,2,,41.81957,-71.46044
921448,2025-00011386,2025-02-16,6:11:00 PM,Vehicle - Vehicle,,BYFIELD ST,RUGBY ST,Jose Cortorreal,604,2025-02-16,"Two-Way , Not Divided",Wet,Dark - Lighted,Rain,Angle (Front - to - Side) Right Angle (Includes Broadside),No,No Controls,4,0,No Injury,3,,41.79606,-71.40673
921453,2025-00011353,2025-02-16,1:56:00 PM,Vehicle - Vehicle,,200 CHARLES STREET,ASHBURTON STREET,Joseph Madeira,552,2025-02-17,One-Way Trafficway,Ice/Frost,Daylight,"Sleet, Hail (Freezing Rain or Drizzle)",Rear End(Front-to-Rear),No,Stop Signs,2,0,No Injury,2,2,41.8361,-71.4155
921512,2025-00011309,2025-02-16,8:25:00 AM,Vehicle - Vehicle,,SERVICE ROAD 8,ATWELLS AVE,Michael Baldassare,568,2025-02-20,"Two-Way , Not Divided",Slush,Daylight,Rain,Angle (Front - to - Side) Same Direction,No,No Controls,3,0,No Injury,2,,41.82303,-71.41951
921435,2025-00011274,2025-02-16,1:15:00 AM,Vehicle - Pedestrian,Pedestrian,manton ave,DEARBORN ST,Kyle Baxter,634,2025-02-16,"Two-Way , Not Divided",Snow,Dark - Lighted,Snow,Not a Collision Between Two Motor Vehicles in Transport,"Yes, Driver Left Scene",No Controls,1,0,Unknown,1,,41.82469,-71.45305
921437,2025-00011266,2025-02-16,12:23:00 AM,Vehicle - Parked Vehicle,,Everett Ave,ARLINGTON AVE,Mendez,675,2025-02-16,"Two-Way , Not Divided",Snow,Dark - Lighted,Snow,Rear End(Front-to-Rear),No,No Controls,3,0,No Injury,2,,41.83513,-71.39502
921438,2025-00011282,2025-02-16,1:49:00 AM,Vehicle - Vehicle,,ORMS ST,ORMS ST EXIT,Aidan Pendergast,651,2025-02-16,"Two-Way , Not Divided",Slush,Dark - Lighted,Snow,Head-On (Front - to - Front),No,No Controls,2,0,No Injury,2,,41.83458,-71.41665
921439,2025-00011263,2025-02-16,12:06:00 AM,Vehicle - Vehicle,,GANO ST,WICKENDEN ST,Carla Pineyro,661,2025-02-16,"Two-Way, Divided, Unprotected (painted>4feet) Medium",Snow,Dark - Lighted,Snow,Rear End(Front-to-Rear),No,No Controls,4,0,No Injury,2,,41.82049,-71.38959
921436,2025-00011256,2025-02-15,10:42:00 PM,Vehicle - Object,,waterman st,BUTLER AVE,Hannabeth Mendez,675,2025-02-15,"Two-Way , Not Divided",Snow,Dark - Lighted,Snow,Other,No,No Controls,3,0,No Injury,1,,41.82809,-71.38557
921420,2025-00011201,2025-02-15,4:15:00 PM,Vehicle - Parked Vehicle,,1 Cunningham Sq,,Louis Prete,522,2025-02-15,"Two-Way , Not Divided",Dry,Dusk,Clear,"Sideswipe, Same Direction","Yes, M/V and Driver Left Scene",No Controls,2,0,No Injury,2,,,
921421,2025-00011213,2025-02-15,5:40:00 PM,Vehicle - Vehicle,,BRANCH AVE,BRANCH AVE EXIT,Ptlm. Labutti,104,2025-02-15,"Two-Way , Not Divided",Snow,Dark - Lighted,Snow,"Sideswipe, Same Direction",No,Traffic Control Signal,2,0,No Injury,2,,41.85276,-71.42576
921424,2025-00011222,2025-02-15,6:40:00 PM,Vehicle - Vehicle,,POCASSET AVE,LOWELL AVE,Matthew Carlone,602,2025-02-15,"Two-Way , Not Divided",Snow,Dark - Lighted,Snow,Rear End(Front-to-Rear),No,No Controls,3,0,No Injury,2,,41.80976,-71.45478
921425,2025-00011218,2025-02-15,6:22:00 PM,Vehicle - Vehicle,,SMITHFIELD AVENUE,SMITHFIELD AVE,Ricardo Sanchez,632,2025-02-15,"Two-Way , Not Divided",Snow,Dark - Lighted,Snow,"Sidwswipe, Opposite Direction",No,No Controls,4,0,No Injury,2,2,41.85494,-71.40476
921426,2025-00011219,2025-02-15,6:33:00 PM,Vehicle - Vehicle,,UNION AVE,PLAINFIELD ST,Alexander Frias,669,2025-02-15,"Two-Way , Not Divided",Snow,Dark - Lighted,Blowing Snow,Rear End(Front-to-Rear),No,No Controls,3,0,No Injury,2,,41.80882,-71.4631
921428,2025-00011235,2025-02-15,8:10:00 PM,Vehicle - Vehicle,,Oakland Avenue,Smith Street,Robert Raso,606,2025-02-15,"Two-Way , Not Divided",Snow,Dark - Lighted,Snow,Rear End(Front-to-Rear),No,Traffic Control Signal,5,0,No Injury,2,,,
921430,2025-00011234,2025-02-15,7:57:00 PM,Vehicle - Vehicle,,COLLEGE ST,COLLEGE ST,Kelsey Woodbine,633,2025-02-15,One-Way Trafficway,Snow,Dark - Lighted,Snow,Rear End(Front-to-Rear),No,Traffic Control Signal,5,0,No Injury,2,,41.82564,-71.40784
921431,2025-00011168,2025-02-15,2:43:00 PM,Vehicle - Parked Vehicle,,CROMWELL ST,BUCKLIN ST,Peyton Ginolfi,657,2025-02-15,"Two-Way , Not Divided",Dry,Daylight,Clear,"Sideswipe, Same Direction","Yes, M/V and Driver Left Scene",No Controls,1,0,Unknown,2,,41.8088,-71.42499