CrashReportId,ReportNumber,CrashDate,CrashTime,TypeOfCollision,Collision Type,StreetOrHighway,NearestIntersection,Officer,Badge,ReportDate,TypeOfRoadway,RoadSurfaceCondition,LightCondition,WeatherCondition,MannerofImpact,HitAndRun,TrafficControl,PersonCount,InjuryCount,MostSeriousInjury,NumberofVehicles,NumberOfLanes,Latitude,Longitude
921432,2025-00011247,2025-02-15,9:11:00 PM,Vehicle - Vehicle,,ATWELLS AVE,KNIGHT ST,Sean Cooney,523,2025-02-15,"Two-Way , Not Divided",Snow,Dark - Lighted,Snow,Rear End(Front-to-Rear),No,No Controls,2,0,No Injury,2,,,
921404,2025-00011097,2025-02-15,3:43:00 AM,Vehicle - Object,,44 Salina Street,SUFFOLK ST,Brian Aucoin,113,2025-02-15,"Two-Way , Not Divided",Dry,Dark - Lighted,Clear,Not a Collision Between Two Motor Vehicles in Transport,No,No Controls,2,0,No Injury,1,,41.84389,-71.4217
921405,2025-00011076,2025-02-15,2:04:00 AM,Vehicle - Vehicle,,ATWELLS AVE,BOND ST,Marcelo Suarez,689,2025-02-15,"Two-Way, Divided, Positive Median Barrier",Dry,Dark - Lighted,Clear,Angle (Front - to - Side) Opposite Direction,No,No Controls,2,0,No Injury,2,,41.82333,-71.42318
921406,2025-00011078,2025-02-15,2:11:00 AM,Vehicle - Parked Vehicle,,10 DORRANCE ST,FULTON ST,Shaolin Herr,556,2025-02-15,"Two-Way , Not Divided",Dry,Dark - Lighted,Clear,Rear End(Front-to-Rear),"Yes, M/V and Driver Left Scene",Traffic Control Signal,2,1,Complains Of Pain,2,,41.82408,-71.41229
921407,2025-00011137,2025-02-15,11:23:00 AM,Vehicle - Parked Vehicle,,17 tobyhanna st,NIANTIC AVE,Serge Bouyssou,105,2025-02-15,"Two-Way , Not Divided",Dry,Daylight,Clear,Rear - to - Side,No,No Controls,2,0,No Injury,2,,41.79162,-71.43656
921412,2025-00011161,2025-02-15,1:38:00 PM,Vehicle - Vehicle,,POINT ST,BEACON AVE,Ptlm. Castagliuolo,351,2025-02-15,"Two-Way , Not Divided",Dry,Daylight,Clear,Angle (Front - to - Side) Right Angle (Includes Broadside),No,Traffic Control Signal,3,1,Complains Of Pain,2,,41.81477,-71.41423
921402,2025-00011065,2025-02-15,1:26:00 AM,Vehicle - Vehicle,,108 NORTH MAIN STREET,MEETING STREET,Carla Pineyro,661,2025-02-15,One-Way Trafficway,Dry,Dark - Lighted,Clear,"Sideswipe, Same Direction","Yes, M/V and Driver Left Scene",No Controls,1,0,No Injury,2,2,,
921418,2025-00011174,2025-02-15,3:06:00 PM,Vehicle - Parked Vehicle,,VAUGHN ST,NORTHUP AVE,Ptlm. Labutti,104,2025-02-15,"Two-Way , Not Divided",Dry,Daylight,Cloudy,"Sidwswipe, Opposite Direction","Yes, M/V and Driver Left Scene",No Controls,1,0,Unknown,2,,41.85171,-71.41528
921517,2025-00012122,2025-02-15,3:55:00 PM,Vehicle - Vehicle,,FRIENDSHIP ST,MYRTLE ST,Jason Clancy,999,2025-02-20,Unknown,Dry,Daylight,Clear,Rear End(Front-to-Rear),No,Unknown,4,0,Unknown,2,,,
921449,2025-00011233,2025-02-15,7:47:00 PM,Vehicle - Vehicle,,THURBERS AVE,EDDY ST,Jose Cortorreal,604,2025-02-16,"Two-Way , Not Divided",Snow,Dark - Lighted,Snow,Angle (Front - to - Side) Right Angle (Includes Broadside),No,No Controls,4,0,No Injury,2,,,
921447,2025-00011248,2025-02-15,9:14:00 PM,Vehicle - Vehicle,,BRANCH AVE,HAWKINS ST,Lucas Ramalho,507,2025-02-16,"Two-Way , Not Divided",Snow,Dark - Lighted,Snow,Rear End(Front-to-Rear),No,Traffic Control Signal,4,0,No Injury,2,,41.85079,-71.42118
921445,2025-00011242,2025-02-15,8:57:00 PM,Vehicle - Vehicle,,WEST EXCHANGE ST,SABIN ST,Christian Main,145,2025-02-16,"Two-Way, Divided, Unprotected (painted>4feet) Medium",Snow,Dark - Lighted,Snow,Angle (Front - to - Side) Same Direction,No,Traffic Control Signal,4,0,No Injury,2,2,,
921471,2025-00011355,2025-02-15,12:25:00 PM,Vehicle - Vehicle,,WEST RIVER AVE,,Jason Clancy,999,2025-02-18,Unknown,Dry,Daylight,Clear,Unknown,"Yes, M/V and Driver Left Scene",Unknown,2,0,Unknown,2,,,
921473,2025-00011502,2025-02-15,1:40:00 PM,Vehicle - Vehicle,,PROVIDENCE PL,,Jason Clancy,999,2025-02-18,Unknown,Dry,Daylight,Clear,Rear - to - Side,No,Unknown,2,0,Unknown,2,,,
921474,2025-00011519,2025-02-15,3:20:00 AM,Vehicle - Object,,LONGMONT ST,SALINA ST,Jason Clancy,999,2025-02-18,Unknown,Snow,Dark - Unknown Lighting,Snow,Unknown,No,Unknown,2,0,Unknown,1,,41.8454,-71.42317
921565,2025-00011238,2025-02-15,8:45:00 PM,Vehicle - Vehicle,,SUPERIOR ST,CRANSTON ST,Stephen Noti,119,2025-02-22,"Two-Way , Not Divided",Dry,Dark - Lighted,Clear,Angle (Front - to - Side) Right Angle (Includes Broadside),"Yes, M/V and Driver Left Scene",No Controls,2,0,No Injury,2,,41.81042,-71.43262
921893,2025-00015053,2025-02-15,9:40:00 PM,Vehicle - Vehicle,,HARTFORD AVE,HARTFORD AVE,Jason Clancy,999,2025-03-04,"Two-Way , Not Divided",Snow,Dark - Unknown Lighting,Snow,Rear - to - Side,No,Unknown,1,0,Unknown,2,,41.81889,-71.46097
921451,2025-00010892,2025-02-14,1:20:00 PM,Vehicle - Vehicle,,ASHBURTON ST,ASHBURTON ST,Yesenia Caba,549,2025-02-17,One-Way Trafficway,Slush,Daylight,Clear,"Sideswipe, Same Direction",No,No Controls,3,0,No Injury,2,,41.83643,-71.41358
921452,2025-00010812,2025-02-14,12:19:00 PM,Vehicle - Vehicle,,EDDY ST,DUDLEY ST,Ptlw. Kawejsza,118,2025-02-17,"Two-Way, Divided, Unprotected (painted>4feet) Medium",Dry,Daylight,Clear,Rear End(Front-to-Rear),No,Traffic Control Signal,3,0,No Injury,2,,,
921442,2025-00010889,2025-02-14,1:13:00 PM,Vehicle - Parked Vehicle,,Hartford Ave,GLENBRIDGE AVE,Ajay Subramaniam,569,2025-02-16,"Two-Way , Not Divided",Dry,Daylight,Clear,Not a Collision Between Two Motor Vehicles in Transport,No,No Controls,3,0,No Injury,2,,41.81902,-71.4619
921462,2025-00010925,2025-02-14,3:50:00 PM,Vehicle - Parked Vehicle,,JULIAN ST,KOSSUTH ST,Ruben Morales,685,2025-02-17,"Two-Way , Not Divided",Dry,Daylight,Clear,Rear End(Front-to-Rear),No,No Controls,2,0,No Injury,2,,41.82189,-71.44502
921518,2025-00010895,2025-02-14,1:36:00 PM,Vehicle - Vehicle,,Opper st,SOCIAL ST,Albert Pereira,111,2025-02-20,"Two-Way , Not Divided",Dry,Daylight,Clear,Angle (Front - to - Side) Right Angle (Includes Broadside),"Yes, M/V and Driver Left Scene",No Controls,3,0,No Injury,2,,41.85383,-71.42201
921526,2025-00010950,2025-02-14,5:10:00 PM,Vehicle - Vehicle,,WASHINGTON ST/ DEAN ST,DEAN ST,Andrew Mitura,605,2025-02-20,"Two-Way , Not Divided",Dry,Daylight,Clear,Angle (Front - to - Side) Right Angle (Includes Broadside),No,No Controls,2,0,No Injury,2,,41.81907,-71.42074
921478,2025-00011177,2025-02-14,8:30:00 PM,Vehicle - Parked Vehicle,,BRADFORD ST,FEDERAL ST,Jason Clancy,999,2025-02-18,Unknown,Dry,Dark - Unknown Lighting,Clear,Unknown,"Yes, M/V and Driver Left Scene",Unknown,1,0,Unknown,2,,41.82219,-71.42193
921480,2025-00011684,2025-02-14,4:09:00 PM,Vehicle - Vehicle,,SERVICE ROAD 8,ATWELLS AVE,Quincy Griffin,970,2025-02-18,One-Way Trafficway,Dry,Daylight,Clear,"Sideswipe, Same Direction",No,Unknown,2,0,Unknown,2,,41.82303,-71.41951
921481,2025-00010982,2025-02-14,5:28:00 PM,Vehicle - Parked Vehicle,,PRATT ST,JENCKES ST,Jason Clancy,999,2025-02-18,Unknown,Dry,Dark - Lighted,Clear,Rear End(Front-to-Rear),"Yes, M/V and Driver Left Scene",Unknown,1,0,Unknown,2,,41.8327,-71.40828
921419,2025-00010983,2025-02-14,7:31:00 PM,Vehicle - Parked Vehicle,,MERINO ST,HARTFORD AVE,Alexander Frias,669,2025-02-15,"Two-Way , Not Divided",Dry,Dark - Unknown Lighting,Clear,"Sideswipe, Same Direction","Yes, M/V and Driver Left Scene",No Controls,2,0,Unknown,2,,41.81863,-71.45912
921403,2025-00011007,2025-02-14,9:50:00 PM,Vehicle - Vehicle,,Oakland Ave,HIGGINS AVE,Aidan Pendergast,651,2025-02-15,"Two-Way , Not Divided",Dry,Dark - Lighted,Clear,Angle (Front - to - Side) Right Angle (Includes Broadside),No,No Controls,2,0,No Injury,2,,41.83481,-71.4303
921394,2025-00010922,2025-02-14,3:35:00 PM,Vehicle - Vehicle,,SMITHFEILD AVENUE,NELLIE STREET,Ian Quinn,102,2025-02-14,"Two-Way , Not Divided",Dry,Daylight,Clear,Angle (Front - to - Side) Right Angle (Includes Broadside),No,No Controls,3,0,No Injury,2,5,,
921395,2025-00010959,2025-02-14,6:05:00 PM,Vehicle - Vehicle,,BROADWAY,HARRIS AVE,Matthew LeClerc,180,2025-02-14,"Two-Way , Not Divided",Dry,Dark - Lighted,Clear,Rear End(Front-to-Rear),No,No Controls,2,0,No Injury,2,2,41.81705,-71.44029
921396,2025-00010920,2025-02-14,3:41:00 PM,Vehicle - Vehicle,,WATERMAN ST,BUTLER AVE,Luis Pelaez,336,2025-02-14,One-Way Trafficway,Dry,Daylight,Clear,"Sideswipe, Same Direction",No,No Controls,4,0,No Injury,2,,41.82825,-71.38642
921397,2025-00010907,2025-02-14,2:49:00 PM,Vehicle - Pedestrian,Pedestrian,POCASSET AVE,WHAT CHEER AVE,Ruben Morales,685,2025-02-14,"Two-Way , Not Divided",Dry,Daylight,Clear,"Sideswipe, Same Direction","Yes, M/V and Driver Left Scene",No Controls,3,0,No Injury,2,,41.80687,-71.45678
921398,2025-00010963,2025-02-14,6:26:00 PM,Vehicle - Vehicle,,Broad St,Somerset ST,Gerry Kue,393,2025-02-14,"Two-Way, Divided, Positive Median Barrier",Dry,Dark - Lighted,Clear,"Sideswipe, Same Direction","Yes, M/V and Driver Left Scene",No Controls,2,0,No Injury,2,,41.81338,-71.42161
921391,2025-00010940,2025-02-14,4:10:00 PM,Vehicle - Vehicle,,BROAD ST,BROAD ST,Brad McParlin,395,2025-02-14,"Two-Way , Not Divided",Dry,Daylight,Clear,"Sideswipe, Same Direction","Yes, M/V and Driver Left Scene",No Controls,2,0,No Injury,2,,41.81294,-71.42174
921392,2025-00010912,2025-02-14,3:14:00 PM,Vehicle - Pedestrian,Pedestrian,YALE AVE,LEAH ST,Colby Berciano,671,2025-02-14,"Two-Way , Not Divided",Dry,Daylight,Clear,"Sideswipe, Same Direction",No,No Controls,8,0,No Injury,2,,41.82677,-71.45146
921400,2025-00010977,2025-02-14,7:02:00 PM,Vehicle - Vehicle,,ATWELLS AVE,DEAN ST,Lucas Ramalho,507,2025-02-14,"Two-Way , Not Divided",Dry,Dark - Lighted,Clear,Rear End(Front-to-Rear),"Yes, M/V and Driver Left Scene",Traffic Control Signal,2,0,No Injury,2,,41.8234,-71.4243
921427,2025-00011013,2025-02-14,10:08:00 PM,Vehicle - Vehicle,,FRANCIS ST,FINANCE WAY,Christian Main,145,2025-02-15,"Two-Way, Divided, Unprotected (painted>4feet) Medium",Dry,Dark - Lighted,Clear,Rear End(Front-to-Rear),No,No Controls,9,0,No Injury,4,4,,
921369,2025-00010825,2025-02-14,8:05:00 AM,Vehicle - Vehicle,,Gano,Williams,Martin Hames,536,2025-02-14,"Two-Way , Not Divided",Ice/Frost,Daylight,Clear,Rear End(Front-to-Rear),No,No Controls,5,0,No Injury,2,,,
921374,2025-00010864,2025-02-14,11:54:00 AM,Vehicle - Vehicle,,FRIENDSHIP ST,SUMMER ST,Ptlw. Kawejsza,118,2025-02-14,One-Way Trafficway,Dry,Daylight,Clear,"Sideswipe, Same Direction",No,No Controls,4,0,No Injury,2,,41.81511,-71.41603
921375,2025-00010882,2025-02-14,12:34:00 PM,Vehicle - Parked Vehicle,,PEARL STREET,PLAIN STREET,Flavio Tavares,371,2025-02-14,"Two-Way , Not Divided",Dry,Daylight,Clear,"Sideswipe, Same Direction","Yes, M/V and Driver Left Scene",Stop Signs,1,0,No Injury,2,,,
921376,2025-00010860,2025-02-14,11:33:00 AM,Vehicle - Vehicle,,EATON ST,DOUGLAS AVE,Jessica Salmeron,356,2025-02-14,"Two-Way , Not Divided",Dry,Daylight,Clear,Angle (Front - to - Side) Right Angle (Includes Broadside),No,Traffic Control Signal,3,0,No Injury,2,2,41.84092,-71.42726
921381,2025-00010890,2025-02-14,1:18:00 PM,Vehicle - Vehicle,,VALLEY ST,NEWARK ST,Kyana Williams,426,2025-02-14,"Two-Way , Not Divided",Dry,Daylight,Clear,Angle (Front - to - Side) Same Direction,No,No Controls,3,1,Complains Of Pain,2,,41.82518,-71.43932
921382,2025-00010910,2025-02-14,3:07:00 PM,Vehicle - Vehicle,,NORTH MAIN ST,CHARLES ST,Patrick Hourahan,243,2025-02-14,"Two-Way , Not Divided",Dry,Daylight,Clear,Angle (Front - to - Side) Right Angle (Includes Broadside),No,Stop Signs,3,0,No Injury,2,,41.8323,-71.41095
921383,2025-00010914,2025-02-14,2:58:00 PM,Vehicle - Vehicle,,webster ave,PLAINFIELD ST,Alexander Frias,669,2025-02-14,"Two-Way , Not Divided",Dry,Daylight,Clear,Rear End(Front-to-Rear),No,No Controls,2,0,No Injury,2,,41.81364,-71.45079
921384,2025-00010901,2025-02-14,2:12:00 PM,Vehicle - Vehicle,,VALLEY ST,RIVER AVE,Ptlm. Castagliuolo,351,2025-02-14,"Two-Way , Not Divided",Dry,Daylight,Clear,Angle (Front - to - Side) Right Angle (Includes Broadside),No,Traffic Control Signal,2,0,No Injury,2,,41.82796,-71.43516
921370,2025-00010637,2025-02-13,1:48:00 PM,Vehicle - Vehicle,,RESERVOIR AVENUE,ROGER WILLIAMS AVE,Eduar Espinal,386,2025-02-14,"Two-Way , Not Divided",Wet,Daylight,Rain,Rear End(Front-to-Rear),No,No Controls,3,0,No Injury,2,,41.78954,-71.42968
921373,2025-00010875,2025-02-13,1:50:00 PM,Vehicle - Vehicle,,ELMWOOD AVE,ROGER WILLIAMS AVE,Jason Clancy,999,2025-02-14,Unknown,Dry,Daylight,Clear,"Sideswipe, Same Direction",No,Unknown,3,0,Unknown,2,,41.78857,-71.42105
921352,2025-00010558,2025-02-13,9:16:00 AM,Vehicle - Vehicle,,MUTUAL ST,ALLEN AVE,Victor Tavarez,564,2025-02-13,"Two-Way, Divided, Unprotected (painted>4feet) Medium",Wet,Daylight,Cloudy,Angle (Front - to - Side) Right Angle (Includes Broadside),No,No Controls,4,1,Complains Of Pain,2,,41.80511,-71.40233
921363,2025-00010658,2025-02-13,3:42:00 PM,Vehicle - Vehicle,,CHALKSTONE AVE,STANDISH AVE,Ruben Morales,685,2025-02-13,"Two-Way , Not Divided",Wet,Daylight,Clear,Rear End(Front-to-Rear),No,No Controls,2,0,No Injury,2,,41.83249,-71.45188
921364,2025-00010725,2025-02-13,8:15:00 PM,Vehicle - Parked Vehicle,,VALLEY ST,AMHERST ST,Lane,109,2025-02-13,"Two-Way , Not Divided",Wet,Dark - Lighted,Clear,Angle (Front - to - Side) Same Direction,No,No Controls,2,1,Non-Incapacitating,2,,41.82258,-71.43992
921365,2025-00010697,2025-02-13,5:48:00 PM,Vehicle - Vehicle,,BATH ST,CALVERLY ST,Raymond Criner,340,2025-02-13,"Two-Way , Not Divided",Wet,Dark - Lighted,Clear,Angle (Front - to - Side) Right Angle (Includes Broadside),No,Stop Signs,4,1,Complains Of Pain,2,,41.83021,-71.42351
921366,2025-00010719,2025-02-13,7:50:00 PM,Vehicle - Object,,CHALKSTONE AVE,BULLOCK RD,Lucas Ramalho,507,2025-02-13,"Two-Way , Not Divided",Wet,Dark - Lighted,Clear,Not a Collision Between Two Motor Vehicles in Transport,"Yes, Driver Left Scene",No Controls,2,1,Complains Of Pain,1,,41.83281,-71.46278
921368,2025-00010608,2025-02-13,11:43:00 AM,Vehicle - Vehicle,,PUBLIC ST,PLAIN ST,Victor Tavarez,564,2025-02-14,"Two-Way, Divided, Unprotected (painted>4feet) Medium",Dry,Daylight,Clear,Angle (Front - to - Side) Right Angle (Includes Broadside),No,Stop Signs,2,0,No Injury,2,,41.80668,-71.40998
921345,2025-00010541,2025-02-13,7:25:00 AM,Vehicle - Vehicle,,barton street,BROADWAY,Brad McParlin,395,2025-02-13,"Two-Way , Not Divided",Wet,Daylight,Rain,Angle (Front - to - Side) Right Angle (Includes Broadside),No,No Controls,2,0,No Injury,2,,41.81706,-71.43682
921346,2025-00010539,2025-02-13,6:55:00 AM,Vehicle - Vehicle,,Narragansett Blvd,ALLENS AVE,Michelle Chasse,264,2025-02-13,"Two-Way , Not Divided",Wet,Daylight,"Sleet, Hail (Freezing Rain or Drizzle)",Rear End(Front-to-Rear),No,No Controls,3,0,No Injury,2,,41.79095,-71.39664
921350,2025-00010562,2025-02-13,9:30:00 AM,Vehicle - Pedestrian,Pedestrian,DEXTER ST,CRANSTON ST,Joshua Cascione,225,2025-02-13,"Two-Way , Not Divided",Wet,Daylight,Rain,Not a Collision Between Two Motor Vehicles in Transport,"Yes, M/V and Driver Left Scene",No Controls,2,1,Complains Of Pain,1,,41.81241,-71.4295
921355,2025-00010551,2025-02-13,8:45:00 AM,Vehicle - Vehicle,,BRANCH AVE,NORTH MAIN ST,Yesenia Caba,549,2025-02-13,"Two-Way , Not Divided",Wet,Daylight,Cloudy,"Sideswipe, Same Direction",No,No Controls,3,0,No Injury,2,,41.84212,-71.40807
921356,2025-00010614,2025-02-13,12:13:00 PM,Vehicle - Vehicle,,PEARL ST,W CLIFFORD ST,Joshua Cascione,225,2025-02-13,"Two-Way , Not Divided",Wet,Daylight,Rain,Angle (Front - to - Side) Right Angle (Includes Broadside),No,Stop Signs,4,0,No Injury,2,,41.81302,-71.41771
921357,2025-00010566,2025-02-13,9:51:00 AM,Vehicle - Vehicle,,THURBERS AVENUE,BLUNDELL ST,Eduar Espinal,386,2025-02-13,One-Way Trafficway,Wet,Daylight,Rain,"Sideswipe, Same Direction","Yes, M/V and Driver Left Scene",No Controls,3,0,No Injury,2,,41.80004,-71.40509
921358,2025-00010596,2025-02-13,10:22:00 AM,Vehicle - Vehicle,,CHAD BROWN ST,MARCH ST,Jason Clancy,999,2025-02-13,Unknown,Wet,Daylight,Rain,Unknown,No,Unknown,2,0,Unknown,2,,41.84024,-71.42433
921359,2025-00010622,2025-02-13,12:22:00 PM,Vehicle - Vehicle,,ATWELLS AVE,BOND ST,Brad McParlin,395,2025-02-13,"Two-Way , Not Divided",Wet,Daylight,Cloudy,Rear - to - Side,No,No Controls,2,0,No Injury,2,,41.82334,-71.42326
921360,2025-00010588,2025-02-13,11:08:00 AM,Vehicle - Vehicle,,ELMGROVE AVE,WESTFORD RD,Jeann Lugo,543,2025-02-13,"Two-Way , Not Divided",Wet,Daylight,Clear,Angle (Front - to - Side) Right Angle (Includes Broadside),No,Stop Signs,2,0,No Injury,2,,41.84863,-71.39082
921401,2025-00010758,2025-02-13,10:21:00 PM,Vehicle - Parked Vehicle,,237 North Main St,Smith St,Stephen Sage,353,2025-02-15,One-Way Trafficway,Dry,Dark - Not Lighted,Clear,Rear End(Front-to-Rear),"Yes, M/V and Driver Left Scene",No Controls,1,0,No Injury,2,,,
921393,2025-00010714,2025-02-13,7:43:00 PM,Vehicle - Vehicle,,MAGNOLIA ST,TROY ST,Brendan O'Brien,667,2025-02-14,"Two-Way , Not Divided",Dry,Dark - Lighted,Clear,Angle (Front - to - Side) Right Angle (Includes Broadside),"Yes, M/V and Driver Left Scene",Stop Signs,1,0,No Injury,2,,41.81427,-71.44181
921479,2025-00010960,2025-02-13,2:40:00 PM,Vehicle - Parked Vehicle,,POWER ST,BROWN ST,Jason Clancy,999,2025-02-18,Unknown,Slush,Daylight,Cloudy,Unknown,"Yes, M/V and Driver Left Scene",Unknown,1,0,Unknown,2,,41.82284,-71.40264
921470,2025-00011675,2025-02-13,7:45:00 AM,Vehicle - Parked Vehicle,,70 UNION AVE,ALTHEA ST,Jose Deschamps,419,2025-02-18,"Two-Way , Not Divided",Dry,Daylight,Clear,Unknown,No,No Controls,1,0,Unknown,2,,41.80933,-71.43838
921529,2025-00012286,2025-02-13,12:00:00 PM,Vehicle - Parked Vehicle,,BAKER ST,EDDY ST,Jason Clancy,999,2025-02-21,Unknown,Dry,Daylight,Clear,"Sideswipe, Same Direction","Yes, M/V and Driver Left Scene",Unknown,1,0,Unknown,2,,41.79259,-71.40391
921472,2025-00011400,2025-02-12,10:28:00 PM,Vehicle - Vehicle,,PARKIS AVE,BROAD ST,Jason Clancy,999,2025-02-18,Unknown,Dry,Dark - Unknown Lighting,Clear,Rear End(Front-to-Rear),"Yes, M/V and Driver Left Scene",Unknown,2,0,Unknown,2,,41.80915,-71.42085
921487,2025-00010394,2025-02-12,2:24:00 PM,Vehicle - Vehicle,,BROAD ST,I 95 S,Johansell Montilla,627,2025-02-18,"Two-Way, Divided, Unprotected (painted>4feet) Medium",Dry,Daylight,Clear,Rear End(Front-to-Rear),"Yes, M/V and Driver Left Scene",Traffic Control Signal,2,0,No Injury,2,,41.79429,-71.4098
921440,2025-00010309,2025-02-12,8:26:00 AM,Vehicle - Vehicle,,PINE ST,FOSTER ST,Lucio Andreozzi,381,2025-02-16,One-Way Trafficway,Dry,Daylight,Clear,Rear End(Front-to-Rear),No,No Controls,4,0,No Injury,2,,41.81783,-71.41447
921351,2025-00010376,2025-02-12,1:42:00 PM,Vehicle - Vehicle,,POWER ST,HOPE ST,Michael Cifuentes,330,2025-02-13,"Two-Way , Not Divided",Dry,Daylight,Clear,Angle (Front - to - Side) Right Angle (Includes Broadside),No,Stop Signs,2,0,No Injury,2,,41.82318,-71.39702
921332,2025-00010429,2025-02-12,4:35:00 PM,Vehicle - Vehicle,,MEDWAY ST,WAYLAND AVE,Jared Guiot,608,2025-02-12,"Two-Way , Not Divided",Wet,Dusk,Cloudy,Rear - to - Side,No,No Controls,2,0,No Injury,2,,41.82905,-71.38677
921333,2025-00010433,2025-02-12,4:56:00 PM,Vehicle - Vehicle,,NINIGRET AVE,ANTHONY AVE,Raymond Criner,340,2025-02-12,"Two-Way , Not Divided",Dry,Dusk,Clear,Angle (Front - to - Side) Right Angle (Includes Broadside),"Yes, M/V and Driver Left Scene",Stop Signs,3,0,No Injury,2,,41.80368,-71.43701
921327,2025-00010382,2025-02-12,2:12:00 PM,Vehicle - Parked Vehicle,,GRAFTON ST,FLORA ST,Luis Garcia Colon,128,2025-02-12,"Two-Way , Not Divided",Snow,Daylight,Clear,Unknown,"Yes, M/V and Driver Left Scene",No Controls,1,0,Unknown,2,,41.85022,-71.41507
921328,2025-00010361,2025-02-12,12:52:00 PM,Vehicle - Vehicle,,ADMIRAL ST,DURHAM ST,Christopher Hines,537,2025-02-12,"Two-Way , Not Divided",Wet,Daylight,"Sleet, Hail (Freezing Rain or Drizzle)",Angle (Front - to - Side) Right Angle (Includes Broadside),No,Stop Signs,2,1,Complains Of Pain,2,,41.84788,-71.43576
921329,2025-00010310,2025-02-12,8:31:00 AM,Vehicle - Vehicle,,BROADWAY,BATTEY ST,Matthew Sandorse,508,2025-02-12,"Two-Way , Not Divided",Dry,Daylight,Clear,Rear End(Front-to-Rear),No,No Controls,3,0,No Injury,2,,41.8207,-71.4255
921313,2025-00010313,2025-02-12,8:52:00 AM,Vehicle - Parked Vehicle,,Gaspee St,FRANCIS ST,Alexander Wagoner,541,2025-02-12,"Two-Way , Not Divided",Wet,Daylight,Clear,"Sideswipe, Same Direction",No,No Controls,3,0,No Injury,2,,41.82914,-71.41459
921314,2025-00010287,2025-02-12,6:34:00 AM,Vehicle - Vehicle,,SHAFTER STREET,TERRACE AVENUE,Patrolwoman Addai,513,2025-02-12,"Two-Way , Not Divided",Dry,Daylight,Clear,Not a Collision Between Two Motor Vehicles in Transport,"Yes, M/V and Driver Left Scene",No Controls,2,0,Unknown,3,2,,
921315,2025-00010322,2025-02-12,9:59:00 AM,Vehicle - Parked Vehicle,,53 March St,SUFFOLK ST,Albert Pereira,111,2025-02-12,"Two-Way , Not Divided",Dry,Daylight,Clear,"Sidwswipe, Opposite Direction","Yes, M/V and Driver Left Scene",No Controls,1,0,Unknown,2,,41.84154,-71.42584
921316,2025-00010289,2025-02-12,6:51:00 AM,Vehicle - Vehicle,,CHALKSTONE AVE,RIVER AVE,Jason Dennis,392,2025-02-12,"Two-Way , Not Divided",Wet,Daylight,Cloudy,Angle (Front - to - Side) Right Angle (Includes Broadside),No,Traffic Control Signal,3,1,Complains Of Pain,2,,41.83258,-71.43854
921317,2025-00010308,2025-02-12,8:24:00 AM,Vehicle - Vehicle,,CHALKSTONE AVE,SMITH ST,Albert Pereira,111,2025-02-12,"Two-Way , Not Divided",Dry,Daylight,Clear,"Sideswipe, Same Direction","Yes, M/V and Driver Left Scene",No Controls,1,0,No Injury,2,,41.83519,-71.4257
921318,2025-00010301,2025-02-12,7:54:00 AM,Vehicle - Vehicle,,249 Academy Ave,LINTON ST,Southavout Im,382,2025-02-12,"Two-Way , Not Divided",Dry,Daylight,Clear,Rear End(Front-to-Rear),No,No Controls,4,1,Complains Of Pain,2,,41.83142,-71.44438
921320,2025-00010296,2025-02-12,7:38:00 AM,Vehicle - Vehicle,,DEAN ST,VALLEY ST,Joshua Cascione,225,2025-02-12,"Two-Way, Divided, Positive Median Barrier",Dry,Daylight,Cloudy,Angle (Front - to - Side) Right Angle (Includes Broadside),"Yes, M/V and Driver Left Scene",Traffic Control Signal,11,1,Complains Of Pain,8,,41.83123,-71.42839
921321,2025-00010333,2025-02-12,10:41:00 AM,Vehicle - Parked Vehicle,,5TH STREET,SUMMIT AVENUE,Joseph Madeira,552,2025-02-12,"Two-Way , Not Divided",Dry,Daylight,Clear,"Sidwswipe, Opposite Direction",No,No Controls,4,0,No Injury,2,,41.82804,-71.41829
921322,2025-00010352,2025-02-12,12:19:00 PM,Vehicle - Vehicle,,Pocasset Ave,SIMMONS ST,Southavout Im,382,2025-02-12,"Two-Way , Not Divided",Dry,Daylight,Clear,"Sideswipe, Same Direction","Yes, M/V and Driver Left Scene",No Controls,2,0,No Injury,2,,41.80793,-71.45605
921324,2025-00010327,2025-02-12,8:45:00 AM,Vehicle - Parked Vehicle,,PRAIRIE AVE,ELMA ST,Quincy Griffin,970,2025-02-12,Unknown,Ice/Frost,Daylight,Cloudy,Unknown,No,No Controls,3,0,Unknown,2,,41.79742,-71.41134
921335,2025-00010461,2025-02-12,7:01:00 PM,Vehicle - Vehicle,,Elmwood Ave.,Reservoir Ave.,Andrew Brodeur,158,2025-02-12,"Two-Way , Not Divided",Dry,Dark - Lighted,Clear,Angle (Front - to - Side) Same Direction,"Yes, M/V and Driver Left Scene",No Controls,1,0,No Injury,2,4,,