CrashReportId,ReportNumber,CrashDate,CrashTime,TypeOfCollision,Collision Type,StreetOrHighway,NearestIntersection,Officer,Badge,ReportDate,TypeOfRoadway,RoadSurfaceCondition,LightCondition,WeatherCondition,MannerofImpact,HitAndRun,TrafficControl,PersonCount,InjuryCount,MostSeriousInjury,NumberofVehicles,NumberOfLanes,Latitude,Longitude
921336,2025-00010446,2025-02-12,5:53:00 PM,Vehicle - Pedestrian,Bicycle,ADMIRAL ST,CHARLES ST,Tyler Calandra,418,2025-02-12,"Two-Way , Not Divided",Dry,Dark - Lighted,Clear,Other,No,Traffic Control Signal,3,1,Complains Of Pain,1,,41.8407,-71.41747
921337,2025-00010410,2025-02-12,3:29:00 PM,Vehicle - Vehicle,,DABOLL ST,UPDIKE ST,Peyton Ginolfi,657,2025-02-12,"Two-Way , Not Divided",Dry,Daylight,Clear,"Sidwswipe, Opposite Direction",No,No Controls,5,1,Complains Of Pain,2,,41.80417,-71.42393
921338,2025-00010469,2025-02-12,7:40:00 PM,Vehicle - Vehicle,,MESSER ST,WESTMINSTER ST,Brendan O'Brien,667,2025-02-12,"Two-Way , Not Divided",Wet,Dark - Lighted,Clear,"Sidwswipe, Opposite Direction",No,No Controls,4,0,No Injury,2,,41.81544,-71.43692
921339,2025-00010504,2025-02-12,10:32:00 PM,Vehicle - Vehicle,,BROAD ST,THURBERS AVE,Erik Lane,109,2025-02-12,"Two-Way , Not Divided",Wet,Dark - Lighted,Rain,Head-On (Front - to - Front),No,Traffic Control Signal,2,0,No Injury,2,,41.7982,-71.41467
921340,2025-00010517,2025-02-12,11:37:00 PM,Vehicle - Vehicle,,SMITHFIELD AVE EXIT 25,SMITHFIELD AVE,Johusua Nazario Feliz,142,2025-02-13,One-Way Trafficway,Wet,Dark - Lighted,Rain,Rear End(Front-to-Rear),No,Traffic Control Signal,4,0,No Injury,2,,41.85594,-71.40752
921341,2025-00010514,2025-02-12,11:11:00 PM,Vehicle - Vehicle,,Sharon Street,EATON ST,Yeisua Jimenez,672,2025-02-13,"Two-Way , Not Divided",Wet,Dark - Lighted,Snow,Other,No,Stop Signs,3,0,No Injury,2,,41.84337,-71.44265
921319,2025-00010145,2025-02-11,12:53:00 PM,Vehicle - Vehicle,,PEARL ST,PRAIRIE AVE,Victor Tavarez,564,2025-02-12,"Two-Way , Not Divided",Dry,Daylight,Clear,"Sidwswipe, Opposite Direction","Yes, M/V and Driver Left Scene",No Controls,1,0,No Injury,2,,41.81151,-71.41431
921310,2025-00010211,2025-02-11,5:15:00 PM,Vehicle - Parked Vehicle,,BRANCH AVE,,Jason Clancy,999,2025-02-12,Unknown,Dry,Daylight,Clear,Unknown,No,Unknown,1,0,Unknown,2,,,
921298,2025-00010136,2025-02-11,12:40:00 PM,Vehicle - Parked Vehicle,,Rathbone Street,PROMENADE ST,Ybelis Gonzalez,376,2025-02-11,"Two-Way , Not Divided",Dry,Daylight,Clear,Not a Collision Between Two Motor Vehicles in Transport,"Yes, M/V and Driver Left Scene",No Controls,2,0,Unknown,2,,41.8303,-71.4291
921299,2025-00010162,2025-02-11,2:02:00 PM,Vehicle - Vehicle,,BROADWAY,VALLEY ST,Raleek Byfield,375,2025-02-11,"Two-Way, Divided, Unprotected (painted>4feet) Medium",Dry,Daylight,Clear,Rear End(Front-to-Rear),No,Traffic Control Signal,3,0,No Injury,2,,41.81684,-71.441
921300,2025-00010175,2025-02-11,2:57:00 PM,Vehicle - Vehicle,,SILVER SPRING ST,SMITHFIELD AVE,Tyler Calandra,418,2025-02-11,"Two-Way , Not Divided",Dry,Daylight,Clear,Rear End(Front-to-Rear),No,No Controls,3,0,No Injury,2,,41.85631,-71.41089
921301,2025-00010189,2025-02-11,4:07:00 PM,Vehicle - Vehicle,,BRANCH AVE,OPPER ST,Ptlm. Labutti,104,2025-02-11,"Two-Way , Not Divided",Dry,Dusk,Clear,Rear End(Front-to-Rear),No,No Controls,3,0,No Injury,2,,41.85173,-71.42336
921302,2025-00010169,2025-02-11,2:39:00 PM,Vehicle - Parked Vehicle,,RIVER AVE,BRADLEY ST,Matthew Carlone,602,2025-02-11,"Two-Way , Not Divided",Dry,Daylight,Clear,"Sideswipe, Same Direction",No,No Controls,3,0,No Injury,2,,41.8476,-71.43922
921303,2025-00010213,2025-02-11,6:10:00 PM,Vehicle - Vehicle,,VALLEY ST,ATWELLS AVE,Terrence Gibson,610,2025-02-11,"Two-Way , Not Divided",Dry,Dark - Lighted,Clear,Rear End(Front-to-Rear),No,Traffic Control Signal,2,0,No Injury,2,,41.82472,-71.43944
921304,2025-00010223,2025-02-11,7:30:00 PM,Vehicle - Vehicle,,SERVICE ROAD 8,WESTMINSTER ST,Cassidy Simanski,132,2025-02-11,One-Way Trafficway,Dry,Dark - Lighted,Clear,Angle (Front - to - Side) Right Angle (Includes Broadside),No,Stop Signs,4,0,No Injury,2,,41.81929,-71.41788
921305,2025-00010216,2025-02-11,6:42:00 PM,Vehicle - Parked Vehicle,,WESTMINSTER ST,MESSER ST,N Ayala,122,2025-02-11,Unknown,Dry,Dark - Lighted,Clear,Rear - to - Side,"Yes, M/V and Driver Left Scene",No Controls,1,0,No Injury,2,,41.81582,-71.43743
921306,2025-0010235,2025-02-11,8:30:00 PM,Vehicle - Vehicle,,CRANSTON ST,NIANTIC AVE,Brendan O'Brien,667,2025-02-11,"Two-Way , Not Divided",Dry,Dark - Lighted,Clear,Rear End(Front-to-Rear),No,No Controls,4,0,No Injury,2,,41.80339,-71.43999
921307,2025-00010181,2025-02-11,3:24:00 PM,Vehicle - Vehicle,,UNION AVE,LINWOOD AVE,Brendan O'Brien,667,2025-02-11,"Two-Way , Not Divided",Dry,Daylight,Clear,Rear End(Front-to-Rear),"Yes, M/V and Driver Left Scene",No Controls,1,0,No Injury,2,,41.80893,-71.43961
921289,2025-00010076,2025-02-11,8:11:00 AM,Vehicle - Vehicle,,SMITH ST,MERIDIAN ST,Raleek Byfield,375,2025-02-11,"Two-Way, Divided, Unprotected (painted>4feet) Medium",Dry,Daylight,Clear,Angle (Front - to - Side) Right Angle (Includes Broadside),No,Pavement Markings,4,1,Complains Of Pain,2,,41.84316,-71.44649
921291,2025-00010089,2025-02-11,,Vehicle - Parked Vehicle,,ELMWOOD AVE,ROGER WILLIAMS CT,Ptlw. Kawejsza,118,2025-02-11,One-Way Trafficway,Dry,Daylight,Clear,"Sideswipe, Same Direction",No,No Controls,3,0,No Injury,2,,41.78918,-71.42138
921292,2025-00010088,2025-02-11,9:16:00 AM,Vehicle - Vehicle,,50 ADMIRAL STREET,WHIPPLE STREET,Joseph Madeira,552,2025-02-11,"Two-Way , Not Divided",Dry,Daylight,Clear,Other,"Yes, M/V and Driver Left Scene",Traffic Control Signal,2,1,Complains Of Pain,2,2,41.8347,-71.41607
921293,2025-00010107,2025-02-11,10:47:00 AM,Vehicle - Parked Vehicle,,CEDAR ST,FOX PL,Joshua Cascione,225,2025-02-11,"Two-Way , Not Divided",Dry,Daylight,Cloudy,"Sideswipe, Same Direction",No,No Controls,3,0,No Injury,2,,41.8245,-71.42051
921294,2025-00010093,2025-02-11,9:44:00 AM,Vehicle - Vehicle,,1140 NORTH MAIN STREET,FROST STREET,Joseph Madeira,552,2025-02-11,"Two-Way, Divided, Positive Median Barrier",Dry,Daylight,Clear,Rear End(Front-to-Rear),No,Traffic Control Signal,3,0,No Injury,2,4,41.83309,-71.41699
921295,2025-00010109,2025-02-11,9:40:00 AM,Vehicle - Vehicle,,ORMS ST,DOUGLAS AVE,Jason Clancy,999,2025-02-11,Unknown,Dry,Daylight,Clear,Rear End(Front-to-Rear),No,Unknown,2,0,Unknown,2,,41.8347,-71.41609
921296,2025-00010141,2025-02-11,12:46:00 PM,Vehicle - Vehicle,,EDDY ST,DUDLEY ST,Joshua Cascione,225,2025-02-11,"Two-Way , Not Divided",Dry,Daylight,Clear,Other,No,Traffic Control Signal,4,0,No Injury,2,,41.81152,-71.40709
921334,2025-00010180,2025-02-11,3:18:00 PM,Vehicle - Vehicle,,Reservoir Ave,Wildwood Ave.,Andrew Brodeur,158,2025-02-12,"Two-Way , Not Divided",Dry,Daylight,Clear,Rear - to - Side,No,No Controls,3,0,No Injury,2,3,,
921348,025-00010439,2025-02-11,2:00:00 PM,Vehicle - Vehicle,,UNION AVE,,Jason Clancy,999,2025-02-13,"Two-Way, Divided, Unprotected (painted>4feet) Medium",Dry,Daylight,Clear,Rear - to - Side,"Yes, M/V and Driver Left Scene",Unknown,3,0,No Injury,2,,,
921636,2025-00013293,2025-02-11,8:58:00 AM,Vehicle - Vehicle,,SERVICE ROAD 7,WESTMINSTER ST,Jason Clancy,999,2025-02-25,One-Way Trafficway,Dry,Daylight,Clear,Head-On (Front - to - Front),No,Unknown,4,0,Unknown,2,,41.81882,-71.41885
922020,2025-00016084,2025-02-11,10:55:00 AM,Vehicle - Vehicle,,1 PROVIDENCE PL,,Quincy Griffin,970,2025-03-07,"Two-Way , Not Divided",Dry,Daylight,Clear,Unknown,"Yes, M/V and Driver Left Scene",No Controls,3,0,Unknown,2,,,
922220,2025-00009834,2025-02-10,8:10:00 AM,Vehicle - Vehicle,,Valley St,Barstow St,Luis Quinilla,572,2025-03-13,"Two-Way , Not Divided",Dry,Daylight,Clear,Angle - Direction Not Specified,No,No Controls,2,0,No Injury,2,,,
923305,2025-00009873,2025-02-10,11:45:00 AM,Vehicle - Vehicle,,BRANCH AVE,BRANCH AVE EXIT,John Benros,481,2025-04-16,One-Way Trafficway,Dry,Daylight,Clear,"Sideswipe, Same Direction",No,No Controls,2,0,No Injury,2,,41.85316,-71.42692
921353,2025-00010077,2025-02-10,12:35:00 PM,Vehicle - Vehicle,,370 HARTFORD AVE,HARTFORD AVE,Quincy Griffin,970,2025-02-13,Unknown,Dry,Daylight,Clear,Unknown,"Yes, M/V and Driver Left Scene",No Controls,3,0,No Injury,3,,,
921422,2025-00009926,2025-02-10,2:40:00 PM,Vehicle - Vehicle,,WESTMINSTER ST,BATTEY ST,Johansell Montilla,627,2025-02-15,"Two-Way, Divided, Unprotected (painted>4feet) Medium",Dry,Daylight,Clear,Other,"Yes, M/V and Driver Left Scene",No Controls,1,0,No Injury,2,,41.81723,-71.42473
921417,2025-00009909,2025-02-10,1:28:00 PM,Vehicle - Vehicle,,HUNTINGTON AVE,CRANSTON ST,Eder Delgado,580,2025-02-15,One-Way Trafficway,Dry,Daylight,Cloudy,Rear End(Front-to-Rear),No,Traffic Control Signal,5,1,Complains Of Pain,2,,41.80353,-71.43962
921509,2025-00011920,2025-02-10,2:00:00 PM,Vehicle - Parked Vehicle,,EDDY ST,MIDDLE ST,Jason Clancy,999,2025-02-20,Unknown,Dry,Daylight,Clear,"Sideswipe, Same Direction","Yes, M/V and Driver Left Scene",Unknown,1,0,Unknown,2,,41.82291,-71.41197
921286,2025-00009916,2025-02-10,1:56:00 PM,Vehicle - Parked Vehicle,,59 GREENWICH ST,BUCKLIN ST,Luis Fernandez,531,2025-02-11,"Two-Way , Not Divided",Slush,Daylight,Clear,Angle (Front - to - Side) Right Angle (Includes Broadside),No,No Controls,3,0,No Injury,2,,41.80231,-71.42802
921288,2025-00009935,2025-02-10,9:00:00 AM,Vehicle - Vehicle,,BROOK ST,FONES ALY,Jason Clancy,999,2025-02-11,Unknown,Dry,Daylight,Clear,"Sideswipe, Same Direction","Yes, M/V and Driver Left Scene",Unknown,2,0,Unknown,2,,41.82783,-71.39941
921267,2025-00009941,2025-02-10,3:23:00 PM,Vehicle - Vehicle,,DUXBURY ST,KILLINGLY ST,Alexander Frias,669,2025-02-10,"Two-Way, Not Divided With a Continuous Left Turn Lane",Slush,Daylight,Clear,Rear End(Front-to-Rear),No,No Controls,3,0,No Injury,2,,41.81334,-71.46107
921268,2025-00009963,2025-02-10,5:03:00 PM,Vehicle - Vehicle,,404 VALLEY ST,EAGLE ST,Marcelo Suarez,689,2025-02-10,"Two-Way, Divided, Positive Median Barrier",Wet,Daylight,Clear,Angle (Front - to - Side) Same Direction,"Yes, M/V and Driver Left Scene",No Controls,2,0,No Injury,2,,41.82725,-71.43678
921269,2025-00009969,2025-02-10,5:36:00 PM,Vehicle - Vehicle,,CYPRESS ST,KNOWLES ST,Jared Guiot,608,2025-02-10,"Two-Way , Not Divided",Dry,Dark - Lighted,Clear,Angle (Front - to - Side) Right Angle (Includes Broadside),No,Stop Signs,3,0,No Injury,2,,41.8422,-71.40482
921270,2025-00009946,2025-02-10,3:56:00 PM,Vehicle - Vehicle,,PLAINFIELD ST,PLAINFIELD ST,Alexander Frias,669,2025-02-10,"Two-Way , Not Divided",Slush,Daylight,Clear,Rear - to - Side,"Yes, M/V and Driver Left Scene",No Controls,1,0,No Injury,2,,41.81286,-71.45785
921279,2025-00010003,2025-02-10,8:05:00 PM,Vehicle - Vehicle,,MESSER ST,OAK ST,Johansell Montilla,627,2025-02-10,"Two-Way, Divided, Unprotected (painted>4feet) Medium",Dry,Dark - Lighted,Clear,Rear End(Front-to-Rear),"Yes, Driver Left Scene",Stop Signs,2,0,No Injury,2,,41.81493,-71.43676
921283,2025-00009818,2025-02-10,1:51:00 AM,Vehicle - Vehicle,,101 DUDLEY STREET,,Tyler Houlihan,617,2025-02-10,"Two-Way, Divided, Unprotected (painted>4feet) Medium",Slush,Unknown,Cloudy,Rear End(Front-to-Rear),"Yes, M/V and Driver Left Scene",Other,2,0,No Injury,2,,41.81866,-71.42394
921248,2025-00009829,2025-02-10,7:17:00 AM,Vehicle - Parked Vehicle,,MOUNT PLEASANT AVE,ATWELLS AVE,Ybelis Gonzalez,376,2025-02-10,"Two-Way , Not Divided",Dry,Daylight,Clear,Not a Collision Between Two Motor Vehicles in Transport,No,No Controls,3,0,No Injury,2,,41.82509,-71.44863
921250,2025-00009853,2025-02-10,9:55:00 AM,Vehicle - Parked Vehicle,,N DAVIS ST,CHALKSTONE AVE,Luis Garcia Colon,128,2025-02-10,Unknown,Snow,Daylight,Clear,Unknown,No,No Controls,3,0,No Injury,2,,41.83633,-71.41716
921252,2025-00009828,2025-02-10,6:37:00 AM,Vehicle - Vehicle,,Atwells Ave,Julian St,Luis Quinilla,572,2025-02-10,"Two-Way , Not Divided",Ice/Frost,Dawn,Clear,"Sideswipe, Same Direction",No,No Controls,3,0,No Injury,3,2,,
921253,2025-00009833,2025-02-10,7:47:00 AM,Vehicle - Vehicle,,DUDLEY STREET,GAY ST,Hildenise Espanol,137,2025-02-10,"Two-Way , Not Divided",Dry,Daylight,Clear,Angle (Front - to - Side) Same Direction,No,Stop Signs,2,0,No Injury,2,,41.81003,-71.4129
921255,2025-00009895,2025-02-10,1:00:00 PM,Vehicle - Parked Vehicle,,335 Hartford Ave,,Dayshantell Ramirez,571,2025-02-10,"Two-Way , Not Divided",Wet,Daylight,Clear,Rear - to - Side,No,No Controls,3,0,No Injury,2,,,
921256,2025-00009838,2025-02-10,7:30:00 AM,Vehicle - Vehicle,,ACADEMY AVE,CHALKSTONE AVE,Jason Dennis,392,2025-02-10,"Two-Way , Not Divided",Dry,Daylight,Clear,Rear End(Front-to-Rear),No,No Controls,5,0,No Injury,2,2,41.83334,-71.44442
921257,2025-00009884,2025-02-10,12:18:00 PM,Vehicle - Parked Vehicle,,24 KIPLING ST,LENOX AVE,Hansel Ventura,570,2025-02-10,"Two-Way , Not Divided",Snow,Daylight,Clear,"Sidwswipe, Opposite Direction",No,No Controls,3,0,No Injury,2,,41.79496,-71.42351
921258,2025-00009888,2025-02-10,12:41:00 PM,Vehicle - Vehicle,,375 Allens Ave,ALLENS AVE,Serge Bouyssou,105,2025-02-10,"Two-Way , Not Divided",Snow,Daylight,Clear,"Sideswipe, Same Direction",No,No Controls,4,0,No Injury,2,,41.80307,-71.40143
921259,2025-00009886,2025-02-10,12:39:00 PM,Vehicle - Vehicle,,SMITH STREET,ACADEMY AVENUE,Giuseppe Scarcello,485,2025-02-10,"Two-Way , Not Divided",Dry,Daylight,Cloudy,"Sideswipe, Same Direction",No,No Controls,3,0,No Injury,2,,41.82557,-71.42768
921262,2025-00009919,2025-02-10,2:14:00 PM,Vehicle - Vehicle,,Cranston St,HUNTINGTON AVE,Michelle Chasse,264,2025-02-10,"Two-Way , Not Divided",Wet,Daylight,Clear,Rear End(Front-to-Rear),No,No Controls,5,2,Complains Of Pain,2,,41.80372,-71.43928
921263,2025-00009933,2025-02-10,3:09:00 AM,Vehicle - Parked Vehicle,,MORRIS AVE,OLNEY ST,Kelsey Woodbine,633,2025-02-10,"Two-Way , Not Divided",Wet,Daylight,Clear,Rear - to - Rear,"Yes, M/V and Driver Left Scene",No Controls,3,0,No Injury,2,,41.83585,-71.39803
921264,2025-00009929,2025-02-10,3:02:00 PM,Vehicle - Parked Vehicle,,ATLANTIC AVE,ELMWOOD AVE,Kyle Ludovici,390,2025-02-10,"Two-Way , Not Divided",Dry,Daylight,Clear,Rear End(Front-to-Rear),"Yes, M/V and Driver Left Scene",No Controls,3,0,No Injury,2,,41.79654,-71.42532
921265,2025-00009875,2025-02-10,11:50:00 AM,Vehicle - Vehicle,,ELMWOOD AVE,ELMWOOD AVE,Ptlm. Castagliuolo,351,2025-02-10,"Two-Way , Not Divided",Dry,Daylight,Cloudy,Rear End(Front-to-Rear),"Yes, M/V and Driver Left Scene",Pavement Markings,4,2,Complains Of Pain,2,,41.80362,-71.42569
921309,2025-00010188,2025-02-10,10:30:00 AM,Vehicle - Vehicle,,EAST MANNING ST,,Jason Clancy,999,2025-02-12,Unknown,Dry,Daylight,Clear,Other,No,Unknown,2,0,Unknown,2,,,
921312,2025-00010157,2025-02-10,5:15:00 PM,Vehicle - Vehicle,,EVERGREEN ST,YORK ST,Jason Clancy,999,2025-02-12,Unknown,Dry,Dark - Unknown Lighting,Clear,Unknown,"Yes, M/V and Driver Left Scene",Unknown,2,0,Unknown,2,,41.84488,-71.40613
921326,2025-00010379,2025-02-10,3:45:00 PM,Vehicle - Parked Vehicle,,ROANOKE ST,CARLETON ST,Jason Clancy,999,2025-02-12,Unknown,Dry,Dark - Lighted,Clear,"Sideswipe, Same Direction","Yes, M/V and Driver Left Scene",Unknown,2,0,Unknown,2,,41.83139,-71.44782
921242,2025-00009817,2025-02-10,1:49:00 AM,Vehicle - Vehicle,,593 EDDY STREET,593 EDDY STREET,Tyler Houlihan,617,2025-02-10,Unknown,Slush,Unknown,Cloudy,Angle (Front - to - Side) Right Angle (Includes Broadside),"Yes, M/V and Driver Left Scene",Unknown,3,0,No Injury,2,,41.80548,-71.4197
921244,2025-00009840,2025-02-10,8:29:00 AM,Vehicle - Parked Vehicle,,71 COMMON ST,71 COMIN ST,Luis Garcia Colon,128,2025-02-10,One-Way Trafficway,Snow,Unknown,Clear,Unknown,"Yes, M/V and Driver Left Scene",No Controls,1,0,Unknown,2,,,
921243,2025-00009714,2025-02-09,1:37:00 PM,Vehicle - Parked Vehicle,,MARIETTA ST,HALL ST,Christopher Hines,537,2025-02-10,"Two-Way , Not Divided",Snow,Daylight,Snow,"Sideswipe, Same Direction","Yes, M/V and Driver Left Scene",No Controls,1,0,Unknown,2,,41.85273,-71.41764
921236,2025-00009670,2025-02-09,8:50:00 AM,Vehicle - Vehicle,,ORMS ST,PARK ST,Raleek Byfield,375,2025-02-09,"Two-Way, Divided, Unprotected (painted>4feet) Medium",Snow,Daylight,Snow,Rear End(Front-to-Rear),No,No Controls,3,1,Complains Of Pain,2,,41.83476,-71.41495
921237,2025-00009695,2025-02-09,11:40:00 AM,Vehicle - Parked Vehicle,,593 EDDY ST,,Raleek Byfield,375,2025-02-09,"Two-Way , Not Divided",Wet,Daylight,Clear,"Sidwswipe, Opposite Direction",No,No Controls,6,0,No Injury,2,,,
921238,2025-00009675,2025-02-09,9:09:00 AM,Vehicle - Parked Vehicle,,APRIL COURT,SMITH STREET,Giuseppe Scarcello,485,2025-02-09,"Two-Way , Not Divided",Snow,Daylight,Cloudy,"Sideswipe, Same Direction",No,No Controls,3,0,No Injury,2,,41.81554,-71.46485
921239,2025-00009754,2025-02-09,5:45:00 PM,Vehicle - Parked Vehicle,,Evelyn St,PRUDENCE AVE,Alexander Frias,669,2025-02-09,"Two-Way , Not Divided",Slush,Dark - Lighted,Clear,"Sideswipe, Same Direction","Yes, M/V and Driver Left Scene",No Controls,1,0,No Injury,2,,41.80764,-71.46284
921229,2025-00009628,2025-02-09,12:30:00 AM,Vehicle - Pedestrian,Pedestrian,AMES ST,ATWELLS AVE,Ralph Abenante,511,2025-02-09,"Two-Way , Not Divided",Snow,Dark - Lighted,Snow,Angle - Direction Not Specified,No,No Controls,4,1,Complains Of Pain,2,,41.82418,-71.43098
921232,2025-00009638,2025-02-09,2:00:00 AM,Vehicle - Parked Vehicle,,Atwells Ave,SUTTON ST,Tyler Calandra,418,2025-02-09,"Two-Way , Not Divided",Snow,Dark - Lighted,Snow,Angle (Front - to - Side) Right Angle (Includes Broadside),No,No Controls,5,0,No Injury,2,,41.82375,-71.42917
921233,2025-00009643,2025-02-09,3:20:00 AM,Vehicle - Object,,174 Enfield Ave,,Pedroangel Pena Campusano,677,2025-02-09,"Two-Way , Not Divided",Snow,Dark - Lighted,Snow,Not a Collision Between Two Motor Vehicles in Transport,No,No Controls,0,0,Unknown,1,,,
921234,2025-00009648,2025-02-09,3:54:00 AM,Vehicle - Parked Vehicle,,IRVING AVE,TABER AVE,Ralph Abenante,511,2025-02-09,"Two-Way, Divided, Unprotected (painted>4feet) Medium",Snow,Dark - Lighted,Snow,"Sideswipe, Same Direction",No,No Controls,3,0,No Injury,2,,41.83262,-71.39202
921251,2025-00009659,2025-02-09,8:20:00 AM,Vehicle - Object,,WESTCOTT AVE,HUBER AVE,Elizabeth Pedchenko,498,2025-02-10,"Two-Way , Not Divided",Snow,Daylight,Snow,Rear End(Front-to-Rear),No,No Controls,2,0,No Injury,1,,41.8345,-71.46897
921241,2025-00009782,2025-02-09,9:44:00 PM,Vehicle - Vehicle,,ELIZABETH ST,N MAIN ST,M. Suarez,689,2025-02-09,"Two-Way , Not Divided",Wet,Dark - Lighted,Cloudy,Angle (Front - to - Side) Same Direction,No,No Controls,3,0,No Injury,2,,41.82786,-71.40929
921399,2025-00009722,2025-02-09,2:57:00 PM,Vehicle - Vehicle,,355 RESERVOIR AVE,PONTIAC AVE,Andrew Mitura,605,2025-02-14,"Two-Way , Not Divided",Dry,Daylight,Clear,Angle (Front - to - Side) Right Angle (Includes Broadside),No,No Controls,3,0,No Injury,2,,41.78825,-71.43143
922207,2025-00017395,2025-02-09,3:00:00 PM,Vehicle - Vehicle,,BOWEN ST,THAYER ST,Jared Guiot,608,2025-03-12,"Two-Way , Not Divided",Dry,Daylight,Clear,Rear - to - Side,No,No Controls,2,0,No Injury,2,,41.83082,-71.40129
922007,2025-00015808,2025-02-08,7:30:00 PM,Vehicle - Vehicle,,1 PROVIDENCE PL,,Quincy Griffin,970,2025-03-07,One-Way Trafficway,Dry,Dark - Lighted,Clear,Rear End(Front-to-Rear),No,No Controls,3,0,Unknown,2,,,
921349,2025-00010447,2025-02-08,7:47:00 PM,Vehicle - Parked Vehicle,,LENOX AVE,HAMILTON ST,Jason Clancy,999,2025-02-13,Unknown,Snow,Dark - Unknown Lighting,Snow,Rear - to - Rear,"Yes, M/V and Driver Left Scene",Unknown,1,0,Unknown,2,,41.79674,-71.41981
921501,2025-00009545,2025-02-08,5:08:00 PM,Vehicle - Vehicle,,Union Ave,LINWOOD AVE,Stephen Noti,119,2025-02-19,"Two-Way , Not Divided",Dry,Dark - Lighted,Cloudy,"Sideswipe, Same Direction",No,No Controls,3,0,No Injury,2,,41.80892,-71.43964
921247,2025-00009503,2025-02-08,1:30:00 PM,Vehicle - Vehicle,,127 PARADE ST,CRANSTON ST,Quincy Griffin,970,2025-02-10,"Two-Way , Not Divided",Dry,Daylight,Clear,Angle (Front - to - Side) Same Direction,No,No Controls,2,0,Unknown,2,,41.81174,-71.43101
921290,2025-00009942,2025-02-08,1:45:00 PM,Vehicle - Vehicle,,SOUTH MAIN ST,,Jason Clancy,999,2025-02-11,Unknown,Dry,Daylight,Clear,Unknown,No,Unknown,2,0,Unknown,2,,,
921325,2025-00009501,2025-02-08,1:50:00 PM,Vehicle - Parked Vehicle,,CHESTER AVE,MOUNT VERNON ST,Victor Tavarez,564,2025-02-12,"Two-Way, Divided, Unprotected (painted>4feet) Medium",Dry,Daylight,Clear,Unknown,"Yes, M/V and Driver Left Scene",No Controls,1,0,Unknown,2,,41.80686,-71.41726
921344,2025-00009489,2025-02-08,1:00:00 PM,Vehicle - Vehicle,,ATLANTIC AVE,MELROSE ST,Gustavo Genao,135,2025-02-13,"Two-Way , Not Divided",Dry,Daylight,Clear,"Sidwswipe, Opposite Direction",No,Stop Signs,6,0,No Injury,2,,41.79746,-71.42235
921311,2025-00009567,2025-02-08,6:26:00 PM,Vehicle - Vehicle,,BROAD ST,,Jason Clancy,999,2025-02-12,Unknown,Dry,Dark - Unknown Lighting,Clear,Unknown,No,Unknown,3,0,Unknown,2,,,
921308,2025-00009614,2025-02-08,10:39:00 PM,Vehicle - Vehicle,,BROADWAY,BRADFORD ST,Elijah Perry,618,2025-02-12,"Two-Way , Not Divided",Snow,Dark - Lighted,Snow,Rear - to - Side,No,No Controls,4,0,No Injury,2,,41.82149,-71.42217
921230,2025-00009396,2025-02-08,1:10:00 AM,Vehicle - Vehicle,,THURBERS AVE,EDDY ST,Domenic Schiavulli,653,2025-02-09,"Two-Way, Divided, Positive Median Barrier",Dry,Dark - Lighted,Clear,Angle (Front - to - Side) Same Direction,No,Traffic Control Signal,3,0,No Injury,2,,41.79994,-71.40584
921231,2025-00009617,2025-02-08,11:08:00 PM,Vehicle - Vehicle,,CHALKSTONE AVE,DOUGLAS AVE,Matthew Lombardi,674,2025-02-09,"Two-Way, Divided, Unprotected (painted>4feet) Medium",Snow,Dark - Lighted,Snow,Rear End(Front-to-Rear),No,Traffic Control Signal,3,1,Complains Of Pain,2,,41.83631,-71.42024
921212,2025-00009456,2025-02-08,9:51:00 AM,Vehicle - Object,,PITMAN ST,GANO ST,Joshua Cascione,225,2025-02-08,"Two-Way , Not Divided",Dry,Daylight,Clear,Not a Collision Between Two Motor Vehicles in Transport,No,No Controls,1,1,Complains Of Pain,1,,41.82661,-71.38971
921240,2025-00009597,2025-02-08,9:02:00 PM,Vehicle - Vehicle,,RUGGLES STREET,CHALKSTONE AVE,Ryan Fernandes,125,2025-02-09,"Two-Way , Not Divided",Dry,Dark - Lighted,Clear,"Sidwswipe, Opposite Direction","Yes, M/V and Driver Left Scene",No Controls,1,0,No Injury,2,,41.83533,-71.4282
921245,2025-00009601,2025-02-08,8:19:00 PM,Vehicle - Vehicle,,PLEASANT VALLEY PKWY,PLEASANT VALLEY PKWY,Quincy Griffin,970,2025-02-10,"Two-Way , Not Divided",Dry,Dark - Lighted,Clear,Rear End(Front-to-Rear),"Yes, M/V and Driver Left Scene",No Controls,1,0,Unknown,2,,41.83534,-71.43854
921201,2025-00009436,2025-02-08,4:31:00 AM,Vehicle - Vehicle,,OHIO AVE,VIRGINIA AVE,Thomas O'Mara,650,2025-02-08,"Two-Way , Not Divided",Dry,Dark - Not Lighted,Clear,Angle (Front - to - Side) Right Angle (Includes Broadside),No,Stop Signs,6,0,No Injury,2,,41.78931,-71.39936
921203,2025-00009382,2025-02-08,12:12:00 AM,Vehicle - Vehicle,,BRANCH AVE EXIT,BRANCH AVE,Aidan Pendergast,651,2025-02-08,One-Way Trafficway,Dry,Dark - Lighted,Clear,Rear End(Front-to-Rear),No,Traffic Control Signal,2,0,No Injury,2,,41.85252,-71.42536