CrashReportId,ReportNumber,CrashDate,CrashTime,TypeOfCollision,Collision Type,StreetOrHighway,NearestIntersection,Officer,Badge,ReportDate,TypeOfRoadway,RoadSurfaceCondition,LightCondition,WeatherCondition,MannerofImpact,HitAndRun,TrafficControl,PersonCount,InjuryCount,MostSeriousInjury,NumberofVehicles,NumberOfLanes,Latitude,Longitude
920993,2025-00007535,2025-01-31,12:42:00 PM,Vehicle - Vehicle,,DEAN ST,UNNAMED_45,Jason Dennis,392,2025-01-31,"Two-Way , Not Divided",Dry,Daylight,Rain,Angle (Front - to - Side) Right Angle (Includes Broadside),No,No Controls,3,0,No Injury,2,,41.83075,-71.42809
920994,2025-00007538,2025-01-31,1:07:00 PM,Vehicle - Object,,INDIA ST,BRIDGE ST,Joshua Cascione,225,2025-01-31,"Two-Way , Not Divided",Wet,Daylight,Rain,Not a Collision Between Two Motor Vehicles in Transport,No,No Controls,1,0,No Injury,1,,41.8158,-71.39999
920995,2025-00007549,2025-01-31,1:47:00 PM,Vehicle - Vehicle,,Killingly Street,KILLINGLY ST,Igor Barbosa,114,2025-01-31,"Two-Way, Divided, Unprotected (painted>4feet) Medium",Wet,Daylight,Rain,Rear End(Front-to-Rear),No,Yield Signs,2,1,Complains Of Pain,2,,41.82341,-71.47106
920996,2025-00007521,2025-01-31,11:06:00 AM,Vehicle - Vehicle,,DARTMOUTH AVE,BROAD ST,Raleek Byfield,375,2025-01-31,"Two-Way, Divided, Unprotected (painted>4feet) Medium",Wet,Daylight,Rain,"Sidwswipe, Opposite Direction",No,Pavement Markings,4,0,No Injury,2,,41.80849,-71.42066
920997,2025-00007563,2025-01-31,3:02:00 PM,Vehicle - Vehicle,,KILLINGLY ST,PETTEYS AVE,Matthew LeClerc,180,2025-01-31,"Two-Way , Not Divided",Wet,Daylight,Rain,Angle (Front - to - Side) Right Angle (Includes Broadside),No,Stop Signs,3,0,No Injury,2,2,41.81357,-71.46013
920998,2025-00007564,2025-01-31,2:54:00 PM,Vehicle - Vehicle,,EDDY ST,BYFIELD ST,Nicolas Lafazia,369,2025-01-31,"Two-Way , Not Divided",Wet,Daylight,Rain,Rear End(Front-to-Rear),No,No Controls,2,0,No Injury,2,,41.7971,-71.40505
920999,2025-00007566,2025-01-31,3:04:00 PM,Vehicle - Vehicle,,BANCROFT ST,STERLING AVE,Terrence Gibson,610,2025-01-31,"Two-Way , Not Divided",Wet,Daylight,Rain,Head-On (Front - to - Front),No,Stop Signs,2,0,No Injury,2,,41.81146,-71.44637
921000,2025-00007561,2025-01-31,2:31:00 PM,Vehicle - Vehicle,,7TH ST,HIGHLAND AVE,Michael Gammino,491,2025-01-31,"Two-Way, Divided, Unprotected (painted>4feet) Medium",Wet,Daylight,Rain,Angle (Front - to - Side) Right Angle (Includes Broadside),No,Stop Signs,4,3,Complains Of Pain,2,,41.853,-71.39912
921006,2025-00007591,2025-01-31,4:56:00 PM,Vehicle - Parked Vehicle,,MARLBOROUGH AVE,TAYLOR ST,Gehu Sanssouci,136,2025-01-31,"Two-Way , Not Divided",Wet,Daylight,Rain,"Sideswipe, Same Direction","Yes, M/V and Driver Left Scene",No Controls,2,0,Unknown,2,,41.80595,-71.41881
921007,2025-00007595,2025-01-31,5:23:00 PM,Vehicle - Vehicle,,POTTERS AVE,HAMILTON ST,Casey Correia,521,2025-01-31,"Two-Way , Not Divided",Wet,Dark - Lighted,Rain,Angle (Front - to - Side) Right Angle (Includes Broadside),No,Stop Signs,3,0,No Injury,2,,41.80188,-71.42265
921008,2025-00007602,2025-01-31,5:42:00 PM,Vehicle - Vehicle,,ORMS ST,CHARLES ST,Jared Guiot,608,2025-01-31,"Two-Way , Not Divided",Wet,Dark - Lighted,Rain,"Sideswipe, Same Direction","Yes, M/V and Driver Left Scene",No Controls,2,0,No Injury,2,,41.83486,-71.41225
921009,2025-00007593,2025-01-31,5:12:00 PM,Vehicle - Vehicle,,SMITHFIELD AVE,SMITHFIELD AVE,Raymond Criner,340,2025-01-31,"Two-Way, Divided, Positive Median Barrier",Wet,Dark - Not Lighted,Rain,Angle (Front - to - Side) Right Angle (Includes Broadside),No,Pavement Markings,2,2,Complains Of Pain,2,,41.85501,-71.40489
921011,2025-00007605,2025-01-31,6:12:00 PM,Vehicle - Parked Vehicle,,PLAINFIELD ST,LAUREL HILL AVE,Terrence Gibson,610,2025-01-31,"Two-Way , Not Divided",Wet,Dark - Lighted,Rain,"Sideswipe, Same Direction","Yes, M/V and Driver Left Scene",No Controls,1,0,No Injury,2,,41.81324,-71.45516
921012,2025-00007616,2025-01-31,6:41:00 PM,Vehicle - Vehicle,,UNION AVE,WHITEHALL ST,Terrence Gibson,610,2025-01-31,"Two-Way , Not Divided",Wet,Dark - Lighted,Rain,Angle (Front - to - Side) Right Angle (Includes Broadside),No,Stop Signs,2,0,No Injury,2,,41.80778,-71.4439
921013,2025-00007471,2025-01-31,5:57:00 AM,Vehicle - Vehicle,,WILLARD AVE,PLAIN ST,Tyler Houlihan,617,2025-01-31,"Two-Way, Divided, Unprotected (painted>4feet) Medium",Dry,Dark - Lighted,Cloudy,Angle (Front - to - Side) Right Angle (Includes Broadside),No,Stop Signs,3,0,No Injury,2,,41.80891,-71.41075
921014,2025-00007658,2025-01-31,11:26:00 PM,Vehicle - Pedestrian,Pedestrian,UNION AVE,PRISCILLA AVE,Ruben Morales,685,2025-02-01,"Two-Way , Not Divided",Wet,Dark - Lighted,Rain,"Sidwswipe, Opposite Direction","Yes, M/V and Driver Left Scene",Pavement Markings,2,0,No Injury,2,,41.80723,-71.44604
921142,2025-00007500,2025-01-31,9:57:00 AM,Vehicle - Vehicle,,Charles Street,SILVER SPRING ST,Ryan Anderson,107,2025-02-05,"Two-Way , Not Divided",Wet,Daylight,Rain,Rear End(Front-to-Rear),No,No Controls,5,1,Complains Of Pain,2,,41.84364,-71.41833
921059,2025-00007689,2025-01-31,7:50:00 PM,Vehicle - Vehicle,,W FRANKLIN ST,95 S RAMP,Jason Clancy,999,2025-02-03,Unknown,Dry,Dark - Unknown Lighting,Clear,Unknown,"Yes, M/V and Driver Left Scene",Unknown,1,0,Unknown,2,,,
921053,2025-00007502,2025-01-31,8:50:00 AM,Vehicle - Vehicle,,ELMWOOD AVE,,Jason Clancy,999,2025-02-03,Unknown,Dry,Daylight,Clear,Rear - to - Side,No,Unknown,3,0,Unknown,2,,,
921055,2025-00007626,2025-01-31,6:55:00 PM,Vehicle - Parked Vehicle,,N MAIN ST,,Jason Clancy,999,2025-02-03,Unknown,Dry,Dark - Unknown Lighting,Clear,Angle - Direction Not Specified,"Yes, M/V and Driver Left Scene",Unknown,3,0,Unknown,2,,,
921054,2025-00007303,2025-01-30,2:15:00 PM,Vehicle - Vehicle,,CORLISS ST,,Jason Clancy,999,2025-02-03,Unknown,Dry,Daylight,Clear,Head-On (Front - to - Front),No,Unknown,2,0,Unknown,2,,,
921166,2025-00007268,2025-01-30,12:00:00 PM,Vehicle - Vehicle,,BROAD ST,BAKER ST,Waldorf Pognon,501,2025-02-06,"Two-Way , Not Divided",Dry,Daylight,Clear,"Sideswipe, Same Direction","Yes, M/V and Driver Left Scene",No Controls,2,0,No Injury,2,2,41.79271,-71.40785
920977,2025-00007337,2025-01-30,4:57:00 PM,Vehicle - Vehicle,,HARRIS AVE,US HWY 6,Michael Pesola,117,2025-01-30,"Two-Way , Not Divided",Dry,Dark - Lighted,Clear,Angle (Front - to - Side) Right Angle (Includes Broadside),"Yes, M/V and Driver Left Scene",No Controls,1,0,No Injury,2,,41.82265,-71.43664
920978,2025-00007313,2025-01-30,3:50:00 PM,Vehicle - Vehicle,,UNION AVE,STATE HWY 10 N,Terrence Gibson,610,2025-01-30,"Two-Way, Divided, Positive Median Barrier",Dry,Daylight,Clear,"Sideswipe, Same Direction",No,No Controls,1,0,No Injury,2,,41.80867,-71.44068
920979,2025-00007336,2025-01-30,4:56:00 PM,Vehicle - Vehicle,,WESTMINSTER ST,SERVICE ROAD 3,Terrence Gibson,610,2025-01-30,"Two-Way , Not Divided",Dry,Dark - Lighted,Clear,"Sideswipe, Same Direction",No,Traffic Control Signal,2,0,No Injury,2,,41.81624,-71.44036
920980,2025-00007344,2025-01-30,5:36:00 PM,Vehicle - Vehicle,,WESTMINSTER ST,SERVICE ROAD 3,Terrence Gibson,610,2025-01-30,"Two-Way , Not Divided",Dry,Dark - Lighted,Clear,Angle (Front - to - Side) Right Angle (Includes Broadside),No,No Controls,2,0,No Injury,2,,41.8163,-71.44054
920981,2025-00007354,2025-01-30,6:33:00 PM,Vehicle - Vehicle,,HARTFORD AVE,HARTFORD AVE,Matthew LeClerc,180,2025-01-30,"Two-Way , Not Divided",Dry,Dark - Lighted,Clear,"Sidwswipe, Opposite Direction",No,Stop Signs,7,0,No Injury,2,2,41.81726,-71.44987
920982,2025-00007341,2025-01-30,5:12:00 PM,Vehicle - Parked Vehicle,,BODELL AVE,ETNA ST,Terrence Gibson,610,2025-01-30,Unknown,Dry,Dark - Lighted,Clear,Unknown,"Yes, M/V and Driver Left Scene",No Controls,0,0,Unknown,2,,41.81665,-71.45259
920983,2025-00007349,2025-01-30,6:17:00 PM,Vehicle - Vehicle,,SMITH STREET,DANFORTH STREET,Ian Quinn,102,2025-01-30,"Two-Way , Not Divided",Dry,Dark - Lighted,Clear,Rear End(Front-to-Rear),No,No Controls,2,1,Complains Of Pain,2,2,,
920984,2025-00007321,2025-01-30,4:32:00 PM,Vehicle - Vehicle,,POINT ST,HOSPITAL ST,Raymond Criner,340,2025-01-30,"Two-Way , Not Divided",Dry,Dusk,Clear,Angle (Front - to - Side) Right Angle (Includes Broadside),No,Stop Signs,5,2,Complains Of Pain,2,,41.81566,-71.4095
921001,2025-00007381,2025-01-30,8:54:00 PM,Vehicle - Vehicle,,JOHN J PARTINGTON WAY,,Brandon McDonnell,620,2025-01-31,One-Way Trafficway,Dry,Dark - Lighted,Clear,Angle (Front - to - Side) Same Direction,No,Traffic Control Signal,2,0,No Injury,2,,,
921005,2025-00007384,2025-01-30,8:57:00 PM,Vehicle - Pedestrian,Pedestrian,63 ELMWOOD AVE,,Brandon McDonnell,620,2025-01-31,"Two-Way , Not Divided",Dry,Dark - Lighted,Clear,Angle (Front - to - Side) Opposite Direction,"Yes, M/V and Driver Left Scene",No Controls,3,0,No Injury,2,,,
920964,2025-00007222,2025-01-30,7:56:00 AM,Vehicle - Vehicle,,Francis St,EXIT 22A  (RT ),Alexander Wagoner,541,2025-01-30,One-Way Trafficway,Dry,Daylight,Clear,Angle (Front - to - Side) Same Direction,No,Traffic Control Signal,3,0,No Injury,2,,41.82572,-71.41525
920967,2025-00007230,2025-01-30,9:23:00 AM,Vehicle - Parked Vehicle,,57 SUMTER ST,EMERSON ST,Hansel Ventura,570,2025-01-30,"Two-Way , Not Divided",Dry,Daylight,Clear,"Sideswipe, Same Direction","Yes, M/V and Driver Left Scene",No Controls,1,0,Unknown,2,,41.79721,-71.41593
920968,2025-00007248,2025-01-30,10:03:00 AM,Vehicle - Parked Vehicle,,RANDALL SQ,CHARLES ST,Domingo Diaz,519,2025-01-30,One-Way Trafficway,Dry,Daylight,Clear,Not a Collision Between Two Motor Vehicles in Transport,"Yes, M/V and Driver Left Scene",No Controls,1,0,Unknown,2,,41.8358,-71.41081
920971,2025-00007260,2025-01-30,11:19:00 AM,Vehicle - Parked Vehicle,,51 SOMERSET STREET,PINE STREET,Flavio Tavares,371,2025-01-30,"Two-Way , Not Divided",Dry,Daylight,Clear,"Sideswipe, Same Direction","Yes, M/V and Driver Left Scene",No Controls,1,0,No Injury,2,,,
920972,2025-00007242,2025-01-30,9:53:00 AM,Vehicle - Vehicle,,HARTFORD AVENUE,FLOWER STREET,Patrolwoman Addai,513,2025-01-30,"Two-Way , Not Divided",Dry,Daylight,Clear,Angle (Front - to - Side) Opposite Direction,No,Stop Signs,8,2,Complains Of Pain,2,2,,
920973,2025-00007266,2025-01-30,11:54:00 AM,Vehicle - Vehicle,,593 EDDY STREET,DUDLEY STREET,Flavio Tavares,371,2025-01-30,"Two-Way , Not Divided",Dry,Daylight,Clear,"Sidwswipe, Opposite Direction",No,No Controls,2,0,No Injury,2,,,
920974,2025-00007287,2025-01-30,1:35:00 AM,Vehicle - Vehicle,,EXIT 21 (RT 1),BROADWAY,Raleek Byfield,375,2025-01-30,"Two-Way, Divided, Unprotected (painted>4feet) Medium",Dry,Daylight,Clear,Angle (Front - to - Side) Same Direction,No,Traffic Control Signal,5,3,Complains Of Pain,2,,41.82204,-71.41977
920975,2025-00007270,2025-01-30,7:26:00 AM,Vehicle - Parked Vehicle,,VERNDALE AVE,BERNARD ST,Quincy Griffin,970,2025-01-30,"Two-Way , Not Divided",Dry,Daylight,Clear,"Sideswipe, Same Direction","Yes, M/V and Driver Left Scene",No Controls,2,0,Unknown,2,,41.79106,-71.40766
920976,2025-00007136,2025-01-29,7:14:00 PM,Vehicle - Vehicle,,BLACKSTONE ST,PRAIRIE AVE,Johansell Montilla,627,2025-01-30,"Two-Way, Divided, Unprotected (painted>4feet) Medium",Dry,Dark - Lighted,Clear,Head-On (Front - to - Front),No,Stop Signs,2,0,No Injury,2,,41.8093,-71.4158
920910,2025-00006787,2025-01-29,1:44:00 PM,Vehicle - Parked Vehicle,,126 Power Rd,,Martin Hames,536,2025-01-29,"Two-Way , Not Divided",Dry,Daylight,Clear,"Sideswipe, Same Direction",No,No Controls,2,0,No Injury,2,,,
920956,2025-00006964,2025-01-29,7:30:00 AM,Vehicle - Vehicle,,29 Manton Ave,Tanyard Ln,Luis Quinilla,572,2025-01-30,"Two-Way , Not Divided",Dry,Daylight,Clear,Rear End(Front-to-Rear),No,No Controls,4,0,No Injury,2,2,,
920959,2025-00007066,2025-01-29,2:00:00 PM,Vehicle - Vehicle,,NORTH MAIN STREET,SMITHFIELD AVENUE,Joseph Madeira,552,2025-01-30,"Two-Way, Divided, Positive Median Barrier",Dry,Daylight,Clear,Rear End(Front-to-Rear),"Yes, M/V and Driver Left Scene",Traffic Control Signal,1,0,No Injury,2,4,41.83618,-71.41545
920920,2025-00007015,2025-01-29,10:53:00 PM,Vehicle - Vehicle,,UNION AVE,POCASSET AVE,Michael Pesola,117,2025-01-29,"Two-Way , Not Divided",Dry,Daylight,Clear,Head-On (Front - to - Front),No,Traffic Control Signal,4,0,No Injury,2,,41.80639,-71.45714
920921,2025-00007013,2025-01-29,10:55:00 AM,Vehicle - Parked Vehicle,,PARSONAGE ST,SOUTH ST,Raleek Byfield,375,2025-01-29,"Two-Way , Not Divided",Wet,Daylight,Clear,Rear - to - Side,No,No Controls,3,0,No Injury,2,,41.81665,-71.40925
920922,2025-00007017,2025-01-29,10:53:00 AM,Vehicle - Parked Vehicle,,208 COLLEYER STREET,SMITHFIELD AVENUE,Joseph Madeira,552,2025-01-29,"Two-Way , Not Divided",Dry,Daylight,Clear,Angle (Front - to - Side) Opposite Direction,No,No Controls,2,0,No Injury,2,2,41.83616,-71.41597
920923,2025-00007029,2025-01-29,11:53:00 AM,Vehicle - Vehicle,,ATLANTIC AVE,MELROSE ST,Hansel Ventura,570,2025-01-29,"Two-Way , Not Divided",Dry,Daylight,Clear,Angle (Front - to - Side) Right Angle (Includes Broadside),No,Stop Signs,4,0,No Injury,2,,41.79746,-71.42235
920926,2025-00007033,2025-01-29,11:57:00 AM,Vehicle - Vehicle,,South Main,Tockwotten,Martin Hames,536,2025-01-29,One-Way Trafficway,Dry,Daylight,Clear,Angle (Front - to - Side) Same Direction,No,No Controls,2,0,No Injury,2,,,
920927,2025-00007047,2025-01-29,12:58:00 PM,Vehicle - Vehicle,,DOUGLAS AVE,CHAD BROWN ST,Matthew Carlone,602,2025-01-29,"Two-Way , Not Divided",Dry,Daylight,Clear,Angle (Front - to - Side) Right Angle (Includes Broadside),No,Traffic Control Signal,4,0,No Injury,2,,41.83925,-71.42582
920928,2025-00007035,2025-01-29,12:21:00 PM,Vehicle - Parked Vehicle,,COLLEGE ST,S MAIN ST,Louis Gianfrancesco,350,2025-01-29,"Two-Way, Divided, Unprotected (painted>4feet) Medium",Dry,Daylight,Clear,Rear End(Front-to-Rear),"Yes, M/V and Driver Left Scene",No Controls,1,0,Unknown,2,2,41.82576,-71.4075
920929,2025-00006960,2025-01-29,7:16:00 AM,Vehicle - Parked Vehicle,,Silver Lake Ave,PRUDENCE AVE,Ajay Subramaniam,569,2025-01-29,"Two-Way , Not Divided",Dry,Daylight,Clear,"Sideswipe, Same Direction",No,No Controls,3,0,No Injury,2,,41.80706,-71.46103
920931,2025-00007059,2025-01-29,1:15:00 PM,Vehicle - Pedestrian,Pedestrian,Washington St,Mathewson St,James Annis,454,2025-01-29,"Two-Way , Not Divided",Dry,Daylight,Clear,Not a Collision Between Two Motor Vehicles in Transport,No,Traffic Control Signal,3,1,Complains Of Pain,1,2,,
920932,2025-00007077,2025-01-29,2:55:00 PM,Vehicle - Parked Vehicle,,BRIDGHAM ST,WESTMINSTER ST,Kelsa Heron,133,2025-01-29,"Two-Way , Not Divided",Dry,Daylight,Cloudy,Rear End(Front-to-Rear),No,No Controls,2,0,No Injury,2,,41.81687,-71.42839
920933,2025-00007080,2025-01-29,3:05:00 PM,Vehicle - Vehicle,,CRANSTON ST,BURGESS ST,Ptlwm. Teran,625,2025-01-29,"Two-Way, Divided, Positive Median Barrier",Dry,Daylight,Cloudy,Rear End(Front-to-Rear),No,No Controls,3,0,No Injury,2,,41.81553,-71.42455
920937,2025-00007097,2025-01-29,4:09:00 PM,Vehicle - Vehicle,,MESSER ST,CRANSTON ST,Ralph Abenante,511,2025-01-29,"Two-Way, Divided, Unprotected (painted>4feet) Medium",Wet,Daylight,Cloudy,Angle (Front - to - Side) Opposite Direction,No,Yield Signs,5,0,No Injury,2,,41.80963,-71.43345
920938,2025-00007107,2025-01-29,4:36:00 PM,Vehicle - Vehicle,,SYBARIS ST,RUSHMORE AVE,Jessenia Montano,149,2025-01-29,"Two-Way , Not Divided",Dry,Daylight,Clear,Rear - to - Side,No,No Controls,2,0,No Injury,2,,41.82708,-71.45623
920939,2025-00007101,2025-01-29,4:30:00 PM,Vehicle - Vehicle,,POTTERS AVE,HAMILTON ST,Gerry Kue,393,2025-01-29,"Two-Way , Not Divided",Wet,Dark - Lighted,Snow,Angle (Front - to - Side) Right Angle (Includes Broadside),No,Stop Signs,5,0,No Injury,3,,41.80188,-71.42265
920940,2025-00007121,2025-01-29,5:50:00 PM,Vehicle - Vehicle,,CARPENTER ST,DEAN ST,Kelsa Heron,133,2025-01-29,"Two-Way , Not Divided",Dry,Dark - Lighted,Clear,Angle (Front - to - Side) Right Angle (Includes Broadside),"Yes, M/V and Driver Left Scene",No Controls,5,0,No Injury,2,,41.82061,-71.42189
920941,2025-00007102,2025-01-29,4:17:00 PM,Vehicle - Vehicle,,ADMIRAL ST,LOVEDAY ST,John Palmer,101,2025-01-29,"Two-Way , Not Divided",Dry,Daylight,Clear,Angle (Front - to - Side) Right Angle (Includes Broadside),No,Stop Signs,4,0,No Injury,2,,41.84716,-71.43422
920942,2025-00007111,2025-01-29,5:05:00 PM,Vehicle - Parked Vehicle,,650 BRANCH AVE,,John Palmer,101,2025-01-29,Unknown,Dry,Dusk,Cloudy,Angle - Direction Not Specified,"Yes, M/V and Driver Left Scene",No Controls,2,0,Unknown,2,,,
920943,2025-00007099,2025-01-29,4:06:00 PM,Vehicle - Vehicle,,BLACKSTONE ST,STANIFORD ST,Jose Cortorreal,604,2025-01-29,"Two-Way , Not Divided",Dry,Daylight,Clear,Angle (Front - to - Side) Right Angle (Includes Broadside),No,No Controls,3,0,No Injury,2,,41.80946,-71.41187
920944,2025-00007131,2025-01-29,6:35:00 PM,Vehicle - Parked Vehicle,,BRIGGS ST,EDDY ST,Jose Cortorreal,604,2025-01-29,"Two-Way , Not Divided",Dry,Dark - Lighted,Cloudy,Unknown,"Yes, M/V and Driver Left Scene",No Controls,1,0,Unknown,2,,41.80186,-71.40682
920945,2025-00007081,2025-01-29,3:07:00 PM,Vehicle - Vehicle,,PINE STREET,CHESTNUT ST,Manuel Tueros,621,2025-01-29,One-Way Trafficway,Dry,Daylight,Clear,"Sideswipe, Same Direction",No,No Controls,2,0,No Injury,2,,41.8194,-71.41298
920947,2025-00006963,2025-01-29,7:28:00 AM,Vehicle - Parked Vehicle,,CROYLAND RD,OXFORD ST,Anthony Nuzzo,663,2025-01-30,"Two-Way , Not Divided",Dry,Daylight,Clear,Angle (Front - to - Side) Right Angle (Includes Broadside),No,No Controls,3,0,No Injury,2,,41.80189,-71.41405
920948,2025-00006966,2025-01-29,8:16:00 AM,Vehicle - Vehicle,,88 BEACON AVENUE,EMMETT ST,Anthony Nuzzo,663,2025-01-30,"Two-Way , Not Divided",Dry,Daylight,Clear,Rear - to - Side,No,No Controls,2,0,No Injury,2,,41.81436,-71.41427
921018,2025-00007069,2025-01-29,2:03:00 PM,Vehicle - Vehicle,,POINT ST,HOPPIN ST,Gustavo Genao,135,2025-02-01,One-Way Trafficway,Oil,Daylight,Clear,Rear End(Front-to-Rear),No,Traffic Control Signal,3,2,Complains Of Pain,2,,41.81516,-71.41161
921020,2025-00006996,2025-01-29,10:12:00 AM,Vehicle - Vehicle,,Union Ave,TERRACE AVE,Ajay Subramaniam,569,2025-02-01,"Two-Way , Not Divided",Dry,Daylight,Clear,Angle (Front - to - Side) Right Angle (Includes Broadside),No,No Controls,3,0,No Injury,2,,41.80624,-71.44994
920963,2025-00007064,2025-01-29,1:53:00 PM,Vehicle - Vehicle,,PLAIN STREET,LOCKWOOD ST,Hildenise Espanol,137,2025-01-30,"Two-Way , Not Divided",Dry,Daylight,Clear,Rear End(Front-to-Rear),No,No Controls,4,0,No Injury,2,,41.81161,-71.4117
920985,2025-00007011,2025-01-29,10:49:00 AM,Vehicle - Vehicle,,POINT ST,EDDY ST,Lucio Andreozzi,381,2025-01-31,One-Way Trafficway,Dry,Daylight,Clear,Angle (Front - to - Side) Same Direction,No,Traffic Control Signal,3,0,No Injury,2,,41.81685,-71.40633
921034,2025-00006956,2025-01-29,6:43:00 AM,Vehicle - Vehicle,,Elmwood Ave,DEPEW ST,Michelle Chasse,264,2025-02-02,"Two-Way, Divided, Unprotected (painted>4feet) Medium",Dry,Daylight,Clear,Rear End(Front-to-Rear),No,No Controls,2,0,No Injury,2,,41.78319,-71.4191
921056,2025-00007764,2025-01-28,8:30:00 AM,Vehicle - Parked Vehicle,,ANGELL ST,,Jason Clancy,999,2025-02-03,Unknown,Unknown,Daylight,Clear,Unknown,"Yes, M/V and Driver Left Scene",Unknown,2,0,Unknown,2,,,
921033,2025-00006776,2025-01-28,1:14:00 PM,Vehicle - Parked Vehicle,,RAILROAD ST,PARK ROW,Michael Baldassare,568,2025-02-02,One-Way Trafficway,Dry,Daylight,Clear,"Sideswipe, Same Direction",No,No Controls,2,0,No Injury,2,,41.82922,-71.41261
921169,2025-00006696,2025-01-28,7:42:00 AM,Vehicle - Vehicle,,ALLENS AVE,ERNEST ST,Waldorf Pognon,501,2025-02-06,"Two-Way , Not Divided",Dry,Daylight,Clear,Rear End(Front-to-Rear),No,No Controls,2,0,No Injury,2,2,41.79515,-71.39804
920930,2025-00006771,2025-01-28,1:07:00 PM,Vehicle - Parked Vehicle,,WESTMINSTER ST,UNION ST,Michael Baldassare,568,2025-01-29,One-Way Trafficway,Dry,Daylight,Clear,"Sideswipe, Same Direction","Yes, M/V and Driver Left Scene",No Controls,2,0,No Injury,2,,41.8229,-71.41262
920924,2025-00007001,2025-01-28,7:00:00 PM,Vehicle - Vehicle,,ELMWOOD AVE,THACKERY ST,Jason Clancy,999,2025-01-29,Unknown,Dry,Dark - Unknown Lighting,Clear,Rear End(Front-to-Rear),"Yes, M/V and Driver Left Scene",Unknown,1,0,Unknown,2,,41.79208,-71.42288
920883,2025-00006705,2025-01-28,8:44:00 AM,Vehicle - Vehicle,,HOPE ST,4TH ST,Domingo Diaz,519,2025-01-28,"Two-Way, Divided, Unprotected (painted>4feet) Medium",Dry,Daylight,Clear,"Sideswipe, Same Direction",No,No Controls,3,0,No Injury,2,,41.84916,-71.39495
920884,2025-00006703,2025-01-28,8:39:00 AM,Vehicle - Pedestrian,Bicycle,college st,MEMORIAL BLVD,Louis Gianfrancesco,350,2025-01-28,"Two-Way, Divided, Unprotected (painted>4feet) Medium",Dry,Daylight,Clear,Angle (Front - to - Side) Right Angle (Includes Broadside),No,No Controls,3,1,Complains Of Pain,1,1,41.82545,-71.40839
920895,2025-00006773,2025-01-28,1:11:00 PM,Vehicle - Vehicle,,Gordon Avenue,REYNOLDS AVE,Igor Barbosa,114,2025-01-28,"Two-Way, Divided, Unprotected (painted>4feet) Medium",Dry,Daylight,Clear,Angle (Front - to - Side) Right Angle (Includes Broadside),No,Stop Signs,4,0,No Injury,2,,41.80468,-71.41615
920898,2025-00006707,2025-01-28,8:48:00 AM,Vehicle - Vehicle,,SUNSET AVE,KILLINGLY ST,Ajay Subramaniam,569,2025-01-28,"Two-Way , Not Divided",Dry,Daylight,Clear,Angle (Front - to - Side) Opposite Direction,No,Stop Signs,3,0,No Injury,2,,41.81455,-71.46364
920899,2025-00006788,2025-01-28,1:25:00 PM,Vehicle - Vehicle,,CRANSTON ST,HANOVER ST,Joel Ikuejamofo,143,2025-01-28,"Two-Way , Not Divided",Dry,Daylight,Clear,Head-On (Front - to - Front),"Yes, M/V and Driver Left Scene",No Controls,2,0,No Injury,2,,41.80947,-71.43356
920900,2025-00006801,2025-01-28,2:17:00 PM,Vehicle - Vehicle,,BROAD ST,BROAD ST,Raleek Byfield,375,2025-01-28,"Two-Way, Divided, Positive Median Barrier",Dry,Daylight,Clear,"Sideswipe, Same Direction",No,Pavement Markings,7,0,No Injury,3,,41.81372,-71.42157
920901,2025-00006820,2025-01-28,3:31:00 PM,Vehicle - Pedestrian,Pedestrian,Lubec St,MANILA ST,Tyler Calandra,418,2025-01-28,"Two-Way , Not Divided",Dry,Daylight,Clear,Not a Collision Between Two Motor Vehicles in Transport,No,No Controls,3,1,Complains Of Pain,1,,41.85439,-71.44544
920902,2025-00006825,2025-01-28,3:44:00 PM,Vehicle - Vehicle,,CHARLES ST,EXIT  (RT ),Ptlm. Labutti,104,2025-01-28,"Two-Way , Not Divided",Dry,Daylight,Clear,Head-On (Front - to - Front),No,Traffic Control Signal,3,1,Complains Of Pain,2,,41.84224,-71.41786
920903,2025-00006840,2025-01-28,4:48:00 PM,Vehicle - Vehicle,,BRANCH AVE,OLMSTEAD WAY,John Palmer,101,2025-01-28,"Two-Way , Not Divided",Dry,Dusk,Clear,Rear End(Front-to-Rear),No,No Controls,2,0,No Injury,2,,41.85388,-71.42966
920904,2025-00006804,2025-01-28,3:00:00 PM,Vehicle - Vehicle,,CAHIR ST,DEAN ST,Kelsa Heron,133,2025-01-28,"Two-Way , Not Divided",Dry,Daylight,Clear,"Sideswipe, Same Direction",No,No Controls,2,1,Complains Of Pain,2,,41.81815,-71.4201
920905,2025-00006839,2025-01-28,4:40:00 PM,Vehicle - Vehicle,,15 CAMDEN AVE,CHALKSTONE AVE,David Palumbo,106,2025-01-28,One-Way Trafficway,Dry,Daylight,Clear,"Sideswipe, Same Direction","Yes, M/V and Driver Left Scene",No Controls,2,0,Unknown,2,,41.83588,-71.42557