CrashReportId,ReportNumber,CrashDate,CrashTime,TypeOfCollision,Collision Type,StreetOrHighway,NearestIntersection,Officer,Badge,ReportDate,TypeOfRoadway,RoadSurfaceCondition,LightCondition,WeatherCondition,MannerofImpact,HitAndRun,TrafficControl,PersonCount,InjuryCount,MostSeriousInjury,NumberofVehicles,NumberOfLanes,Latitude,Longitude
920888,2025-00006772,2025-01-28,12:53:00 PM,Vehicle - Vehicle,,SILVER SPRING ST,BRANCH AVE,Ptlm. Labutti,104,2025-01-28,"Two-Way , Not Divided",Dry,Daylight,Clear,Rear End(Front-to-Rear),"Yes, M/V and Driver Left Scene",Traffic Control Signal,3,0,No Injury,2,,41.84784,-71.41471
920889,2025-00006751,2025-01-28,12:07:00 PM,Vehicle - Parked Vehicle,,MAIDEN LN,MATHEWSON ST,Raleek Byfield,375,2025-01-28,One-Way Trafficway,Dry,Daylight,Clear,Angle (Front - to - Side) Same Direction,No,Stop Signs,5,0,No Injury,2,,41.8228,-71.41447
920891,2025-00006698,2025-01-28,8:10:00 AM,Vehicle - Vehicle,,Broad Street,PEARL ST,Igor Barbosa,114,2025-01-28,"Two-Way, Divided, Unprotected (painted>4feet) Medium",Dry,Daylight,Clear,Head-On (Front - to - Front),No,Traffic Control Signal,3,0,No Injury,2,,41.81475,-71.42095
920892,2025-00006716,2025-01-28,9:42:00 AM,Vehicle - Vehicle,,ANGELL ST,ARLINGTON AVE,George Pereira,421,2025-01-28,One-Way Trafficway,Dry,Daylight,Clear,Angle (Front - to - Side) Right Angle (Includes Broadside),No,Stop Signs,3,0,No Injury,2,,41.82937,-71.39217
920908,2025-00006843,2025-01-28,4:49:00 PM,Vehicle - Vehicle,,WATERMAN ST,WAYLAND AVE,Jason Andrade,200,2025-01-29,One-Way Trafficway,Dry,Dark - Lighted,Clear,"Sidwswipe, Opposite Direction","Yes, M/V and Driver Left Scene",No Controls,5,0,No Injury,2,,41.8284,-71.38725
920909,2025-00006767,2025-01-28,12:50:00 PM,Vehicle - Vehicle,,ORMS ST,HOLDEN ST,Christopher Hines,537,2025-01-29,"Two-Way , Not Divided",Dry,Daylight,Clear,Angle (Front - to - Side) Right Angle (Includes Broadside),"Yes, M/V and Driver Left Scene",Stop Signs,2,0,No Injury,2,,41.83421,-71.4191
920865,2025-00006526,2025-01-27,12:58:00 PM,Vehicle - Vehicle,,ADELAIDE AVE,BROAD ST,David Palumbo,106,2025-01-27,"Two-Way , Not Divided",Dry,Daylight,Clear,"Sideswipe, Same Direction","Yes, M/V and Driver Left Scene",No Controls,1,0,No Injury,2,,41.79871,-71.41591
920857,2025-00006530,2025-01-27,1:11:00 PM,Vehicle - Vehicle,,FRANCIS ST,MEMORIAL BLVD,Joshua Cascione,225,2025-01-27,"Two-Way , Not Divided",Dry,Daylight,Clear,Rear End(Front-to-Rear),"Yes, M/V and Driver Left Scene",Traffic Control Signal,3,1,Complains Of Pain,3,,41.82649,-71.41551
920867,2025-00006534,2025-01-27,1:12:00 PM,Vehicle - Vehicle,,PENNSYLVANIA AVE,PRAIRIE AVE,David Palumbo,106,2025-01-27,"Two-Way , Not Divided",Dry,Daylight,Clear,Angle (Front - to - Side) Right Angle (Includes Broadside),Unknown,Stop Signs,4,0,No Injury,2,,41.79785,-71.41152
920868,2025-00006548,2025-01-27,2:54:00 PM,Vehicle - Vehicle,,BRANCH AVENUE,METCALF STREET,Ian Quinn,102,2025-01-27,"Two-Way , Not Divided",Dry,Daylight,Clear,Rear End(Front-to-Rear),No,No Controls,4,1,Complains Of Pain,3,2,,
920870,2025-00006554,2025-01-27,3:12:00 PM,Vehicle - Parked Vehicle,,RIDGEWAY AVE,HILLCREST AVE,Jessenia Montano,149,2025-01-27,"Two-Way, Divided, Unprotected (painted>4feet) Medium",Dry,Daylight,Clear,Not a Collision Between Two Motor Vehicles in Transport,No,No Controls,3,0,No Injury,2,,41.82815,-71.46027
920871,2025-00006571,2025-01-27,4:07:00 PM,Vehicle - Vehicle,,WESTMINSTER ST,WINTER ST,Colby Berciano,671,2025-01-27,"Two-Way , Not Divided",Dry,Daylight,Clear,Rear End(Front-to-Rear),"Yes, M/V and Driver Left Scene",Traffic Control Signal,4,0,No Injury,2,,41.81741,-71.42234
920872,2025-00006565,2025-01-27,3:36:00 PM,Vehicle - Pedestrian,Bicycle,WESTMINSTER ST,BRIDGHAM ST,Colby Berciano,671,2025-01-27,"Two-Way , Not Divided",Dry,Daylight,Clear,Angle (Front - to - Side) Same Direction,No,Traffic Control Signal,3,0,No Injury,1,,41.8169,-71.42851
920873,2025-00006574,2025-01-27,4:15:00 PM,Vehicle - Vehicle,,N MAIN ST,WHITE ST,Patrick Hourahan,243,2025-01-27,"Two-Way , Not Divided",Dry,Daylight,Clear,Angle (Front - to - Side) Right Angle (Includes Broadside),No,No Controls,4,1,Complains Of Pain,2,,41.85545,-71.40016
920874,2025-00006584,2025-01-27,4:53:00 PM,Vehicle - Vehicle,,BROAD ST,BROAD ST,Thomas Jones,160,2025-01-27,"Two-Way , Not Divided",Dry,Dark - Lighted,Clear,"Sideswipe, Same Direction","Yes, M/V and Driver Left Scene",Stop Signs,2,0,No Injury,3,,41.79217,-71.40717
920875,2025-00006595,2025-01-27,5:45:00 PM,Vehicle - Vehicle,,CHARLES STREET,EXIT  (RT ),Ian Quinn,102,2025-01-27,"Two-Way , Not Divided",Dry,Dark - Lighted,Clear,Angle (Front - to - Side) Right Angle (Includes Broadside),No,Traffic Control Signal,4,0,No Injury,2,4,41.8422,-71.41799
920876,2025-00006545,2025-01-27,2:43:00 PM,Vehicle - Vehicle,,NELSON ST,WHITFORD AVE,Raymond Criner,340,2025-01-27,"Two-Way , Not Divided",Dry,Daylight,Clear,Angle (Front - to - Side) Right Angle (Includes Broadside),No,Stop Signs,3,1,Complains Of Pain,2,,41.83897,-71.44387
920877,2025-00006552,2025-01-27,3:10:00 PM,Vehicle - Pedestrian,Pedestrian,RANDALL ST,N MAIN ST,Raymond Criner,340,2025-01-27,"Two-Way, Divided, Positive Median Barrier",Dry,Daylight,Clear,Not a Collision Between Two Motor Vehicles in Transport,No,Pavement Markings,3,1,Complains Of Pain,1,,41.83834,-71.40953
920878,2025-00006602,2025-01-27,5:59:00 PM,Vehicle - Vehicle,,CAMDEN AVE,SWEETBRIAR ST,Ryan Fernandes,125,2025-01-27,One-Way Trafficway,Dry,Dark - Lighted,Clear,"Sideswipe, Same Direction",No,No Controls,5,2,Complains Of Pain,2,,41.83984,-71.42709
920879,2025-00006564,2025-01-27,3:36:00 PM,Vehicle - Parked Vehicle,,WESTMINSTER ST,MATHEWSON ST,Alexander Frias,669,2025-01-27,One-Way Trafficway,Dry,Daylight,Clear,"Sideswipe, Same Direction",No,No Controls,3,0,No Injury,2,,41.82224,-71.41354
920881,2025-00006606,2025-01-27,6:23:00 PM,Vehicle - Vehicle,,HOPE ST,WATERMAN ST,James Lewis,250,2025-01-27,"Two-Way , Not Divided",Dry,Dark - Lighted,Clear,Rear - to - Side,No,No Controls,5,0,No Injury,2,,41.82755,-71.39723
920961,2025-00007091,2025-01-27,6:38:00 AM,Vehicle - Parked Vehicle,,EDDY ST,MIDDLE ST,Quincy Griffin,970,2025-01-30,Unknown,Dry,Dawn,Clear,Rear End(Front-to-Rear),No,No Controls,2,0,No Injury,2,,41.82295,-71.41203
920919,2025-00006824,2025-01-27,11:00:00 PM,Vehicle - Vehicle,,BRANCH AVE,STATE HWY 146 S,Jason Clancy,999,2025-01-29,Unknown,Dry,Dark - Unknown Lighting,Clear,Rear End(Front-to-Rear),"Yes, M/V and Driver Left Scene",Unknown,3,0,Unknown,2,,41.85309,-71.42668
920848,2025-00006457,2025-01-27,7:54:00 AM,Vehicle - Vehicle,,I 195 E,EXIT 4  (RT ),Joshua Cascione,225,2025-01-27,One-Way Trafficway,Dry,Daylight,Clear,Rear End(Front-to-Rear),"Yes, M/V and Driver Left Scene",No Controls,2,1,Complains Of Pain,2,,41.81903,-71.38443
920850,2025-00006446,2025-01-27,6:34:00 AM,Vehicle - Vehicle,,BRIDGHAM ST,ELMWOOD AVE,Joel Ikuejamofo,143,2025-01-27,"Two-Way , Not Divided",Dry,Daylight,Clear,Rear End(Front-to-Rear),"Yes, M/V and Driver Left Scene",Traffic Control Signal,3,3,Complains Of Pain,2,,41.81277,-71.42218
920855,2025-00006488,2025-01-27,10:09:00 AM,Vehicle - Vehicle,,THURBERS AVE,I 95,David Palumbo,106,2025-01-27,One-Way Trafficway,Dry,Daylight,Clear,Rear End(Front-to-Rear),No,Traffic Control Signal,2,1,Complains Of Pain,2,,41.80038,-71.40373
920859,2025-00006459,2025-01-27,8:09:00 AM,Vehicle - Vehicle,,BRANCH AVE,OLMSTEAD WAY,Ryan Anderson,107,2025-01-27,"Two-Way , Not Divided",Dry,Daylight,Clear,Rear End(Front-to-Rear),No,No Controls,3,0,No Injury,2,,41.85405,-71.43034
920860,2025-00006535,2025-01-27,1:33:00 PM,Vehicle - Pedestrian,Pedestrian,PAGE ST,WEYBOSSET ST,Michael Baldassare,568,2025-01-27,One-Way Trafficway,Dry,Daylight,Clear,Other,"Yes, M/V and Driver Left Scene",No Controls,3,0,Unknown,2,,41.82138,-71.41187
920861,2025-00006347,2025-01-26,2:39:00 PM,Vehicle - Parked Vehicle,,PROVIDENCE PL,,Jason Clancy,999,2025-01-27,Unknown,Dry,Daylight,Clear,Unknown,"Yes, M/V and Driver Left Scene",Unknown,3,0,No Injury,2,,,
920844,2025-00006366,2025-01-26,6:43:00 PM,Vehicle - Vehicle,,SMITH ST,RADCLIFFE AVE,Raymond Criner,340,2025-01-26,"Two-Way , Not Divided",Dry,Dark - Lighted,Clear,Angle (Front - to - Side) Right Angle (Includes Broadside),No,Pavement Markings,5,2,Complains Of Pain,2,2,41.83694,-71.43209
920841,2025-00006312,2025-01-26,3:27:00 PM,Vehicle - Parked Vehicle,,RHODES ST,EDDY ST,Nicolas Lafazia,369,2025-01-26,"Two-Way , Not Divided",Dry,Daylight,Clear,Unknown,"Yes, M/V and Driver Left Scene",No Controls,2,0,No Injury,2,,41.80838,-71.40686
920835,2025-00006217,2025-01-26,1:32:00 AM,Vehicle - Vehicle,,Friendship Street,Portland Street,Irving Liriano,631,2025-01-26,One-Way Trafficway,Dry,Dark - Lighted,Clear,Head-On (Front - to - Front),"Yes, Driver Left Scene",No Controls,2,1,Complains Of Pain,2,,41.81356,-71.4175
920836,2025-00006236,2025-01-26,2:34:00 AM,Vehicle - Vehicle,,POINT ST,I 95 N,Irving Liriano,631,2025-01-26,One-Way Trafficway,Dry,Dark - Lighted,Clear,Rear End(Front-to-Rear),"Yes, M/V and Driver Left Scene",Traffic Control Signal,1,0,No Injury,2,,41.81513,-71.41193
920837,2025-00006194,2025-01-26,12:19:00 PM,Vehicle - Parked Vehicle,,BROAD ST,CHESTNUT ST,Alexander Frias,669,2025-01-26,"Two-Way , Not Divided",Dry,Dark - Lighted,Clear,"Sideswipe, Same Direction","Yes, M/V and Driver Left Scene",No Controls,1,0,No Injury,2,,41.81988,-71.41448
920838,2025-00006237,2025-01-26,2:34:00 AM,Vehicle - Pedestrian,Pedestrian,POE ST,SAYLES ST,Hannabeth Mendez,675,2025-01-26,"Two-Way , Not Divided",Wet,Dark - Lighted,Clear,Rear End(Front-to-Rear),"Yes, M/V and Driver Left Scene",No Controls,4,0,Unknown,4,,41.80532,-71.40375
920839,2025-00006269,2025-01-26,11:36:00 AM,Vehicle - Pedestrian,Pedestrian,1 PROVIDENCE PLACE,FRANCIS ST,Joshua Cascione,225,2025-01-26,One-Way Trafficway,Dry,Daylight,Clear,Not a Collision Between Two Motor Vehicles in Transport,"Yes, M/V and Driver Left Scene",No Controls,3,0,No Injury,1,,,
920890,2025-00006739,2025-01-26,7:00:00 PM,Vehicle - Parked Vehicle,,POTTERS AVE,HAMILTON ST,Jason Clancy,999,2025-01-28,Unknown,Dry,Dark - Unknown Lighting,Clear,Unknown,"Yes, M/V and Driver Left Scene",Unknown,1,0,Unknown,2,,41.80188,-71.42265
921150,2025-00006351,2025-01-26,5:18:00 PM,Vehicle - Vehicle,,MAGNOLIA ST,BANCROFT ST,Nathaniel Eastman,112,2025-02-05,"Two-Way , Not Divided",Dry,Dark - Lighted,Clear,Angle (Front - to - Side) Right Angle (Includes Broadside),No,Stop Signs,3,0,No Injury,2,,41.81255,-71.44752
921271,2025-00006115,2025-01-25,5:28:00 PM,Vehicle - Vehicle,,KINSLEY AVE,DEAN ST,Saramarie Cerullo,151,2025-02-10,"Two-Way, Divided, Unprotected (painted>4feet) Medium",Dry,Daylight,Clear,Angle (Front - to - Side) Same Direction,No,Traffic Control Signal,2,0,No Injury,2,,41.82878,-71.42672
920894,2025-00006339,2025-01-25,4:30:00 PM,Vehicle - Parked Vehicle,,GOVERNOR ST,WICKENDEN ST,Ibrahim Yousif,196,2025-01-28,"Two-Way , Not Divided",Dry,Daylight,Clear,"Sideswipe, Same Direction",No,No Controls,2,0,No Injury,2,,41.82048,-71.39368
920882,2025-00006073,2025-01-25,1:40:00 PM,Vehicle - Vehicle,,WESTMINSTER ST,WHITAKER ST,Matthew Sandorse,508,2025-01-25,"Two-Way , Not Divided",Other,Daylight,Clear,"Sideswipe, Same Direction",No,No Controls,3,0,No Injury,2,,41.81721,-71.42495
920858,2025-00006503,2025-01-25,10:00:00 AM,Vehicle - Parked Vehicle,,DARTMOUTH AVE,BROAD ST,Jason Clancy,999,2025-01-27,Unknown,Dry,Daylight,Clear,Other,"Yes, M/V and Driver Left Scene",Unknown,4,2,Complains Of Pain,2,,41.80849,-71.42064
920863,2025-00006125,2025-01-25,3:25:00 PM,Vehicle - Vehicle,,STEEPLE ST,CANAL ST,Jason Clancy,999,2025-01-27,One-Way Trafficway,Dry,Daylight,Clear,"Sideswipe, Same Direction","Yes, M/V and Driver Left Scene",Unknown,3,0,Unknown,2,,41.82718,-71.40991
920885,2025-00006723,2025-01-25,7:45:00 AM,Vehicle - Parked Vehicle,,593 EDDY ST,EDDY ST,Quincy Griffin,970,2025-01-28,Unknown,Dry,Dark - Lighted,Clear,Unknown,"Yes, M/V and Driver Left Scene",No Controls,4,0,No Injury,2,,,
920831,2025-00006127,2025-01-25,5:48:00 PM,Vehicle - Parked Vehicle,,BROAD ST,SACKETT ST,Raymond Criner,340,2025-01-25,"Two-Way , Not Divided",Dry,Dark - Lighted,Clear,"Sideswipe, Same Direction","Yes, M/V and Driver Left Scene",Pavement Markings,3,0,No Injury,2,,41.79641,-71.41244
920832,2025-00006094,2025-01-25,3:51:00 PM,Vehicle - Parked Vehicle,,ELMWOOD AVE,POTTERS AVE,Ptlw. Martinez,146,2025-01-25,"Two-Way, Divided, Positive Median Barrier",Dry,Daylight,Clear,"Sideswipe, Same Direction","Yes, M/V and Driver Left Scene",No Controls,3,0,No Injury,2,,,
920833,2025-00006116,2025-01-25,5:39:00 PM,Vehicle - Vehicle,,ELMWOOD AVE,GREENWICH ST,Ptlw. Martinez,146,2025-01-25,"Two-Way , Not Divided",Dry,Dark - Lighted,Clear,"Sidwswipe, Opposite Direction","Yes, M/V and Driver Left Scene",No Controls,3,0,No Injury,2,,,
920834,2025-00006151,2025-01-25,8:38:00 PM,Vehicle - Vehicle,,SYCAMORE ST,OAK ST,Ralph Abenante,511,2025-01-26,"Two-Way , Not Divided",Dry,Dark - Lighted,Clear,"Sidwswipe, Opposite Direction",No,No Controls,3,0,No Injury,2,,41.8155,-71.43506
920817,2025-00006036,2025-01-25,10:07:00 AM,Vehicle - Parked Vehicle,,CARPENTER ST,RINGGOLD ST,Raleek Byfield,375,2025-01-25,"Two-Way , Not Divided",Dry,Daylight,Clear,"Sideswipe, Same Direction",No,No Controls,4,0,No Injury,2,,41.82015,-71.42297
920819,2025-00006030,2025-01-25,2:30:00 AM,Vehicle - Parked Vehicle,,BERKLEY ST,HAROLD ST,Jason Dennis,392,2025-01-25,"Two-Way , Not Divided",Ice/Frost,Dark - Unknown Lighting,Clear,Unknown,"Yes, M/V and Driver Left Scene",No Controls,1,0,Unknown,2,,41.83104,-71.43894
920820,2025-00006049,2025-01-25,11:31:00 AM,Vehicle - Vehicle,,PINE ST,PEARL ST,Raleek Byfield,375,2025-01-25,"Two-Way , Not Divided",Dry,Daylight,Clear,Other,No,Stop Signs,4,0,No Injury,2,,41.81351,-71.41861
920821,2025-00006105,2025-01-25,4:36:00 PM,Vehicle - Vehicle,,DOUGLAS AVE,CHAD BROWN ST,Terrence Gibson,610,2025-01-25,"Two-Way , Not Divided",Dry,Daylight,Clear,Rear End(Front-to-Rear),No,Traffic Control Signal,2,0,No Injury,2,,41.83924,-71.42581
920823,2025-00006108,2025-01-25,5:19:00 PM,Vehicle - Parked Vehicle,,NARRAGANSETT BLVD,INDIANA AVE,Nicholas Manfredi,343,2025-01-25,"Two-Way , Not Divided",Dry,Dark - Lighted,Clear,Rear End(Front-to-Rear),No,No Controls,3,0,No Injury,2,,41.79039,-71.39645
920824,2025-00006123,2025-01-25,10:00:00 AM,Vehicle - Parked Vehicle,,North Main St,N MAIN ST,David Forte,518,2025-01-25,Unknown,Dry,Daylight,Clear,Rear End(Front-to-Rear),No,No Controls,2,0,No Injury,2,,41.84033,-71.40865
920825,2025-00006124,2025-01-25,6:00:00 PM,Vehicle - Vehicle,,HUBER AVE,VANDIEMAN AVE,Arthur Lima,126,2025-01-25,"Two-Way , Not Divided",Dry,Dark - Lighted,Clear,"Sidwswipe, Opposite Direction",No,No Controls,3,0,No Injury,2,,41.83464,-71.46761
920842,2025-00006161,2025-01-25,9:53:00 PM,Vehicle - Vehicle,,BROAD ST,CAHIR ST,Nicolas Lafazia,369,2025-01-26,"Two-Way, Divided, Unprotected (painted>4feet) Medium",Dry,Daylight,Clear,Rear End(Front-to-Rear),No,Traffic Control Signal,3,1,Complains Of Pain,2,,41.81671,-71.41839
920827,2025-00006082,2025-01-25,2:48:00 PM,Vehicle - Vehicle,,CANAL ST,SMITH ST,Patrick Hourahan,243,2025-01-25,"Two-Way , Not Divided",Dry,Daylight,Clear,"Sideswipe, Same Direction",No,Traffic Control Signal,2,0,No Injury,2,,41.83132,-71.41133
920829,2025-00006139,2025-01-25,7:31:00 PM,Vehicle - Vehicle,,GORDON AVE,PUBLIC ST,Tyler Calandra,418,2025-01-25,"Two-Way , Not Divided",Dry,Dark - Lighted,Clear,Rear End(Front-to-Rear),"Yes, M/V and Driver Left Scene",No Controls,3,1,Complains Of Pain,2,,41.80517,-71.41635
920849,2025-00006074,2025-01-25,12:00:00 PM,Vehicle - Vehicle,,CANAL ST,SMITH ST,Jason Clancy,999,2025-01-27,Unknown,Dry,Daylight,Clear,"Sideswipe, Same Direction",No,Unknown,4,0,Unknown,2,,41.83142,-71.41134
920806,2025-00005967,2025-01-25,1:11:00 AM,Vehicle - Vehicle,,PINE ST,PECK ST,Alexandria O'Loughlin,676,2025-01-25,One-Way Trafficway,Dry,Dark - Lighted,Clear,Other,No,No Controls,2,0,No Injury,2,,41.82308,-71.40946
920807,2025-00005955,2025-01-25,12:42:00 AM,Vehicle - Vehicle,,OAKLAND AVE,SMITH ST,Matthew Lombardi,674,2025-01-25,"Two-Way, Divided, Unprotected (painted>4feet) Medium",Dry,Dark - Lighted,Clear,Angle (Front - to - Side) Opposite Direction,No,Traffic Control Signal,5,0,No Injury,2,,41.83623,-71.43046
920808,2025-00005966,2025-01-25,1:11:00 AM,Vehicle - Vehicle,,ATWELLS AVE,DE PASQUALE AVE,Ralph Abenante,511,2025-01-25,"Two-Way, Divided, Unprotected (painted>4feet) Medium",Dry,Dark - Lighted,Clear,"Sidwswipe, Opposite Direction",No,No Controls,4,0,No Injury,2,,41.82357,-71.4266
920814,2025-00005751,2025-01-24,,Vehicle - Parked Vehicle,,UNION AVENUE,EVELYN ST,Patrolwoman Addai,513,2025-01-25,"Two-Way , Not Divided",Dry,Daylight,Clear,Not a Collision Between Two Motor Vehicles in Transport,"Yes, M/V and Driver Left Scene",No Controls,1,0,Unknown,2,2,41.80867,-71.46275
920815,2025-00005752,2025-01-24,7:59:00 AM,Vehicle - Vehicle,,72 King st,Salmon St,Luis Quinilla,572,2025-01-25,"Two-Way , Not Divided",Slush,Daylight,Clear,Head-On (Front - to - Front),"Yes, M/V and Driver Left Scene",No Controls,2,0,No Injury,2,2,,
920790,2025-00005836,2025-01-24,2:40:00 PM,Vehicle - Pedestrian,Bicycle,DEXTER ST,WESTMINSTER ST,Tyler Calandra,418,2025-01-24,"Two-Way , Not Divided",Dry,Daylight,Clear,Angle (Front - to - Side) Right Angle (Includes Broadside),No,No Controls,2,1,Complains Of Pain,1,,41.81652,-71.43131
920796,2025-00005847,2025-01-24,3:21:00 PM,Vehicle - Vehicle,,ALLENS AVE,ALLENS AVE,Raymond Criner,340,2025-01-24,"Two-Way , Not Divided",Dry,Daylight,Clear,Angle (Front - to - Side) Right Angle (Includes Broadside),"Yes, M/V and Driver Left Scene",Stop Signs,4,3,Complains Of Pain,3,,41.79319,-71.39738
920777,2025-00005750,2025-01-24,7:53:00 AM,Vehicle - Vehicle,,ADMIRAL ST,RIVER AVE,Lucas Ramalho,507,2025-01-24,"Two-Way , Not Divided",Dry,Dawn,Clear,Rear End(Front-to-Rear),No,Traffic Control Signal,3,0,No Injury,2,,41.84925,-71.43907
920780,2025-00005780,2025-01-24,10:23:00 AM,Vehicle - Parked Vehicle,,PINE ST,GARNET ST,Raleek Byfield,375,2025-01-24,One-Way Trafficway,Dry,Daylight,Clear,Rear End(Front-to-Rear),No,No Controls,3,0,No Injury,2,,41.82148,-71.41099
920781,2025-00000578,2025-01-24,10:32:00 AM,Vehicle - Parked Vehicle,,SPRAGUE ST,FULLER ST,Luis Fernandez,531,2025-01-24,"Two-Way , Not Divided",Ice/Frost,Daylight,Clear,Head-On (Front - to - Front),No,No Controls,3,0,No Injury,2,,41.80957,-71.42607
920782,2025-00005789,2025-01-24,10:54:00 AM,Vehicle - Object,,337 PLAIN ST,RHODES ST,Joshua Cascione,225,2025-01-24,"Two-Way , Not Divided",Dry,Daylight,Clear,Not a Collision Between Two Motor Vehicles in Transport,No,No Controls,2,0,No Injury,1,,41.80698,-71.41008
920786,2025-00005798,2025-01-24,11:33:00 AM,Vehicle - Parked Vehicle,,507 CRANSTON ST,HANOVER ST,Irvin Torres,346,2025-01-24,"Two-Way , Not Divided",Dry,Daylight,Clear,"Sideswipe, Same Direction","Yes, M/V and Driver Left Scene",No Controls,3,0,No Injury,2,,41.8093,-71.43371
920787,2025-00005811,2025-01-24,12:56:00 PM,Vehicle - Parked Vehicle,,JOHN ST,BENEFIT ST,Raleek Byfield,375,2025-01-24,"Two-Way , Not Divided",Dry,Daylight,Clear,Rear - to - Side,No,No Controls,3,0,No Injury,2,,41.82139,-71.40204
920770,2025-00005737,2025-01-24,6:06:00 AM,Vehicle - Vehicle,,CYPRESS ST,N MAIN ST,Angel Garcia,656,2025-01-24,"Two-Way, Divided, Unprotected (painted>4feet) Medium",Dry,Dark - Lighted,Clear,"Sideswipe, Same Direction",No,Traffic Control Signal,2,0,No Injury,2,,41.8419,-71.40804
920771,2025-00005746,2025-01-24,7:27:00 AM,Vehicle - Vehicle,,ATWELLS AVE,BRADFORD ST,Joshua Cascione,225,2025-01-24,"Two-Way , Not Divided",Dry,Daylight,Clear,"Sideswipe, Same Direction","Yes, M/V and Driver Left Scene",No Controls,1,0,No Injury,2,,41.82321,-71.42154
920773,2025-00005757,2025-01-24,7:54:00 AM,Vehicle - Vehicle,,UNION AVE,LINWOOD AVE,Joshua Cascione,225,2025-01-24,"Two-Way , Not Divided",Dry,Daylight,Clear,Rear End(Front-to-Rear),No,No Controls,3,0,No Injury,2,,41.80913,-71.43896
920775,2025-00005755,2025-01-24,8:07:00 AM,Vehicle - Vehicle,,Washington St,Mathewson St,Alexander Wagoner,541,2025-01-24,"Two-Way , Not Divided",Dry,Daylight,Clear,"Sideswipe, Same Direction",No,No Controls,2,0,No Injury,2,,,
920854,2025-00005877,2025-01-24,6:14:00 PM,Vehicle - Parked Vehicle,,THAYER ST,,Jason Clancy,999,2025-01-27,Unknown,Dry,Dark - Unknown Lighting,Clear,Rear - to - Side,"Yes, M/V and Driver Left Scene",Unknown,5,0,Unknown,2,,,
920826,2025-00005904,2025-01-24,8:32:00 PM,Vehicle - Vehicle,,CHALKSTONE AVE,FALLON AVE,Ralph Abenante,511,2025-01-25,"Two-Way, Divided, Unprotected (painted>4feet) Medium",Dry,Dark - Lighted,Clear,"Sideswipe, Same Direction",No,No Controls,5,0,No Injury,2,,41.83233,-71.44335
920803,2025-00005852,2025-01-24,3:46:00 PM,Vehicle - Parked Vehicle,,ANGELL ST,BROWN ST,Jared Guiot,608,2025-01-24,One-Way Trafficway,Dry,Daylight,Clear,Angle (Front - to - Side) Same Direction,"Yes, M/V and Driver Left Scene",No Controls,3,1,Complains Of Pain,2,,41.82796,-71.4023
920804,2025-00005863,2025-01-24,4:45:00 PM,Vehicle - Vehicle,,GREENE ST,WESTMINSTER ST,Cassidy Simanski,132,2025-01-24,"Two-Way , Not Divided",Dry,Daylight,Clear,Angle (Front - to - Side) Right Angle (Includes Broadside),"Yes, M/V and Driver Left Scene",No Controls,1,0,No Injury,2,,41.82054,-71.4163
920805,2025-00005874,2025-01-24,6:00:00 PM,Vehicle - Vehicle,,EXIT 21 (RT 1),BROADWAY,Cassidy Simanski,132,2025-01-24,"Two-Way, Divided, Unprotected (painted>4feet) Medium",Dry,Dark - Lighted,Clear,Angle (Front - to - Side) Same Direction,No,No Controls,3,0,No Injury,2,,41.82204,-71.41977
920886,2025-00006726,2025-01-24,1:00:00 AM,Vehicle - Parked Vehicle,,1 WHELAN RD,FLOWER ST,Quincy Griffin,970,2025-01-28,"Two-Way , Not Divided",Dry,Dark - Lighted,Clear,Unknown,"Yes, M/V and Driver Left Scene",No Controls,1,0,Unknown,2,,41.81892,-71.45672
920864,2025-00005739,2025-01-24,6:40:00 AM,Vehicle - Vehicle,,BRANCH AVE,COMMODORE ST,Ryan Anderson,107,2025-01-27,"Two-Way , Not Divided",Dry,Daylight,Clear,Rear End(Front-to-Rear),No,No Controls,5,1,Complains Of Pain,2,,41.84947,-71.4182
920866,2025-00005753,2025-01-24,7:45:00 AM,Vehicle - Vehicle,,BRANCH AVE,CHARLES ST,Ryan Anderson,107,2025-01-27,"Two-Way , Not Divided",Dry,Daylight,Clear,Rear End(Front-to-Rear),"Yes, M/V and Driver Left Scene",Traffic Control Signal,3,0,No Injury,3,,41.85031,-71.42008
920952,2025-00005767,2025-01-24,9:14:00 AM,Vehicle - Vehicle,,DOUGLAS AVE,CHALKSTONE AVE,Albert Pereira,111,2025-01-30,"Two-Way , Not Divided",Dry,Daylight,Clear,"Sideswipe, Same Direction","Yes, M/V and Driver Left Scene",No Controls,2,0,No Injury,2,,41.83653,-71.42078
921211,2025-00009247,2025-01-24,7:30:00 AM,Vehicle - Vehicle,,Thackery St,ELMWOOD AVE,Joseph Gallucci,503,2025-02-08,"Two-Way, Divided, Unprotected (painted>4feet) Medium",Dry,Daylight,Clear,"Sideswipe, Same Direction",No,No Controls,1,0,No Injury,2,2,41.7924,-71.42182