CrashReportId,ReportNumber,CrashDate,CrashTime,TypeOfCollision,Collision Type,StreetOrHighway,NearestIntersection,Officer,Badge,ReportDate,TypeOfRoadway,RoadSurfaceCondition,LightCondition,WeatherCondition,MannerofImpact,HitAndRun,TrafficControl,PersonCount,InjuryCount,MostSeriousInjury,NumberofVehicles,NumberOfLanes,Latitude,Longitude
921158,2025-00005818,2025-01-24,1:25:00 PM,Vehicle - Parked Vehicle,,OHIO AVE,VIRGINIA AVE,Waldorf Pognon,501,2025-02-06,Unknown,Snow,Daylight,Clear,Unknown,"Yes, M/V and Driver Left Scene",No Controls,1,0,No Injury,2,2,41.78963,-71.39763
920966,2025-00005748,2025-01-24,7:41:00 AM,Vehicle - Vehicle,,DEXTER STREET,CRANSTON ST,D WILSON,123,2025-01-30,"Two-Way, Divided, Unprotected (painted>4feet) Medium",Dry,Daylight,Clear,Rear End(Front-to-Rear),No,Traffic Control Signal,2,0,No Injury,2,,41.81248,-71.42953
921347,2025-00010424,2025-01-23,12:45:00 PM,Vehicle - Parked Vehicle,,WEST RIVER ST,,Jason Clancy,999,2025-02-13,Unknown,Dry,Daylight,Clear,Other,"Yes, M/V and Driver Left Scene",Unknown,4,0,No Injury,2,,,
920856,2025-00006097,2025-01-23,12:00:00 PM,Vehicle - Parked Vehicle,,PRESTON ST,GOVERNOR ST,Jason Clancy,999,2025-01-27,Unknown,Dry,Daylight,Clear,Unknown,"Yes, M/V and Driver Left Scene",Unknown,1,0,Unknown,2,,41.82422,-71.39402
920862,2025-00006313,2025-01-23,4:39:00 PM,Vehicle - Parked Vehicle,,CORLISS ST,,Jason Clancy,999,2025-01-27,Unknown,Dry,Daylight,Clear,Unknown,"Yes, M/V and Driver Left Scene",Unknown,2,0,Unknown,2,,,
920852,2025-00005878,2025-01-23,9:00:00 PM,Vehicle - Vehicle,,HUNTINGTON AVE,,Jason Clancy,999,2025-01-27,Unknown,Dry,Dark - Unknown Lighting,Clear,Rear End(Front-to-Rear),"Yes, M/V and Driver Left Scene",Unknown,2,0,Unknown,2,,,
920830,2025-00005631,2025-01-23,4:00:00 PM,Vehicle - Object,,dyer street,eddy street,Matthew Marwell,639,2025-01-25,"Two-Way , Not Divided",Dry,Daylight,Clear,Rear End(Front-to-Rear),"Yes, M/V and Driver Left Scene",No Controls,1,0,No Injury,1,,,
920763,2025-00005654,2025-01-23,5:56:00 PM,Vehicle - Vehicle,,CORLISS ST,CHARLES ST,Ptlm. Labutti,104,2025-01-23,One-Way Trafficway,Dry,Dark - Lighted,Clear,"Sideswipe, Same Direction",No,No Controls,2,0,No Injury,2,,41.8381,-71.41447
920764,2025-00005660,2025-01-23,6:18:00 PM,Vehicle - Parked Vehicle,,RUSSO ST,SOCIAL ST,Ptlm. Labutti,104,2025-01-23,"Two-Way , Not Divided",Dry,Dark - Lighted,Clear,Unknown,"Yes, M/V and Driver Left Scene",No Controls,1,0,Unknown,2,,41.85375,-71.42127
920765,2025-00005663,2025-01-23,6:44:00 PM,Vehicle - Vehicle,,WESTMINSTER STREET,SERVICE ROAD 3,Marco Figueroa,110,2025-01-23,"Two-Way , Not Divided",Dry,Dark - Lighted,Clear,Angle (Front - to - Side) Right Angle (Includes Broadside),No,Stop Signs,6,0,No Injury,2,,,
920759,2025-00005622,2025-01-23,3:42:00 PM,Vehicle - Parked Vehicle,,BARTON ST,BROADWAY,Kelsa Heron,133,2025-01-23,"Two-Way , Not Divided",Dry,Daylight,Clear,Angle (Front - to - Side) Right Angle (Includes Broadside),No,No Controls,3,0,No Injury,2,,41.81777,-71.43699
920761,2025-00005628,2025-01-23,3:54:00 PM,Vehicle - Object,,ANGELL ST,WAYLAND AVE,Kelsey Woodbine,633,2025-01-23,One-Way Trafficway,Ice/Frost,Daylight,Clear,Not a Collision Between Two Motor Vehicles in Transport,No,No Controls,2,0,No Injury,1,,41.83015,-71.3879
920789,2025-00005595,2025-01-23,1:43:00 PM,Vehicle - Vehicle,,CHARLES ST,PETER ST,Igor Barbosa,114,2025-01-24,"Two-Way, Divided, Unprotected (painted>4feet) Medium",Dry,Daylight,Clear,Rear End(Front-to-Rear),"Yes, M/V and Driver Left Scene",No Controls,1,0,No Injury,2,,41.85427,-71.4206
920767,2025-00005673,2025-01-23,7:08:00 PM,Vehicle - Parked Vehicle,,PLEASANT STREET,ALPINE CT,Ricardo Sanchez,632,2025-01-23,"Two-Way , Not Divided",Dry,Dark - Lighted,Clear,Rear - to - Side,No,No Controls,2,0,No Injury,2,2,41.83955,-71.40558
920768,2025-00005610,2025-01-23,2:35:00 PM,Vehicle - Parked Vehicle,,EDDY ST,EXIT 19  (RT ),Kyle Ludovici,390,2025-01-23,Unknown,Dry,Daylight,Clear,Not a Collision Between Two Motor Vehicles in Transport,"Yes, M/V and Driver Left Scene",No Controls,1,0,Unknown,2,,41.81065,-71.40719
920746,2025-00005510,2025-01-23,7:47:00 AM,Vehicle - Vehicle,,WESTMINSTER STREET,SERVICE ROAD 3,Hildenise Espanol,137,2025-01-23,"Two-Way , Not Divided",Dry,Daylight,Clear,Rear End(Front-to-Rear),No,Traffic Control Signal,4,1,Complains Of Pain,2,,41.81615,-71.4401
920747,2025-00005544,2025-01-23,10:50:00 AM,Vehicle - Vehicle,,BUCKLIN ST,BURNETT ST,Luis Fernandez,531,2025-01-23,"Two-Way , Not Divided",Dry,Daylight,Clear,Angle (Front - to - Side) Right Angle (Includes Broadside),No,Stop Signs,3,2,Complains Of Pain,2,,41.80284,-71.42768
920748,2025-00005532,2025-01-23,9:42:00 AM,Vehicle - Vehicle,,promenade street,DEAN ST,Ybelis Gonzalez,376,2025-01-23,"Two-Way , Not Divided",Dry,Daylight,Clear,Angle - Direction Not Specified,No,Traffic Control Signal,2,0,No Injury,2,,41.82923,-71.42674
920749,2025-00005552,2025-01-23,11:19:00 AM,Vehicle - Vehicle,,WILLARD AVE,PLAIN ST,Mario Andrade,130,2025-01-23,"Two-Way, Divided, Positive Median Barrier",Slush,Daylight,Cloudy,Angle (Front - to - Side) Opposite Direction,No,No Controls,3,1,Complains Of Pain,2,,41.80892,-71.41068
920750,2025-00005584,2025-01-23,1:15:00 PM,Vehicle - Parked Vehicle,,Angel,Hope,Martin Hames,536,2025-01-23,One-Way Trafficway,Dry,Daylight,Clear,"Sideswipe, Same Direction",No,No Controls,3,0,No Injury,2,,,
920751,2025-00005547,2025-01-23,10:57:00 AM,Vehicle - Vehicle,,DOUGLAS AVE,RIVER AVE,Christopher Hines,537,2025-01-23,"Two-Way , Not Divided",Ice/Frost,Daylight,Clear,Angle (Front - to - Side) Right Angle (Includes Broadside),No,No Controls,3,0,No Injury,2,,41.85249,-71.43675
920752,2025-00005579,2025-01-23,1:04:00 PM,Vehicle - Vehicle,,Pearl Street,PORTLAND ST,Mario Andrade,130,2025-01-23,"Two-Way , Not Divided",Slush,Daylight,Clear,Angle (Front - to - Side) Opposite Direction,No,No Controls,3,0,No Injury,2,,41.81313,-71.41791
920753,2025-00005590,2025-01-23,1:15:00 PM,Vehicle - Vehicle,,BRANCH AVE,CHARLES ST,Raleek Byfield,375,2025-01-23,"Two-Way, Divided, Unprotected (painted>4feet) Medium",Dry,Daylight,Clear,Rear End(Front-to-Rear),No,Traffic Control Signal,4,1,Complains Of Pain,2,,41.85033,-71.42011
920755,2025-00005596,2025-01-23,1:50:00 PM,Vehicle - Vehicle,,Candace Street,Wayne Street,James Lanier,211,2025-01-23,"Two-Way, Divided, Unprotected (painted>4feet) Medium",Dry,Daylight,Clear,Angle (Front - to - Side) Right Angle (Includes Broadside),No,No Controls,3,3,Complains Of Pain,2,1,,
920756,2025-00005615,2025-01-23,3:06:00 PM,Vehicle - Pedestrian,Bicycle,BRANCH AVE EXIT,BRANCH AVE,Ptlm. Labutti,104,2025-01-23,"Two-Way, Divided, Positive Median Barrier",Dry,Daylight,Clear,"Sideswipe, Same Direction",No,Traffic Control Signal,3,1,Complains Of Pain,1,,41.8464,-71.41175
920757,2025-00005606,2025-01-23,2:46:00 PM,Vehicle - Vehicle,,UPTON AVE,COLE AVE,Jared Guiot,608,2025-01-23,"Two-Way , Not Divided",Dry,Daylight,Clear,Head-On (Front - to - Front),No,No Controls,3,0,No Injury,2,,41.83921,-71.38832
924565,2025-00037858,2025-01-23,1:23:00 AM,Vehicle - Vehicle,,S MAIN ST,S WATER ST,Patrolwoman Viera,678,2025-05-24,"Two-Way , Not Divided",Wet,Dark - Lighted,Cloudy,Angle (Front - to - Side) Opposite Direction,No,No Controls,4,0,No Injury,2,,41.81686,-71.40005
920758,2025-00005436,2025-01-22,9:02:00 PM,Vehicle - Parked Vehicle,,ELMWOOD AVE,ELMWOOD AVE,Casey Correia,521,2025-01-23,Unknown,Ice/Frost,Dark - Lighted,Clear,"Sideswipe, Same Direction","Yes, M/V and Driver Left Scene",No Controls,1,0,Unknown,2,,41.80688,-71.4249
920726,2025-00005340,2025-01-22,2:13:00 PM,Vehicle - Vehicle,,EXIT,ELMWOOD AVE,Michelle Chasse,264,2025-01-22,"Two-Way , Not Divided",Wet,Daylight,Clear,Rear End(Front-to-Rear),No,No Controls,3,0,No Injury,2,,41.78133,-71.41982
920740,2025-00005354,2025-01-22,3:10:00 PM,Vehicle - Parked Vehicle,,CHALKSTONE AVE,CANTON ST,Robert Gaudiana,579,2025-01-22,"Two-Way , Not Divided",Dry,Daylight,Clear,Angle (Front - to - Side) Same Direction,No,No Controls,2,0,No Injury,2,,41.83232,-71.44276
920741,2025-00005254,2025-01-22,7:43:00 AM,Vehicle - Vehicle,,WASHINGTON ST,EMPIRE ST,Michael Baldassare,568,2025-01-22,"Two-Way, Not Divided With a Continuous Left Turn Lane",Snow,Daylight,Clear,"Sideswipe, Same Direction","Yes, M/V and Driver Left Scene",Traffic Control Signal,2,0,No Injury,2,,41.82182,-71.41645
920710,2025-00005256,2025-01-22,7:52:00 AM,Vehicle - Vehicle,,BRANCH AVE,HAWKINS ST,Igor Barbosa,114,2025-01-22,"Two-Way, Divided, Unprotected (painted>4feet) Medium",Dry,Daylight,Clear,Rear End(Front-to-Rear),No,No Controls,3,0,No Injury,2,,41.85065,-71.42087
920711,2025-00005245,2025-01-22,6:50:00 AM,Vehicle - Vehicle,,DOUGLAS AVE,BRANCH AVE,Christopher Hines,537,2025-01-22,"Two-Way , Not Divided",Dry,Daylight,Clear,Angle (Front - to - Side) Right Angle (Includes Broadside),"Yes, M/V and Driver Left Scene",Stop Signs,1,0,No Injury,2,,41.85538,-71.44112
920716,2025-00005288,2025-01-22,10:40:00 AM,Vehicle - Vehicle,,ORMS ST,CHARLES ST,Ptlm. Castagliuolo,351,2025-01-22,"Two-Way, Divided, Positive Median Barrier",Dry,Daylight,Clear,Rear End(Front-to-Rear),No,Traffic Control Signal,7,0,No Injury,4,,41.8349,-71.41154
920721,2025-00005271,2025-01-22,9:29:00 AM,Vehicle - Vehicle,,DEAN STREET,W FOUNTAIN ST,Hildenise Espanol,137,2025-01-22,"Two-Way , Not Divided",Dry,Daylight,Clear,Angle (Front - to - Side) Same Direction,No,No Controls,4,0,No Injury,2,,41.81949,-71.42099
920722,2025-00005294,2025-01-22,10:56:00 AM,Vehicle - Object,,Wolcott Street,PRESCOTT ST,Ybelis Gonzalez,376,2025-01-22,"Two-Way , Not Divided",Ice/Frost,Daylight,Clear,Not a Collision Between Two Motor Vehicles in Transport,No,No Controls,2,0,No Injury,1,,41.82999,-71.43421
920723,2025-00005306,2025-01-22,11:48:00 AM,Vehicle - Vehicle,,601 NORTH MAIN STREET,DOYLE AVENUE,Joseph Madeira,552,2025-01-22,"Two-Way, Divided, Positive Median Barrier",Dry,Daylight,Clear,Angle (Front - to - Side) Right Angle (Includes Broadside),No,Stop Signs,3,0,No Injury,2,4,41.83312,-71.41675
920724,2025-00005324,2025-01-22,1:05:00 PM,Vehicle - Vehicle,,BRANCH AVE,CHARLES ST,Igor Barbosa,114,2025-01-22,"Two-Way, Divided, Unprotected (painted>4feet) Medium",Dry,Daylight,Clear,"Sideswipe, Same Direction","Yes, M/V and Driver Left Scene",No Controls,2,0,No Injury,2,,41.85008,-71.41956
920729,2025-00005364,2025-01-22,3:40:00 PM,Vehicle - Vehicle,,POINT ST,CHESTNUT ST,Cassidy Simanski,132,2025-01-22,"Two-Way, Divided, Unprotected (painted>4feet) Medium",Dry,Daylight,Clear,Angle (Front - to - Side) Right Angle (Includes Broadside),No,Stop Signs,3,0,No Injury,2,,41.81626,-71.408
920731,2025-00005371,2025-01-22,4:07:00 PM,Vehicle - Pedestrian,Pedestrian,BROAD ST,EARLY ST,Ralph Abenante,511,2025-01-22,"Two-Way, Divided, Unprotected (painted>4feet) Medium",Dry,Daylight,Cloudy,Not a Collision Between Two Motor Vehicles in Transport,No,No Controls,4,2,Non-Incapacitating,1,,41.79536,-71.41114
920732,2025-00005361,2025-01-22,3:33:00 PM,Vehicle - Vehicle,,IVES ST,WILLIAMS ST,D. Hernandez,148,2025-01-22,"Two-Way , Not Divided",Dry,Daylight,Clear,Not a Collision Between Two Motor Vehicles in Transport,No,No Controls,3,0,Unknown,2,,41.8229,-71.39219
920733,2025-00005347,2025-01-22,2:46:00 PM,Vehicle - Vehicle,,BARTON ST,WESTMINSTER ST,Kelsa Heron,133,2025-01-22,"Two-Way , Not Divided",Dry,Daylight,Clear,"Sideswipe, Same Direction",No,No Controls,4,0,No Injury,2,,41.81657,-71.4367
920734,2025-00005400,2025-01-22,5:31:00 PM,Vehicle - Parked Vehicle,,44 HOME AVE,MOLLOY ST,David Palumbo,106,2025-01-22,"Two-Way , Not Divided",Ice/Frost,Dark - Lighted,Clear,Angle (Front - to - Side) Right Angle (Includes Broadside),No,No Controls,4,0,No Injury,2,,41.83368,-71.44524
920735,2025-00005413,2025-01-22,7:01:00 PM,Vehicle - Vehicle,,ATWELLS AVE,BRADFORD ST,Sean Cooney,523,2025-01-22,"Two-Way , Not Divided",Dry,Dark - Lighted,Clear,Angle (Front - to - Side) Right Angle (Includes Broadside),No,Stop Signs,4,1,Complains Of Pain,2,,,
920736,2025-00005415,2025-01-22,7:10:00 PM,Vehicle - Object,,RICE ST,PEARL STREET,Manuel Tueros,621,2025-01-22,"Two-Way , Not Divided",Dry,Dark - Lighted,Clear,Not a Collision Between Two Motor Vehicles in Transport,No,No Controls,1,0,No Injury,1,,41.81416,-71.42307
920737,2025-00005369,2025-01-22,3:56:00 PM,Vehicle - Vehicle,,HAYWARD ST,PORTLAND ST,Johansell Montilla,627,2025-01-22,"Two-Way, Divided, Unprotected (painted>4feet) Medium",Ice/Frost,Daylight,Clear,Rear End(Front-to-Rear),No,Stop Signs,3,0,No Injury,3,,41.81378,-71.42031
920738,2025-00005437,2025-01-22,9:21:00 PM,Vehicle - Vehicle,,WESTMINSTER ST,STOKES ST,Ralph Abenante,511,2025-01-22,"Two-Way, Divided, Unprotected (painted>4feet) Medium",Dry,Dark - Lighted,Clear,Rear End(Front-to-Rear),No,No Controls,3,2,Complains Of Pain,2,,41.81672,-71.44273
920762,2025-00005348,2025-01-22,2:26:00 PM,Vehicle - Vehicle,,PEARL ST/ BROAD ST,BROAD ST,Andrew Mitura,605,2025-01-23,"Two-Way , Not Divided",Dry,Daylight,Clear,"Sideswipe, Same Direction",No,No Controls,2,0,No Injury,2,,41.81446,-71.42113
920745,2025-00005337,2025-01-22,1:50:00 PM,Vehicle - Vehicle,,TAYLOR STREET,GLENHAM ST,Hildenise Espanol,137,2025-01-23,"Two-Way , Not Divided",Dry,Daylight,Clear,Angle (Front - to - Side) Same Direction,No,No Controls,3,1,Complains Of Pain,2,,41.80561,-71.41731
920766,2025-00005375,2025-01-22,4:19:00 PM,Vehicle - Vehicle,,HAYWARD ST/ PORTLAND ST,PORTLAND ST,Andrew Mitura,605,2025-01-23,"Two-Way , Not Divided",Ice/Frost,Daylight,Clear,Rear End(Front-to-Rear),No,No Controls,2,0,No Injury,2,,41.81368,-71.42041
920776,2025-00005650,2025-01-22,8:40:00 PM,Vehicle - Vehicle,,POINT ST,,Jason Clancy,999,2025-01-24,Unknown,Dry,Dark - Unknown Lighting,Clear,Rear End(Front-to-Rear),No,Unknown,3,0,Unknown,2,,,
920818,2025-00005326,2025-01-22,1:13:00 PM,Vehicle - Vehicle,,Union Ave,EXIT,Southavout Im,382,2025-01-25,"Two-Way , Not Divided",Dry,Daylight,Clear,Rear End(Front-to-Rear),"Yes, M/V and Driver Left Scene",Traffic Control Signal,3,0,No Injury,2,,41.80842,-71.44157
920907,2025-00005386,2025-01-22,4:53:00 PM,Vehicle - Vehicle,,WASHINGTON ST,DAVE GAVITT,Jason Clancy,999,2025-01-29,Unknown,Dry,Dark - Unknown Lighting,Clear,Unknown,No,Unknown,3,0,Unknown,2,,41.81989,-71.41935
921032,2025-00005272,2025-01-22,9:35:00 AM,Vehicle - Vehicle,,DORRANCE ST,FULTON ST,Michael Baldassare,568,2025-02-02,"Two-Way , Not Divided",Dry,Daylight,Clear,Other,No,No Controls,3,0,No Injury,2,,41.8241,-71.41232
920960,2025-00005052,2025-01-21,11:45:00 AM,Vehicle - Vehicle,,SMITHFIELD AVE,SMITHFIELD AVE,Lucas Ramalho,507,2025-01-30,"Two-Way , Not Divided",Dry,Daylight,Clear,Angle (Front - to - Side) Right Angle (Includes Broadside),No,No Controls,4,0,No Injury,2,,41.85884,-71.41099
920840,2025-00005008,2025-01-21,8:32:00 AM,Vehicle - Vehicle,,Plainfield St,DUXBURY ST,Ajay Subramaniam,569,2025-01-26,"Two-Way , Not Divided",Ice/Frost,Daylight,Clear,Rear End(Front-to-Rear),No,No Controls,4,1,Complains Of Pain,2,,41.81229,-71.46112
920709,2025-00005146,2025-01-21,4:30:00 PM,Vehicle - Vehicle,,BRANCH AVE,SILVER SPRING ST,Jason Clancy,999,2025-01-22,Unknown,Unknown,Dark - Not Lighted,Clear,Rear End(Front-to-Rear),"Yes, M/V and Driver Left Scene",Unknown,3,0,Unknown,2,,41.84797,-71.41498
920743,2025-00005373,2025-01-21,2:00:00 PM,Vehicle - Parked Vehicle,,SORRENTO ST,ALTHEA ST,Jason Clancy,999,2025-01-23,Unknown,Unknown,Daylight,Clear,Unknown,"Yes, M/V and Driver Left Scene",Unknown,1,0,Unknown,2,,41.80881,-71.43653
920760,2025-00005167,2025-01-21,7:24:00 PM,Vehicle - Object,,BROAD ST,BROAD ST,Jose Cortorreal,604,2025-01-23,Unknown,Wet,Dark - Lighted,Clear,Unknown,"Yes, M/V and Driver Left Scene",No Controls,2,0,Unknown,1,,41.80995,-71.42106
920778,2025-00004988,2025-01-21,6:56:00 AM,Vehicle - Vehicle,,ALLENS AVENUE,ERNEST STREET,Flavio Tavares,371,2025-01-24,"Two-Way, Divided, Unprotected (painted>4feet) Medium",Dry,Daylight,Clear,Rear End(Front-to-Rear),No,Traffic Control Signal,3,0,No Injury,3,,,
920801,2025-00005092,2025-01-21,3:10:00 PM,Vehicle - Object,,STANIFORD ST,PILGRIM ST,Nicolas Lafazia,369,2025-01-24,"Two-Way , Not Divided",Ice/Frost,Daylight,Clear,Not a Collision Between Two Motor Vehicles in Transport,No,No Controls,1,0,No Injury,1,,41.80752,-71.41127
920681,2025-00004994,2025-01-21,7:39:00 AM,Vehicle - Vehicle,,SMITH STREET,CANAL ST,Yesenia Caba,549,2025-01-21,"Two-Way , Not Divided",Slush,Daylight,Clear,Rear End(Front-to-Rear),No,Traffic Control Signal,5,0,No Injury,3,,41.83145,-71.41112
920657,2025-00005012,2025-01-21,8:31:00 AM,Vehicle - Vehicle,,EDDY ST,POINT ST,Joshua Cascione,225,2025-01-21,"Two-Way, Divided, Positive Median Barrier",Dry,Daylight,Clear,Angle (Front - to - Side) Same Direction,No,Traffic Control Signal,3,0,No Injury,2,,41.81623,-71.40647
920661,2025-00005011,2025-01-21,8:30:00 AM,Vehicle - Vehicle,,BRIDGHAM ST,JUNCTION ST,Irvin Torres,346,2025-01-21,"Two-Way , Not Divided",Ice/Frost,Daylight,Clear,Angle (Front - to - Side) Same Direction,No,No Controls,6,0,No Injury,2,,41.81277,-71.4239
920664,2025-00004998,2025-01-21,7:51:00 AM,Vehicle - Vehicle,,holden street,COMMON ST,Ryan Anderson,107,2025-01-21,"Two-Way , Not Divided",Ice/Frost,Daylight,Clear,Rear End(Front-to-Rear),No,Stop Signs,5,0,No Injury,2,,41.83295,-71.41823
920667,2025-00005013,2025-01-21,8:46:00 AM,Vehicle - Object,,PILGRIM ST,HILTON ST,Joshua Cascione,225,2025-01-21,"Two-Way , Not Divided",Ice/Frost,Daylight,Clear,Not a Collision Between Two Motor Vehicles in Transport,No,No Controls,2,0,No Injury,1,,41.80714,-71.41278
920671,2025-00005019,2025-01-21,9:37:00 AM,Vehicle - Vehicle,,OXFORD ST,PRAIRIE AVE,Joshua Cascione,225,2025-01-21,"Two-Way , Not Divided",Ice/Frost,Daylight,Clear,Rear End(Front-to-Rear),No,Stop Signs,2,0,No Injury,2,,41.80169,-71.41264
920676,2025-00005030,2025-01-21,10:09:00 AM,Vehicle - Vehicle,,CHALKSTONE AVE,ROSEBANK AVE,Joshua Cascione,225,2025-01-21,"Two-Way , Not Divided",Ice/Frost,Daylight,Clear,Rear End(Front-to-Rear),No,No Controls,2,1,Complains Of Pain,2,,41.83386,-71.43312
920677,2025-00004997,2025-01-21,7:47:00 AM,Vehicle - Vehicle,,ELMWOOD AVE,RUTLAND ST,Michelle Chasse,264,2025-01-21,"Two-Way , Not Divided",Wet,Daylight,Clear,Rear End(Front-to-Rear),"Yes, M/V and Driver Left Scene",No Controls,2,0,No Injury,2,,41.79906,-71.42641
920678,2025-00005036,2025-01-21,10:33:00 AM,Vehicle - Object,,DEAN ST,WEST ST,Irvin Torres,346,2025-01-21,"Two-Way , Not Divided",Ice/Frost,Daylight,Clear,Other,No,No Controls,2,0,No Injury,1,,41.82026,-71.42161
920684,2025-00005000,2025-01-21,8:00:00 AM,Vehicle - Vehicle,,DEAN ST EXIT,DEAN ST,Eder Delgado,580,2025-01-21,One-Way Trafficway,Ice/Frost,Daylight,Cloudy,Rear End(Front-to-Rear),No,Traffic Control Signal,3,0,No Injury,2,,41.8245,-71.42545
920686,2025-00005001,2025-01-21,8:00:00 AM,Vehicle - Vehicle,,Plainfield St,PLAINFIELD ST,Ajay Subramaniam,569,2025-01-21,"Two-Way , Not Divided",Ice/Frost,Daylight,Clear,Rear End(Front-to-Rear),No,No Controls,3,0,No Injury,2,,41.81231,-71.461
920687,2025-00005005,2025-01-21,8:23:00 AM,Vehicle - Vehicle,,NORTH MAIN ST,MATILDA,Ptlm. Castagliuolo,351,2025-01-21,"Two-Way, Divided, Unprotected (painted>4feet) Medium",Ice/Frost,Daylight,Clear,Angle (Front - to - Side) Right Angle (Includes Broadside),No,Flashing Traffic Control Signal,4,1,Complains Of Pain,2,,41.85399,-71.40076
920693,2025-00005107,2025-01-21,3:32:00 PM,Vehicle - Parked Vehicle,,CLAREMONT AVE,BELMONT AVE,Lane,109,2025-01-21,One-Way Trafficway,Snow,Daylight,Cloudy,"Sideswipe, Same Direction","Yes, M/V and Driver Left Scene",No Controls,3,0,No Injury,2,,41.83193,-71.44885
920696,2025-00005100,2025-01-21,3:16:00 PM,Vehicle - Parked Vehicle,,THAYER ST,ANGELL ST,Kelsey Woodbine,633,2025-01-21,One-Way Trafficway,Ice/Frost,Daylight,Cloudy,Rear End(Front-to-Rear),No,No Controls,3,0,No Injury,2,,41.82835,-71.40069
920697,2025-00005099,2025-01-21,3:09:00 PM,Vehicle - Vehicle,,CHARLES STREET,CHARLES ST,Ian Quinn,102,2025-01-21,"Two-Way , Not Divided",Dry,Daylight,Clear,"Sideswipe, Same Direction",No,No Controls,2,0,No Injury,2,2,41.85521,-71.42077
920698,2025-00005126,2025-01-21,4:05:00 PM,Vehicle - Vehicle,,RESERVOIR AVE,ADELAIDE AVE,Jacob Mota,115,2025-01-21,"Two-Way , Not Divided",Dry,Daylight,Clear,Rear End(Front-to-Rear),"Yes, M/V and Driver Left Scene",Traffic Control Signal,2,0,No Injury,2,,41.79482,-71.42652
920699,2025-00005098,2025-01-21,3:10:00 PM,Vehicle - Vehicle,,BROAD ST,BROAD ST,Nicolas Lafazia,369,2025-01-21,"Two-Way, Divided, Unprotected (painted>4feet) Medium",Dry,Daylight,Clear,Angle (Front - to - Side) Right Angle (Includes Broadside),No,Stop Signs,2,1,Complains Of Pain,2,,41.80362,-71.41911
920700,2025-00005121,2025-01-21,4:08:00 PM,Vehicle - Vehicle,,RANDALL ST,NORTH MAIN StREET,Ricardo Sanchez,632,2025-01-21,"Two-Way , Not Divided",Slush,Daylight,Clear,Rear End(Front-to-Rear),No,No Controls,3,0,No Injury,2,2,41.8375,-71.41046
920701,2025-00005184,2025-01-21,9:22:00 PM,Vehicle - Parked Vehicle,,CALIFORNIA AVE,VIRGINIA AVE,Jacob Mota,115,2025-01-21,"Two-Way , Not Divided",Dry,Dark - Lighted,Clear,Rear - to - Side,"Yes, M/V and Driver Left Scene",No Controls,2,0,Unknown,2,,41.78925,-71.39651
920702,2025-00005148,2025-01-21,6:00:00 PM,Vehicle - Parked Vehicle,,EARLY ST,NIAGARA ST,Kyle Ludovici,390,2025-01-21,"Two-Way , Not Divided",Ice/Frost,Daylight,Clear,Not a Collision Between Two Motor Vehicles in Transport,"Yes, M/V and Driver Left Scene",No Controls,1,0,Unknown,2,,41.79454,-71.4138
920704,2025-00004961,2025-01-21,2:00:00 AM,Vehicle - Parked Vehicle,,34Bridgham st,,Conor Fleurant,171,2025-01-22,"Two-Way , Not Divided",Ice/Frost,Dark - Lighted,Snow,Unknown,"Yes, M/V and Driver Left Scene",No Controls,1,0,Unknown,2,2,,
920655,2025-00004987,2025-01-21,7:15:00 AM,Vehicle - Vehicle,,BROAD ST,PRAIRIE AVE,Matthew Sheridan,229,2025-01-21,"Two-Way , Not Divided",Ice/Frost,Daylight,Clear,Rear End(Front-to-Rear),No,No Controls,3,0,No Injury,2,,41.79442,-71.40997
920628,2025-00004769,2025-01-20,3:13:00 AM,Vehicle - Object,,BELLEVUE AVE,DEXTER ST,Ralph Abenante,511,2025-01-20,"Two-Way , Not Divided",Snow,Dark - Lighted,Snow,Not a Collision Between Two Motor Vehicles in Transport,"Yes, Driver Left Scene",No Controls,1,0,Unknown,1,,41.80764,-71.42944
920629,2025-00004770,2025-01-20,3:15:00 AM,Vehicle - Vehicle,,BROAD ST,BROAD ST,Jacob Coro,664,2025-01-20,"Two-Way , Not Divided",Snow,Dark - Lighted,Snow,Rear End(Front-to-Rear),No,No Controls,5,0,No Injury,3,,41.80977,-71.42101
920632,2025-00004773,2025-01-20,4:09:00 AM,Vehicle - Object,,BERLIN ST,PLEASANT VALLEY PKWY,Kayla Facey,658,2025-01-20,"Two-Way, Divided, Positive Median Barrier",Snow,Dark - Lighted,Snow,Head-On (Front - to - Front),No,No Controls,3,1,Complains Of Pain,1,,41.83484,-71.44179
920633,2025-00004772,2025-01-20,3:57:00 AM,Vehicle - Object,,NELLIE ST,ARGOL ST,Johusua Nazario Feliz,142,2025-01-20,"Two-Way , Not Divided",Snow,Dark - Lighted,Snow,"Sideswipe, Same Direction",No,No Controls,2,0,No Injury,1,,41.85804,-71.41334