CrashReportId,ReportNumber,CrashDate,CrashTime,TypeOfCollision,Collision Type,StreetOrHighway,NearestIntersection,Officer,Badge,ReportDate,TypeOfRoadway,RoadSurfaceCondition,LightCondition,WeatherCondition,MannerofImpact,HitAndRun,TrafficControl,PersonCount,InjuryCount,MostSeriousInjury,NumberofVehicles,NumberOfLanes,Latitude,Longitude
920634,2025-00004787,2025-01-20,7:45:00 AM,Vehicle - Vehicle,,UNION AVE,WAVERLY ST,Damaris Sanchez,566,2025-01-20,"Two-Way , Not Divided",Snow,Daylight,Clear,Head-On (Front - to - Front),No,No Controls,2,2,Complains Of Pain,2,,41.80959,-71.43716
920635,2025-00004812,2025-01-20,10:49:00 AM,Vehicle - Vehicle,,US HWY 6 E,TOBEY STREET,Patrolwoman Addai,513,2025-01-20,"Two-Way, Divided, Unprotected (painted>4feet) Medium",Ice/Frost,Daylight,Clear,Angle (Front - to - Side) Same Direction,No,No Controls,2,0,No Injury,2,2,41.82056,-71.43692
920640,2025-00004842,2025-01-20,1:11:00 PM,Vehicle - Vehicle,,BROADWAY,VALLEY ST,Ptlm. Castagliuolo,351,2025-01-20,"Two-Way , Not Divided",Wet,Daylight,Clear,Angle (Front - to - Side) Right Angle (Includes Broadside),No,Traffic Control Signal,6,1,Non-Incapacitating,3,,41.81684,-71.441
920645,2025-00004846,2025-01-20,1:50:00 PM,Vehicle - Object,,W EXCHANGE ST,EXCHANGE ST,Michael Baldassare,568,2025-01-20,"Two-Way , Not Divided",Dry,Dark - Lighted,Clear,Not a Collision Between Two Motor Vehicles in Transport,"Yes, Driver Left Scene",No Controls,1,0,Unknown,1,,41.82485,-71.41598
920646,2025-00004857,2025-01-20,2:32:00 PM,Vehicle - Object,,LUBEC STREET,BAGALIA,Ian Quinn,102,2025-01-20,One-Way Trafficway,Ice/Frost,Daylight,Clear,Not a Collision Between Two Motor Vehicles in Transport,No,No Controls,1,0,No Injury,1,1,,
920647,2025-00004862,2025-01-20,2:50:00 PM,Vehicle - Vehicle,,DURHAM ST,ADMIRAL ST,Ryan Fernandes,125,2025-01-20,"Two-Way , Not Divided",Dry,Daylight,Clear,Rear End(Front-to-Rear),No,No Controls,2,0,No Injury,2,,41.84813,-71.43564
920648,2025-00004879,2025-01-20,4:12:00 PM,Vehicle - Parked Vehicle,,CHALKSTONE AVE,RUGGLES ST,Ryan Fernandes,125,2025-01-20,"Two-Way, Divided, Unprotected (painted>4feet) Medium",Slush,Daylight,Clear,"Sideswipe, Same Direction",No,No Controls,3,0,No Injury,2,,41.83462,-71.42816
920673,2025-00004819,2025-01-20,11:22:00 AM,Vehicle - Parked Vehicle,,Cutler St,ATWELLS AVE,Ajay Subramaniam,569,2025-01-21,"Two-Way , Not Divided",Snow,Unknown,Snow,Unknown,"Yes, M/V and Driver Left Scene",No Controls,1,0,Unknown,2,,41.82448,-71.4416
920669,2025-00004847,2025-01-20,1:59:00 PM,Vehicle - Vehicle,,whipple street,OREGON ST,Ryan Anderson,107,2025-01-21,"Two-Way , Not Divided",Slush,Daylight,Clear,"Sideswipe, Same Direction",No,No Controls,3,0,No Injury,2,,41.83873,-71.42019
920658,2025-00004781,2025-01-20,6:30:00 AM,Vehicle - Object,,PLAIN ST,PUBLIC ST,Matthew Sheridan,229,2025-01-21,"Two-Way , Not Divided",Ice/Frost,Daylight,Clear,Angle (Front - to - Side) Opposite Direction,No,No Controls,3,0,No Injury,1,,41.80664,-71.40997
920659,2025-00004876,2025-01-20,3:30:00 PM,Vehicle - Vehicle,,WESTMINSTER,,Jason Clancy,999,2025-01-21,Unknown,Dry,Daylight,Clear,Rear End(Front-to-Rear),"Yes, M/V and Driver Left Scene",Unknown,1,0,Unknown,2,,,
920682,2025-00004838,2025-01-20,12:56:00 PM,Vehicle - Vehicle,,PLAINFIELD ST,DANIEL AVE,Ajay Subramaniam,569,2025-01-21,"Two-Way , Not Divided",Snow,Daylight,Clear,Rear End(Front-to-Rear),"Yes, M/V and Driver Left Scene",No Controls,2,0,No Injury,2,,41.81244,-71.46023
920744,2025-00005406,2025-01-20,11:15:00 PM,Vehicle - Parked Vehicle,,PROVIDENCE PL,,Jason Clancy,999,2025-01-23,Unknown,Dry,Daylight,Clear,Unknown,"Yes, M/V and Driver Left Scene",Unknown,1,0,Unknown,2,,,
920962,2025-00007070,2025-01-20,5:00:00 AM,Vehicle - Parked Vehicle,,THURBERS AVE,EDDY ST,Quincy Griffin,970,2025-01-30,Unknown,Dry,Dark - Lighted,Clear,Unknown,"Yes, M/V and Driver Left Scene",No Controls,1,0,Unknown,2,,41.79994,-71.40584
920906,2025-00004828,2025-01-20,12:09:00 PM,Vehicle - Vehicle,,EXIT 22A (RT ),FRANCIS ST,Michael Baldassare,568,2025-01-29,"Two-Way , Not Divided",Dry,Daylight,Clear,Angle (Front - to - Side) Right Angle (Includes Broadside),No,Traffic Control Signal,4,0,No Injury,2,,41.82577,-71.41527
922792,2025-00004297,2025-01-20,9:03:00 PM,Vehicle - Parked Vehicle,,KENDALL ST,BRIDGHAM ST,Evan Alarcon,131,2025-03-31,"Two-Way , Not Divided",Ice/Frost,Dark - Lighted,Clear,"Sidwswipe, Opposite Direction",No,No Controls,2,0,No Injury,2,,41.81284,-71.42596
920683,2025-00004865,2025-01-19,10:45:00 PM,Vehicle - Vehicle,,MANTON AVE,FRUIT HILL AVE,Jason Clancy,999,2025-01-21,Unknown,Snow,Dark - Unknown Lighting,Snow,Rear End(Front-to-Rear),No,Unknown,2,0,Unknown,2,,41.83388,-71.46783
920708,2025-00005071,2025-01-19,6:55:00 AM,Vehicle - Object,,CEMETERY ST,N MAIN ST,Jason Clancy,999,2025-01-22,Unknown,Ice/Frost,Daylight,Clear,Not a Collision Between Two Motor Vehicles in Transport,No,Unknown,1,0,Unknown,1,,41.84914,-71.40378
920665,2025-00004891,2025-01-19,10:00:00 PM,Vehicle - Vehicle,,ATWELLS AVE,ERASTUS ST,Jason Clancy,999,2025-01-21,Unknown,Snow,Dark - Unknown Lighting,Snow,Rear End(Front-to-Rear),No,Unknown,3,0,Unknown,2,,41.82516,-71.45073
920650,2025-00004708,2025-01-19,8:15:00 PM,Vehicle - Vehicle,,BRANCH AVENUE,BURNS ST,David Monteiro,613,2025-01-20,"Two-Way , Not Divided",Wet,Dark - Lighted,Snow,Rear End(Front-to-Rear),No,Stop Signs,3,0,No Injury,2,,41.85537,-71.44108
920630,2025-00004735,2025-01-19,10:33:00 PM,Vehicle - Vehicle,,RIVER AVE,VALLEY ST,Ridalson Emile,649,2025-01-20,"Two-Way, Divided, Unprotected (painted>4feet) Medium",Snow,Dark - Lighted,Snow,"Sideswipe, Same Direction",No,No Controls,3,0,No Injury,2,,41.82808,-71.43524
920622,2025-00004736,2025-01-19,10:42:00 PM,Vehicle - Vehicle,,BRADFORD ST,MOUNTAIN ST,Ralph Abenante,511,2025-01-19,"Two-Way , Not Divided",Snow,Dark - Lighted,Snow,Angle (Front - to - Side) Right Angle (Includes Broadside),No,Stop Signs,4,0,No Injury,2,,41.82377,-71.42173
920624,2025-00004554,2025-01-19,3:12:00 AM,Vehicle - Vehicle,,Julian St,ATWELLS AVE,Kyle Baxter,634,2025-01-19,"Two-Way , Not Divided",Wet,Dark - Lighted,Rain,Angle (Front - to - Side) Right Angle (Includes Broadside),No,Stop Signs,5,1,Complains Of Pain,3,,41.82485,-71.44463
920625,2025-00004745,2025-01-19,11:10:00 PM,Vehicle - Vehicle,,COLFAX ST,PRAIRIE AVE,Domenic Schiavulli,653,2025-01-19,"Two-Way , Not Divided",Snow,Dark - Lighted,Blowing Snow,Rear End(Front-to-Rear),No,Stop Signs,3,0,No Injury,2,,41.79953,-71.41226
920626,2025-00004738,2025-01-19,10:28:00 PM,Vehicle - Vehicle,,45 CYPRESS ST,,Angel Garcia,656,2025-01-19,"Two-Way, Divided, Unprotected (painted>4feet) Medium",Snow,Dark - Lighted,Snow,"Sidwswipe, Opposite Direction",No,No Controls,3,0,No Injury,2,,41.8421,-71.40589
920627,2025-00004739,2025-01-19,10:48:00 PM,Vehicle - Object,,CHALKSTONE AVE,ROSEBANK AVE,Jephte Wagnac,141,2025-01-20,"Two-Way , Not Divided",Snow,Dark - Lighted,Snow,Not a Collision Between Two Motor Vehicles in Transport,No,No Controls,2,1,Complains Of Pain,1,,41.8338,-71.4352
920604,2025-00004547,2025-01-19,2:17:00 AM,Vehicle - Vehicle,,Valley St,DELAINE ST,Peyton Ginolfi,657,2025-01-19,"Two-Way , Not Divided",Wet,Dark - Lighted,Clear,Angle (Front - to - Side) Same Direction,No,No Controls,7,0,No Injury,2,,41.81951,-71.4405
920605,2025-00004575,2025-01-19,6:34:00 AM,Vehicle - Object,,Cemetery Street,BONANZA WAY,Igor Barbosa,114,2025-01-19,"Two-Way, Divided, Unprotected (painted>4feet) Medium",Ice/Frost,Daylight,Clear,Not a Collision Between Two Motor Vehicles in Transport,No,No Controls,2,0,No Injury,1,,41.85341,-71.40638
920606,2025-00004593,2025-01-19,9:30:00 AM,Vehicle - Parked Vehicle,,Chapin Ave,Ellery St,Luis Quinilla,572,2025-01-19,"Two-Way , Not Divided",Ice/Frost,Daylight,Clear,Angle (Front - to - Side) Opposite Direction,No,Stop Signs,3,0,No Injury,2,2,,
920607,2025-00004600,2025-01-19,9:57:00 AM,Vehicle - Parked Vehicle,,MANTON AVENUE,PELHAM ST,Hildenise Espanol,137,2025-01-19,"Two-Way , Not Divided",Dry,Daylight,Clear,Rear End(Front-to-Rear),No,No Controls,4,0,No Injury,2,,41.82095,-71.44783
920609,2025-00004616,2025-01-19,11:46:00 AM,Vehicle - Parked Vehicle,,511 angell st,WAYLAND AVE,Louis Gianfrancesco,350,2025-01-19,One-Way Trafficway,Wet,Daylight,Clear,Rear End(Front-to-Rear),No,No Controls,2,0,No Injury,2,1,41.8302,-71.38767
920610,2025-00004624,2025-01-19,12:30:00 PM,Vehicle - Parked Vehicle,,CAMP ST,PLEASANT ST,Jeann Lugo,543,2025-01-19,"Two-Way , Not Divided",Dry,Daylight,Clear,Angle - Direction Not Specified,"Yes, M/V and Driver Left Scene",No Controls,1,0,Unknown,2,,41.84026,-71.40383
920611,2025-00004631,2025-01-19,12:59:00 PM,Vehicle - Vehicle,,APPLETON ST,JULIAN ST,Patrolwoman Addai,513,2025-01-19,"Two-Way , Not Divided",Dry,Daylight,Clear,"Sidwswipe, Opposite Direction",No,No Controls,10,1,Complains Of Pain,2,2,41.82085,-71.44514
920612,2025-00004535,2025-01-19,1:35:00 AM,Vehicle - Parked Vehicle,,BASSWOOD AVE,MOUNT PLEASANT AVE,Ralph Abenante,511,2025-01-19,"Two-Way, Divided, Unprotected (painted>4feet) Medium",Wet,Dark - Lighted,Cloudy,Angle (Front - to - Side) Right Angle (Includes Broadside),No,No Controls,4,2,Incapacitating,2,,41.84617,-71.454
920600,2025-00004508,2025-01-19,12:27:00 AM,Vehicle - Parked Vehicle,,Atwells Ave,CUTLER ST,Kayla Facey,658,2025-01-19,"Two-Way , Not Divided",Wet,Dark - Lighted,Clear,Rear - to - Rear,No,No Controls,5,0,No Injury,2,,41.82469,-71.44183
920614,2025-00004468,2025-01-19,9:31:00 PM,Vehicle - Vehicle,,GENEVA ST,CHALKSTONE AVE,Matthew Carlone,602,2025-01-19,"Two-Way , Not Divided",Wet,Dark - Lighted,Clear,Rear End(Front-to-Rear),No,No Controls,2,1,Complains Of Pain,2,,41.83227,-71.44094
920616,2025-00004652,2025-01-19,2:57:00 PM,Vehicle - Pedestrian,Bicycle,POTTERS AVE,BROAD ST,Raymond Criner,340,2025-01-19,"Two-Way , Not Divided",Dry,Daylight,Clear,Not a Collision Between Two Motor Vehicles in Transport,No,Pavement Markings,5,1,Complains Of Pain,1,,41.80297,-71.41891
920619,2025-00004662,2025-01-19,3:58:00 PM,Vehicle - Parked Vehicle,,HAYWARD ST,LOCKWOOD ST,Manuel Tueros,621,2025-01-19,"Two-Way , Not Divided",Dry,Daylight,Clear,"Sideswipe, Same Direction","Yes, M/V and Driver Left Scene",No Controls,2,0,No Injury,2,,41.81474,-71.41944
920620,2025-00004663,2025-01-19,4:09:00 PM,Vehicle - Parked Vehicle,,MANTON AVE,SISSON ST,Arthur Lima,126,2025-01-19,"Two-Way , Not Divided",Wet,Daylight,Clear,"Sidwswipe, Opposite Direction",No,No Controls,6,0,No Injury,2,2,41.82548,-71.45536
920618,2025-00004465,2025-01-18,9:16:00 PM,Vehicle - Vehicle,,Prarie Ave.,Blackstone St.,Andrew Brodeur,158,2025-01-19,"Two-Way , Not Divided",Dry,Dark - Not Lighted,Clear,Angle (Front - to - Side) Right Angle (Includes Broadside),"Yes, M/V and Driver Left Scene",No Controls,1,0,No Injury,2,2,,
920615,2025-00004474,2025-01-18,9:45:00 PM,Vehicle - Vehicle,,ELMWOOD AVE,PUBLIC ST,Terrence Gibson,610,2025-01-19,"Two-Way , Not Divided",Wet,Dark - Lighted,Rain,"Sideswipe, Same Direction",No,No Controls,2,0,No Injury,2,,41.80219,-71.42613
920601,2025-00004281,2025-01-18,1:01:00 AM,Vehicle - Vehicle,,clifford st,DORRANCE ST,Cesar Franco,668,2025-01-18,"Two-Way , Not Divided",Dry,Dark - Lighted,Clear,Rear End(Front-to-Rear),No,No Controls,2,0,No Injury,2,,41.82157,-71.4088
920613,2025-00004354,2025-01-18,11:59:00 AM,Vehicle - Vehicle,,414 SMITHFIELD AVE,NELLIE STREET,Ryan Anderson,107,2025-01-19,"Two-Way , Not Divided",Dry,Daylight,Clear,Angle (Front - to - Side) Right Angle (Includes Broadside),No,No Controls,3,0,No Injury,2,,41.85734,-71.41082
920608,2025-00004326,2025-01-18,6:56:00 AM,Vehicle - Vehicle,,CLIFFORD ST,EAST FRANKLIN ST,Lucio Andreozzi,381,2025-01-19,One-Way Trafficway,Dry,Daylight,Clear,Angle (Front - to - Side) Right Angle (Includes Broadside),No,Traffic Control Signal,2,0,No Injury,2,3,41.81648,-71.41375
920557,2025-00004317,2025-01-18,4:10:00 AM,Vehicle - Vehicle,,Charles St,ADMIRAL ST,Aidan Pendergast,651,2025-01-18,"Two-Way, Divided, Positive Median Barrier",Dry,Dark - Lighted,Clear,Rear End(Front-to-Rear),No,Traffic Control Signal,2,0,No Injury,2,,41.84072,-71.41737
920558,2025-00004306,2025-01-18,2:37:00 AM,Vehicle - Vehicle,,NEW YORK AVE,ALLENS AVE,Jacob Coro,664,2025-01-18,"Two-Way , Not Divided",Dry,Dark - Lighted,Clear,Rear End(Front-to-Rear),No,No Controls,2,1,Complains Of Pain,2,,41.791,-71.39665
920559,2025-00004293,2025-01-18,1:38:00 AM,Vehicle - Vehicle,,KILLINGLY ST,US HWY 6 E,Colby Berciano,671,2025-01-18,"Two-Way , Not Divided",Dry,Dark - Lighted,Clear,Rear End(Front-to-Rear),No,No Controls,5,0,No Injury,2,,41.82205,-71.47028
920564,2025-00004322,2025-01-18,5:31:00 AM,Vehicle - Vehicle,,FOUNTAIN ST,FOUNTAIN ST,Carla Pineyro,661,2025-01-18,"Two-Way, Divided, Unprotected (painted>4feet) Medium",Dry,Dark - Lighted,Clear,Rear End(Front-to-Rear),No,No Controls,3,0,No Injury,3,2,41.82329,-71.41611
920575,2025-00004344,2025-01-18,10:29:00 AM,Vehicle - Parked Vehicle,,30 Kenwood Street,WAVERLY ST,Luis Fernandez,531,2025-01-18,"Two-Way , Not Divided",Dry,Dark - Lighted,Clear,Angle (Front - to - Side) Right Angle (Includes Broadside),"Yes, M/V and Driver Left Scene",No Controls,1,0,Unknown,2,,41.80919,-71.435
920579,2025-00004349,2025-01-18,11:24:00 AM,Vehicle - Vehicle,,WEYBOSSET ST,SNOW ST,John Manown,516,2025-01-18,"Two-Way , Not Divided",Dry,Daylight,Cloudy,Angle (Front - to - Side) Right Angle (Includes Broadside),No,Stop Signs,4,0,No Injury,2,,41.82068,-71.41328
920582,2025-00004365,2025-01-18,12:49:00 PM,Vehicle - Parked Vehicle,,Laban Street,GIFFORD ST,Southavout Im,382,2025-01-18,"Two-Way , Not Divided",Dry,Dark - Lighted,Clear,"Sideswipe, Same Direction","Yes, M/V and Driver Left Scene",No Controls,1,0,Unknown,2,,41.81522,-71.44916
920583,2025-00004366,2025-01-18,12:49:00 PM,Vehicle - Parked Vehicle,,GLASGOW ST,HAWKINS ST,Christopher Hines,537,2025-01-18,"Two-Way , Not Divided",Dry,Daylight,Clear,"Sideswipe, Same Direction",No,No Controls,2,0,Unknown,2,,41.8477,-71.42659
920586,2025-00004372,2025-01-18,1:26:00 PM,Vehicle - Vehicle,,North Main Street,N MAIN ST,Igor Barbosa,114,2025-01-18,One-Way Trafficway,Dry,Daylight,Cloudy,"Sideswipe, Same Direction",No,No Controls,2,0,No Injury,2,,41.82835,-71.40954
920588,2025-00004392,2025-01-18,3:34:00 PM,Vehicle - Vehicle,,STATE HWY 10,CRANSTON ST,Terrence Gibson,610,2025-01-18,"Two-Way , Not Divided",Wet,Daylight,Rain,Rear End(Front-to-Rear),No,Traffic Control Signal,2,0,No Injury,2,,41.8038,-71.43917
920589,2025-00004395,2025-01-18,3:57:00 PM,Vehicle - Vehicle,,POCASSET AVE,PLAINFIELD ST,Michael Pesola,117,2025-01-18,"Two-Way , Not Divided",Wet,Daylight,Rain,Rear End(Front-to-Rear),"Yes, M/V and Driver Left Scene",Traffic Control Signal,2,0,No Injury,2,,41.81356,-71.44811
920590,2025-00004410,2025-01-18,5:37:00 PM,Vehicle - Vehicle,,POINT ST,S WATER ST,Patrick Hourahan,243,2025-01-18,"Two-Way , Not Divided",Wet,Dark - Lighted,Rain,Angle (Front - to - Side) Right Angle (Includes Broadside),No,No Controls,4,0,No Injury,2,,41.81854,-71.40164
920591,2025-00004409,2025-01-18,5:31:00 PM,Vehicle - Vehicle,,CRANSTON ST,WAVERLY ST,Raymond Criner,340,2025-01-18,"Two-Way , Not Divided",Wet,Daylight,Rain,Angle (Front - to - Side) Right Angle (Includes Broadside),No,Stop Signs,3,2,Complains Of Pain,2,,41.80832,-71.43454
920592,2025-00004406,2025-01-18,5:19:00 PM,Vehicle - Vehicle,,TRANSIT STREET,ARNOLD ST,Matthew Marwell,639,2025-01-18,"Two-Way , Not Divided",Wet,Dark - Lighted,Rain,"Sideswipe, Same Direction",No,No Controls,2,0,No Injury,2,2,,
920593,2025-00004413,2025-01-18,5:54:00 PM,Vehicle - Vehicle,,WASHINGTON ST,DORRANCE ST,Cassidy Simanski,132,2025-01-18,"Two-Way, Divided, Unprotected (painted>4feet) Medium",Wet,Dark - Lighted,Rain,Angle (Front - to - Side) Same Direction,"Yes, M/V and Driver Left Scene",Traffic Control Signal,9,0,No Injury,2,,41.82445,-71.41277
920594,2025-00004411,2025-01-18,5:43:00 PM,Vehicle - Pedestrian,Pedestrian,10 MEMORIAL BLVD,FRANCIS ST,Cassidy Simanski,132,2025-01-18,"Two-Way, Divided, Positive Median Barrier",Wet,Dark - Lighted,Rain,Other,No,No Controls,2,1,Complains Of Pain,1,,41.82618,-71.41443
920595,2025-00004425,2025-01-18,6:44:00 PM,Vehicle - Vehicle,,DEXTER ST,POTTERS AVE,Ralph Abenante,511,2025-01-18,"Two-Way , Not Divided",Wet,Dark - Lighted,Rain,Angle (Front - to - Side) Right Angle (Includes Broadside),No,Stop Signs,3,1,Complains Of Pain,2,,41.80249,-71.43059
920596,2025-00004427,2025-01-18,6:41:00 PM,Vehicle - Vehicle,,BATH ST,CHALKSTONE AVE,Ian Quinn,102,2025-01-18,"Two-Way , Not Divided",Wet,Dark - Lighted,Rain,Angle (Front - to - Side) Right Angle (Includes Broadside),No,Traffic Control Signal,5,0,No Injury,2,2,41.83514,-71.42583
920597,2025-00004461,2025-01-18,9:05:00 PM,Vehicle - Pedestrian,Scooter,EXIT 22A (RT ),FRANCIS ST,Raymond Criner,340,2025-01-18,"Two-Way, Divided, Positive Median Barrier",Wet,Dark - Lighted,Rain,Not a Collision Between Two Motor Vehicles in Transport,No,Pavement Markings,2,2,Complains Of Pain,1,,41.82577,-71.41527
920598,2025-00004462,2025-01-18,9:10:00 PM,Vehicle - Vehicle,,ORMS STREET,BATH STREET,Ian Quinn,102,2025-01-18,"Two-Way , Not Divided",Wet,Dark - Lighted,Rain,Angle (Front - to - Side) Right Angle (Includes Broadside),No,Stop Signs,3,0,No Injury,2,2,,
920599,2025-00004477,2025-01-18,10:28:00 PM,Vehicle - Parked Vehicle,,Grove St,TOBEY ST,Tyler Calandra,418,2025-01-19,"Two-Way , Not Divided",Wet,Dark - Lighted,Clear,Angle (Front - to - Side) Right Angle (Includes Broadside),No,No Controls,2,1,Complains Of Pain,2,,41.81926,-71.43482
920707,2025-00005078,2025-01-18,5:40:00 PM,Vehicle - Vehicle,,ROUTE 10 SOUTH,,Jason Clancy,999,2025-01-22,One-Way Trafficway,Dry,Dark - Unknown Lighting,Clear,"Sideswipe, Same Direction","Yes, M/V and Driver Left Scene",Unknown,2,0,Unknown,2,,,
920742,2025-00005300,2025-01-18,2:25:00 PM,Vehicle - Vehicle,,SILVER SPRING ST,,Jason Clancy,999,2025-01-23,Unknown,Dry,Daylight,Clear,"Sideswipe, Same Direction",No,Unknown,2,0,Unknown,2,,,
920725,2025-00005314,2025-01-18,5:00:00 PM,Vehicle - Vehicle,,NIANTIC AVE,CRANSTON ST,Jason Clancy,999,2025-01-22,Unknown,Unknown,Dark - Unknown Lighting,Clear,Other,No,Unknown,2,0,Unknown,2,,41.80337,-71.43999
921141,2025-00008670,2025-01-18,1:19:00 PM,Vehicle - Object,,RUSSO ST,NAHANT ST,Jason Clancy,999,2025-02-05,Unknown,Dry,Daylight,Clear,Other,"Yes, M/V and Driver Left Scene",Unknown,2,0,Unknown,1,,41.85275,-71.42112
921081,2025-00004180,2025-01-17,5:15:00 PM,Vehicle - Vehicle,,VALLEY ST,RIVER AVE,Saramarie Cerullo,151,2025-02-03,"Two-Way, Divided, Unprotected (painted>4feet) Medium",Dry,Daylight,Clear,Angle (Front - to - Side) Opposite Direction,No,Traffic Control Signal,2,0,No Injury,2,,41.82795,-71.43519
920727,2025-00005282,2025-01-17,9:30:00 AM,Vehicle - Parked Vehicle,,POTTERS AVE,,Jason Clancy,999,2025-01-22,Unknown,Unknown,Daylight,Clear,Other,No,Unknown,2,0,Unknown,2,,,
920666,2025-00004059,2025-01-17,9:00:00 AM,Vehicle - Vehicle,,Fisk St,BERNARD ST,Michelle Chasse,264,2025-01-21,"Two-Way , Not Divided",Dry,Daylight,Clear,Angle (Front - to - Side) Right Angle (Includes Broadside),No,Stop Signs,3,0,No Injury,2,,41.79002,-71.40751
920670,2025-00004160,2025-01-17,7:20:00 AM,Vehicle - Pedestrian,Pedestrian,SMITH ST,ACADEMY AVE,Quincy Griffin,970,2025-01-21,"Two-Way , Not Divided",Dry,Daylight,Clear,"Sideswipe, Same Direction","Yes, M/V and Driver Left Scene",No Controls,1,0,Unknown,1,,41.84271,-71.44545
920706,2025-00004124,2025-01-17,2:19:00 PM,Vehicle - Vehicle,,PEARL ST,HAYWARD ST,Matthew Sandorse,508,2025-01-22,Unknown,Dry,Daylight,Clear,Rear - to - Side,No,No Controls,4,0,No Injury,2,,41.81469,-71.42083
920584,2025-00004046,2025-01-17,8:23:00 AM,Vehicle - Vehicle,,Manton Ave,Edgemere Ave,Luis Quinilla,572,2025-01-18,"Two-Way , Not Divided",Dry,Daylight,Clear,"Sidwswipe, Opposite Direction",No,No Controls,3,0,No Injury,2,2,,
920580,2025-00004073,2025-01-17,10:25:00 AM,Vehicle - Vehicle,,THURBERS AVE,ALLENS AVE EXIT,Raleek Byfield,375,2025-01-17,"Two-Way, Divided, Unprotected (painted>4feet) Medium",Dry,Daylight,Clear,"Sideswipe, Same Direction",No,Pavement Markings,2,0,No Injury,2,,41.80054,-71.40032
920544,2025-00004222,2025-01-17,8:18:00 PM,Vehicle - Parked Vehicle,,BRADFORD ST,ATWELLS AVE,Sean Cooney,523,2025-01-17,"Two-Way , Not Divided",Dry,Dark - Lighted,Clear,"Sideswipe, Same Direction","Yes, M/V and Driver Left Scene",Stop Signs,3,0,Unknown,2,,,
920545,2025-00004131,2025-01-17,2:46:00 PM,Vehicle - Parked Vehicle,,RICHARDSON ST,PENNSYLVANIA AVE,Jose Cortorreal,604,2025-01-17,"Two-Way , Not Divided",Dry,Daylight,Clear,"Sideswipe, Same Direction",No,No Controls,3,0,No Injury,2,,41.79786,-71.41149
920527,2025-00004101,2025-01-17,12:53:00 PM,Vehicle - Vehicle,,Dean Street,BROADWAY,Luis Fernandez,531,2025-01-17,"Two-Way, Not Divided With a Continuous Left Turn Lane",Dry,Daylight,Clear,Rear End(Front-to-Rear),"Yes, M/V and Driver Left Scene",Traffic Control Signal,2,0,No Injury,2,,41.82142,-71.42254
920542,2025-00004204,2025-01-17,7:15:00 PM,Vehicle - Vehicle,,1 PROVIDENCE PLACE,FRANCIS ST,Christian Main,145,2025-01-17,"Two-Way, Divided, Unprotected (painted>4feet) Medium",Dry,Dark - Lighted,Clear,Angle (Front - to - Side) Right Angle (Includes Broadside),No,No Controls,4,0,No Injury,2,2,,
920529,2025-00004112,2025-01-17,1:33:00 PM,Vehicle - Vehicle,,WESTMINSTER ST,WESTMINSTER ST EXIT,Ptlm. Castagliuolo,351,2025-01-17,"Two-Way , Not Divided",Dry,Daylight,Clear,Rear - to - Side,No,Traffic Control Signal,2,0,No Injury,2,,41.81579,-71.43813
920534,2025-00004143,2025-01-17,3:21:00 PM,Vehicle - Parked Vehicle,,MANTON AVE,EDGEMERE AVE,Jessenia Montano,149,2025-01-17,"Two-Way, Divided, Unprotected (painted>4feet) Medium",Dry,Daylight,Clear,Angle (Front - to - Side) Opposite Direction,No,Stop Signs,3,0,No Injury,2,,41.82584,-71.45748
920535,2025-00004161,2025-01-17,3:58:00 PM,Vehicle - Vehicle,,HARVEST ST,ROBIN ST,Manuel Tueros,621,2025-01-17,"Two-Way , Not Divided",Dry,Daylight,Clear,Head-On (Front - to - Front),No,No Controls,8,0,No Injury,2,,41.83151,-71.43601
920536,2025-00004154,2025-01-17,3:42:00 PM,Vehicle - Parked Vehicle,,ALLENS AVE,TORONTO AVE,Nicholas Manfredi,343,2025-01-17,"Two-Way , Not Divided",Dry,Daylight,Clear,Rear End(Front-to-Rear),No,No Controls,2,0,No Injury,2,,41.79283,-71.39726
920537,2025-00004185,2025-01-17,5:44:00 PM,Vehicle - Parked Vehicle,,LYNCH ST,CHALKSTONE AVE,Jessenia Montano,149,2025-01-17,"Two-Way, Divided, Unprotected (painted>4feet) Medium",Dry,Dark - Lighted,Clear,Not a Collision Between Two Motor Vehicles in Transport,No,No Controls,3,0,No Injury,2,,41.83233,-71.45234
920538,2025-00004191,2025-01-17,6:22:00 PM,Vehicle - Vehicle,,DEXTER ST,CRANSTON ST,Kelsa Heron,133,2025-01-17,"Two-Way , Not Divided",Dry,Dark - Lighted,Clear,Rear End(Front-to-Rear),No,No Controls,2,0,No Injury,2,,41.81262,-71.4296
920539,2025-00004153,2025-01-17,3:39:00 PM,Vehicle - Vehicle,,ELMWOOD AVE,CADILLAC DR,Kyle Ludovici,390,2025-01-17,"Two-Way , Not Divided",Dry,Daylight,Clear,Head-On (Front - to - Front),No,No Controls,3,0,No Injury,2,,41.78916,-71.42126