CrashReportId,ReportNumber,CrashDate,CrashTime,TypeOfCollision,Collision Type,StreetOrHighway,NearestIntersection,Officer,Badge,ReportDate,TypeOfRoadway,RoadSurfaceCondition,LightCondition,WeatherCondition,MannerofImpact,HitAndRun,TrafficControl,PersonCount,InjuryCount,MostSeriousInjury,NumberofVehicles,NumberOfLanes,Latitude,Longitude
920540,2025-00004205,2025-01-17,7:31:00 PM,Vehicle - Vehicle,,SMITH ST,CHALKSTONE AVE,Ryan Fernandes,125,2025-01-17,"Two-Way, Divided, Unprotected (painted>4feet) Medium",Dry,Dark - Lighted,Clear,Rear End(Front-to-Rear),No,No Controls,7,0,No Injury,2,,41.83515,-71.42549
920621,2025-00004181,2025-01-17,5:21:00 PM,Vehicle - Vehicle,,UNION AVE,POCASSET AVE,Johansell Montilla,627,2025-01-19,"Two-Way, Divided, Unprotected (painted>4feet) Medium",Dry,Dark - Lighted,Clear,Rear End(Front-to-Rear),No,Traffic Control Signal,3,0,No Injury,2,,41.80639,-71.45714
920656,2025-00004130,2025-01-17,2:31:00 PM,Vehicle - Parked Vehicle,,WESTMINSTER ST,BARTON ST,Jason Clancy,999,2025-01-21,Unknown,Dry,Daylight,Clear,"Sideswipe, Same Direction",No,Unknown,4,0,Unknown,2,,41.81592,-71.43651
920506,2025-00004016,2025-01-17,1:26:00 AM,Vehicle - Vehicle,,ORMS ST,SMITH ST,Aidan Pendergast,651,2025-01-17,"Two-Way , Not Divided",Ice/Frost,Dark - Lighted,Clear,Angle (Front - to - Side) Opposite Direction,"Yes, M/V and Driver Left Scene",Traffic Control Signal,1,0,No Injury,2,,41.83376,-71.42199
920510,2025-00004044,2025-01-17,8:10:00 AM,Vehicle - Vehicle,,Benefit Street,South Court,Martin Hames,536,2025-01-17,"Two-Way , Not Divided",Dry,Daylight,Clear,"Sideswipe, Same Direction",No,No Controls,4,0,No Injury,2,,,
920515,2025-00004065,2025-01-17,9:38:00 AM,Vehicle - Parked Vehicle,,ERASTUS ST,ATWELLS AVE,Ptlm. Castagliuolo,351,2025-01-17,"Two-Way , Not Divided",Dry,Daylight,Clear,Angle (Front - to - Side) Right Angle (Includes Broadside),No,Stop Signs,3,2,Complains Of Pain,2,,41.82517,-71.45083
920520,2025-00004068,2025-01-17,9:47:00 AM,Vehicle - Vehicle,,Smith Street,Danforth Street,James Lanier,211,2025-01-17,"Two-Way, Divided, Unprotected (painted>4feet) Medium",Dry,Daylight,Clear,Rear End(Front-to-Rear),No,No Controls,2,0,No Injury,2,1,,
920509,2025-00003857,2025-01-16,2:03:00 PM,Vehicle - Vehicle,,Cliff street,BOYD ST,Mario Andrade,130,2025-01-17,"Two-Way , Not Divided",Dry,Daylight,Clear,Rear - to - Side,"Yes, M/V and Driver Left Scene",No Controls,1,0,Unknown,2,,41.82644,-71.43952
920503,2025-00003962,2025-01-16,9:01:00 PM,Vehicle - Vehicle,,HARRIS AVE,ATWELLS AVE,Michael Pesola,117,2025-01-16,"Two-Way , Not Divided",Dry,Dark - Lighted,Clear,Rear End(Front-to-Rear),"Yes, M/V and Driver Left Scene",Traffic Control Signal,1,0,No Injury,2,,41.8244,-71.43553
920504,2025-00003969,2025-01-16,9:21:00 PM,Vehicle - Parked Vehicle,,PAYTON ST,BROAD ST,Nicholas Manfredi,343,2025-01-16,"Two-Way , Not Divided",Dry,Dark - Not Lighted,Clear,Not a Collision Between Two Motor Vehicles in Transport,"Yes, M/V and Driver Left Scene",No Controls,1,0,Unknown,2,,41.78772,-71.40546
920505,2025-00003963,2025-01-16,9:05:00 PM,Vehicle - Vehicle,,NELLIE ST,SELKIRK ST,Matthew Carlone,602,2025-01-16,"Two-Way , Not Divided",Dry,Dark - Lighted,Clear,Angle (Front - to - Side) Opposite Direction,No,No Controls,2,0,No Injury,2,,41.85737,-71.41083
920484,2025-00003810,2025-01-16,10:47:00 AM,Vehicle - Vehicle,,Hope Street,CUSHING ST,Jason Dalton,50,2025-01-16,"Two-Way , Not Divided",Dry,Daylight,Clear,"Sidwswipe, Opposite Direction",No,No Controls,5,0,No Injury,2,,41.83018,-71.39871
920489,2025-00003852,2025-01-16,1:48:00 PM,Vehicle - Vehicle,,ELMWOOD AVE,ADELAIDE AVE,Ptlm. Castagliuolo,351,2025-01-16,"Two-Way, Divided, Positive Median Barrier",Dry,Daylight,Clear,Angle (Front - to - Side) Right Angle (Includes Broadside),No,Traffic Control Signal,3,1,Complains Of Pain,2,,41.79589,-71.425
920494,2025-00003884,2025-01-16,3:45:00 PM,Vehicle - Object,,WAYLAND AVE,SEEKONK ST,Kelsey Woodbine,633,2025-01-16,"Two-Way , Not Divided",Dry,Daylight,Clear,"Sideswipe, Same Direction",No,No Controls,4,0,No Injury,1,,41.82807,-71.38852
920495,2025-00003866,2025-01-16,2:49:00 PM,Vehicle - Vehicle,,PLAINFIELD STREET,DIKE ST,Marco Figueroa,110,2025-01-16,"Two-Way , Not Divided",Dry,Daylight,Clear,Angle (Front - to - Side) Right Angle (Includes Broadside),No,No Controls,2,1,Complains Of Pain,2,,41.81637,-71.44441
920498,2025-00003906,2025-01-16,5:02:00 PM,Vehicle - Vehicle,,EDDY ST.,OHIO AVE,J Heeder,557,2025-01-16,"Two-Way , Not Divided",Dry,Daylight,Clear,Angle (Front - to - Side) Right Angle (Includes Broadside),No,No Controls,5,5,Complains Of Pain,2,,41.78868,-71.40271
920499,2025-00003903,2025-01-16,4:51:00 PM,Vehicle - Vehicle,,POINT ST,EDDY ST,Cassidy Simanski,132,2025-01-16,"Two-Way, Divided, Unprotected (painted>4feet) Medium",Dry,Daylight,Clear,Rear End(Front-to-Rear),"Yes, M/V and Driver Left Scene",Traffic Control Signal,4,0,No Injury,3,,41.81687,-71.40648
920500,2025-00003889,2025-01-16,3:59:00 PM,Vehicle - Vehicle,,Cadillac Dr,ELMWOOD AVE,Gerry Kue,393,2025-01-16,"Two-Way , Not Divided",Dry,Daylight,Clear,"Sideswipe, Same Direction","Yes, M/V and Driver Left Scene",No Controls,2,0,No Injury,2,,41.7892,-71.42112
920469,2025-00003718,2025-01-16,12:23:00 AM,Vehicle - Vehicle,,CHALKSTONE AVE,RIVER AVE,Robert Savage,238,2025-01-16,"Two-Way, Divided, Unprotected (painted>4feet) Medium",Dry,Dark - Lighted,Clear,Rear End(Front-to-Rear),No,Traffic Control Signal,3,0,No Injury,2,,41.83257,-71.43862
920475,2025-00003755,2025-01-16,6:57:00 AM,Vehicle - Parked Vehicle,,Elmwood Ave,ELMWOOD AVE,Luis Fernandez,531,2025-01-16,"Two-Way, Divided, Unprotected (painted>4feet) Medium",Dry,Daylight,Clear,Angle (Front - to - Side) Right Angle (Includes Broadside),No,No Controls,4,0,No Injury,2,,41.80714,-71.42486
920479,2025-00003760,2025-01-16,7:50:00 AM,Vehicle - Parked Vehicle,,SMITH ST,PINEHURST AVE,Jason Dennis,392,2025-01-16,"Two-Way , Not Divided",Dry,Daylight,Clear,"Sideswipe, Same Direction",No,No Controls,3,0,No Injury,2,,41.83726,-71.4328
920482,2025-00003805,2025-01-16,10:31:00 AM,Vehicle - Parked Vehicle,,BROAD STREET,BROAD ST,Hildenise Espanol,137,2025-01-16,"Two-Way , Not Divided",Dry,Daylight,Clear,Rear End(Front-to-Rear),No,No Controls,5,1,Complains Of Pain,2,,41.80365,-71.41912
920603,2025-00003732,2025-01-16,1:25:00 AM,Vehicle - Parked Vehicle,,14 3RD ST,HIGHLAND AVE,James Lewis,250,2025-01-19,"Two-Way , Not Divided",Dry,Dark - Lighted,Clear,Not a Collision Between Two Motor Vehicles in Transport,No,No Controls,3,0,No Injury,2,,41.8509,-71.40149
920543,2025-00003867,2025-01-16,2:51:00 PM,Vehicle - Parked Vehicle,,CRANSTON ST,FRICKER ST,Johansell Montilla,627,2025-01-17,"Two-Way, Divided, Unprotected (painted>4feet) Medium",Dry,Daylight,Clear,"Sideswipe, Same Direction",No,No Controls,4,0,No Injury,2,,41.81711,-71.42237
920692,2025-00003833,2025-01-16,12:21:00 PM,Vehicle - Parked Vehicle,,DORRANCE ST,PINE ST,Michael Baldassare,568,2025-01-21,"Two-Way , Not Divided",Dry,Daylight,Clear,"Sideswipe, Same Direction",No,No Controls,3,0,No Injury,2,,41.82246,-71.4102
920679,2025-00005034,2025-01-16,7:50:00 PM,Vehicle - Parked Vehicle,,287 PLAINFIELD ST,,Quincy Griffin,970,2025-01-21,Unknown,Dry,Dark - Lighted,Clear,Rear End(Front-to-Rear),"Yes, M/V and Driver Left Scene",No Controls,2,0,Unknown,2,,,
920674,2025-00004129,2025-01-16,3:50:00 PM,Vehicle - Vehicle,,STEWART ST,PINE ST,Quincy Griffin,970,2025-01-21,"Two-Way , Not Divided",Dry,Daylight,Clear,Angle (Front - to - Side) Same Direction,"Yes, M/V and Driver Left Scene",Traffic Control Signal,1,0,Unknown,2,,41.81519,-71.41614
920672,2025-00004188,2025-01-16,4:45:00 PM,Vehicle - Parked Vehicle,,MEETING ST,THAYER ST,Quincy Griffin,970,2025-01-21,Unknown,Dry,Daylight,Clear,Unknown,"Yes, M/V and Driver Left Scene",No Controls,3,0,Unknown,2,,41.82918,-71.40051
920951,2025-00003868,2025-01-16,3:06:00 PM,Vehicle - Vehicle,,FILLMORE ST,OREGON ST,Albert Pereira,111,2025-01-30,"Two-Way , Not Divided",Dry,Daylight,Clear,"Sidwswipe, Opposite Direction","Yes, M/V and Driver Left Scene",No Controls,2,0,No Injury,2,,41.83946,-71.42073
921136,2024-00103661,2025-01-16,8:51:00 AM,Vehicle - Vehicle,,RAYMOND ST,CHALKSTONE AVE,Kyana Williams,426,2025-02-05,"Two-Way , Not Divided",Dry,Daylight,Clear,Rear End(Front-to-Rear),No,No Controls,2,0,No Injury,2,,41.83416,-71.43023
920668,2025-00004118,2025-01-15,11:15:00 AM,Vehicle - Pedestrian,Pedestrian,ANGELL ST,BROOK ST,Quincy Griffin,970,2025-01-21,"Two-Way , Not Divided",Dry,Daylight,Clear,Not a Collision Between Two Motor Vehicles in Transport,"Yes, M/V and Driver Left Scene",No Controls,1,1,Complains Of Pain,1,,41.82821,-71.39947
920660,2025-00004141,2025-01-15,3:00:00 PM,Vehicle - Vehicle,,SNOW ST,WASHINGTON ST,Quincy Griffin,970,2025-01-21,"Two-Way , Not Divided",Dry,Daylight,Clear,Rear End(Front-to-Rear),"Yes, M/V and Driver Left Scene",No Controls,3,0,Unknown,2,,41.82263,-71.41551
920541,2025-00003674,2025-01-15,7:46:00 PM,Vehicle - Vehicle,,DOUGLAS AVE,DOUGLAS AVE,Ryan Fernandes,125,2025-01-17,"Two-Way, Divided, Unprotected (painted>4feet) Medium",Dry,Daylight,Clear,Rear - to - Side,"Yes, M/V and Driver Left Scene",No Controls,4,0,No Injury,2,,41.84147,-71.42744
920483,2025-00003524,2025-01-15,8:36:00 AM,Vehicle - Vehicle,,Farmington Ave,ETHAN ST,Ajay Subramaniam,569,2025-01-16,"Two-Way , Not Divided",Dry,Daylight,Clear,Not a Collision Between Two Motor Vehicles in Transport,No,No Controls,4,0,No Injury,4,,41.80565,-71.46027
920455,2025-00003611,2025-01-15,3:09:00 PM,Vehicle - Vehicle,,HARTFORD AVE,US HWY 6 E,Raymond Criner,340,2025-01-15,"Two-Way , Not Divided",Dry,Daylight,Clear,Rear End(Front-to-Rear),No,Traffic Control Signal,6,3,Complains Of Pain,2,,41.81716,-71.44887
920456,2025-00003604,2025-01-15,2:32:00 PM,Vehicle - Vehicle,,SMITH ST,WYNDHAM AVE,Ryan Fernandes,125,2025-01-15,"Two-Way, Divided, Unprotected (painted>4feet) Medium",Dry,Daylight,Clear,"Sideswipe, Same Direction",No,No Controls,6,0,No Injury,2,,41.83968,-71.43826
920470,2025-00003708,2025-01-15,11:49:00 PM,Vehicle - Vehicle,,POINT ST,E FRANKLIN ST,Kelly Morel,687,2025-01-16,"Two-Way , Not Divided",Dry,Dark - Lighted,Clear,Rear End(Front-to-Rear),No,No Controls,4,1,Complains Of Pain,2,,41.81517,-71.41149
920471,2025-00003473,2025-01-15,12:32:00 AM,Vehicle - Vehicle,,ATWELLS AVE,DEAN ST,Elijah Perry,618,2025-01-16,"Two-Way , Not Divided",Dry,Dark - Lighted,Clear,Rear End(Front-to-Rear),No,Traffic Control Signal,3,0,No Injury,3,,41.82338,-71.42407
920446,2025-00003564,2025-01-15,11:33:00 AM,Vehicle - Parked Vehicle,,UPDIKE STREET,58 WHITMARSH STREET,Flavio Tavares,371,2025-01-15,"Two-Way , Not Divided",Dry,Daylight,Clear,Angle (Front - to - Side) Right Angle (Includes Broadside),No,No Controls,1,0,No Injury,2,,,
920447,2025-00003591,2025-01-15,1:54:00 PM,Vehicle - Vehicle,,MANNING ST,COOKE ST,Michael Cifuentes,330,2025-01-15,"Two-Way , Not Divided",Dry,Daylight,Clear,Angle (Front - to - Side) Right Angle (Includes Broadside),No,Stop Signs,2,0,No Injury,2,,41.82671,-71.39543
920448,2025-00003537,2025-01-15,9:41:00 AM,Vehicle - Parked Vehicle,,COLONIAL RD,CAMP ST,Ptlm. Castagliuolo,351,2025-01-15,"Two-Way , Not Divided",Dry,Daylight,Clear,Not a Collision Between Two Motor Vehicles in Transport,No,No Controls,3,0,No Injury,2,,41.8473,-71.40315
920453,2025-00003510,2025-01-15,7:37:00 AM,Vehicle - Parked Vehicle,,RANDALL ST,CHARLES ST,Jeann Lugo,543,2025-01-15,"Two-Way , Not Divided",Dry,Daylight,Clear,Rear End(Front-to-Rear),No,No Controls,8,1,Complains Of Pain,2,,41.83757,-71.41037
920521,2025-00003896,2025-01-15,3:00:00 PM,Vehicle - Parked Vehicle,,HARTFORD AVE,,Jason Clancy,999,2025-01-17,Unknown,Dry,Dark - Unknown Lighting,Clear,Unknown,"Yes, M/V and Driver Left Scene",Unknown,1,0,Unknown,2,,,
920425,2025-00003479,2025-01-15,1:33:00 AM,Vehicle - Parked Vehicle,,Silver Spring St,BISMARK ST,Aidan Pendergast,651,2025-01-15,"Two-Way , Not Divided",Dry,Dark - Lighted,Clear,Rear End(Front-to-Rear),No,No Controls,2,0,No Injury,2,,41.85435,-71.41208
920438,2025-00003529,2025-01-15,9:00:00 AM,Vehicle - Pedestrian,Pedestrian,ACADEMY AVE,SMITH ST,Gustavo Genao,135,2025-01-15,"Two-Way , Not Divided",Dry,Daylight,Clear,Angle (Front - to - Side) Same Direction,No,Traffic Control Signal,3,1,Complains Of Pain,1,,41.84258,-71.44515
920441,2025-00003550,2025-01-15,10:47:00 AM,Vehicle - Parked Vehicle,,690 EDDY STREET,BLACKSTONE STREET,Flavio Tavares,371,2025-01-15,Unknown,Dry,Daylight,Clear,Rear - to - Side,No,No Controls,2,0,No Injury,2,,,
920442,2025-00003573,2025-01-15,12:14:00 PM,Vehicle - Vehicle,,BARRY RD,BARRY RD,Patrolwoman Addai,513,2025-01-15,"Two-Way , Not Divided",Dry,Daylight,Clear,Rear - to - Rear,No,No Controls,2,0,No Injury,2,,41.81805,-71.45088
920459,2025-00003609,2025-01-15,3:04:00 PM,Vehicle - Vehicle,,RIVER AVE,MOORLAND AVE,Lane,109,2025-01-15,"Two-Way , Not Divided",Dry,Daylight,Clear,Angle (Front - to - Side) Right Angle (Includes Broadside),No,Stop Signs,2,0,No Injury,2,,41.83752,-71.43973
920460,2025-00003631,2025-01-15,4:00:00 PM,Vehicle - Pedestrian,Pedestrian,RANDALL ST,N MAIN ST,Patrick Hourahan,243,2025-01-15,"Two-Way , Not Divided",Dry,Daylight,Clear,Not a Collision Between Two Motor Vehicles in Transport,"Yes, M/V and Driver Left Scene",Yield Signs,1,1,Complains Of Pain,1,,41.83766,-71.4097
920461,2025-00003649,2025-01-15,5:21:00 PM,Vehicle - Parked Vehicle,,BRANCH AVE,WOODWARD RD,David Palumbo,106,2025-01-15,"Two-Way , Not Divided",Dry,Dark - Lighted,Clear,Angle (Front - to - Side) Right Angle (Includes Broadside),No,Stop Signs,2,0,No Injury,2,,41.85346,-71.42803
920462,2025-00003610,2025-01-15,3:12:00 PM,Vehicle - Vehicle,,VALLEY ST,DELAINE ST,Matthew LeClerc,180,2025-01-15,"Two-Way , Not Divided",Dry,Daylight,Clear,Angle (Front - to - Side) Right Angle (Includes Broadside),No,Stop Signs,3,0,No Injury,2,2,41.81951,-71.4405
920463,2025-00003642,2025-01-15,4:33:00 PM,Vehicle - Object,,PRINCETON AVE,UPDIKE ST,Raymond Criner,340,2025-01-15,"Two-Way , Not Divided",Dry,Dusk,Clear,Not a Collision Between Two Motor Vehicles in Transport,No,No Controls,2,1,Complains Of Pain,1,,41.80537,-71.42404
920464,2025-00003612,2025-01-15,3:13:00 PM,Vehicle - Vehicle,,FRANCIS ST,HAYES ST,Ptlw. Martinez,146,2025-01-15,One-Way Trafficway,Dry,Daylight,Clear,Rear End(Front-to-Rear),No,Traffic Control Signal,4,0,No Injury,2,,,
920465,2025-00003626,2025-01-15,3:47:00 PM,Vehicle - Vehicle,,GRAPE ST,CERES ST,Erik Soloman,108,2025-01-15,"Two-Way , Not Divided",Dry,Daylight,Clear,"Sidwswipe, Opposite Direction",No,No Controls,3,0,No Injury,2,,41.84514,-71.43028
920466,2025-00003666,2025-01-15,7:00:00 PM,Vehicle - Vehicle,,MONTGOMERY AVE,ALABAMA AVE,Nicolas Lafazia,369,2025-01-15,"Two-Way , Not Divided",Dry,Dark - Not Lighted,Clear,Angle (Front - to - Side) Same Direction,No,No Controls,2,0,No Injury,2,,41.78591,-71.40106
920467,2025-00003709,2025-01-15,11:49:00 PM,Vehicle - Parked Vehicle,,Linwood Ave,CRANSTON ST,Brandon Macedo,177,2025-01-16,"Two-Way , Not Divided",Dry,Dark - Lighted,Clear,Not a Collision Between Two Motor Vehicles in Transport,"Yes, Driver Left Scene",No Controls,1,0,Unknown,2,,41.80697,-71.43555
920468,2025-00003693,2025-01-15,10:09:00 PM,Vehicle - Vehicle,,UNION AVENUE,UNION AVE EXIT,David Monteiro,613,2025-01-16,"Two-Way , Not Divided",Dry,Dark - Lighted,Clear,Rear End(Front-to-Rear),"Yes, M/V and Driver Left Scene",Traffic Control Signal,2,0,No Injury,2,,41.80884,-71.44
922210,2025-00003603,2025-01-15,2:37:00 PM,Vehicle - Vehicle,,Sorrento Street,WAVERLY ST,Stephen Noti,119,2025-03-12,"Two-Way , Not Divided",Dry,Daylight,Clear,Angle (Front - to - Side) Right Angle (Includes Broadside),"Yes, Driver Left Scene",No Controls,2,0,No Injury,3,,41.80918,-71.4362
920443,2025-00003284,2025-01-14,11:41:00 AM,Vehicle - Vehicle,,ELMWOOD AVE,BROAD ST,Victor Tavarez,564,2025-01-15,"Two-Way, Divided, Unprotected (painted>4feet) Medium",Dry,Daylight,Clear,Angle (Front - to - Side) Right Angle (Includes Broadside),No,Traffic Control Signal,3,0,No Injury,2,,41.81272,-71.42204
920439,2025-00003329,2025-01-14,2:01:00 PM,Vehicle - Vehicle,,146 W RIVER ST,CORLISS ST,Lucas Ramalho,507,2025-01-15,"Two-Way , Not Divided",Dry,Daylight,Clear,"Sidwswipe, Opposite Direction","Yes, M/V and Driver Left Scene",No Controls,1,0,No Injury,2,,41.84314,-71.41431
920440,2025-00003309,2025-01-14,12:33:00 PM,Vehicle - Parked Vehicle,,387 CHARLES ST,SILVER SPRING ST,Lucas Ramalho,507,2025-01-15,"Two-Way , Not Divided",Dry,Daylight,Clear,Unknown,"Yes, M/V and Driver Left Scene",No Controls,1,0,Unknown,2,,41.84383,-71.41839
920432,2025-00003228,2025-01-14,5:05:00 AM,Vehicle - Parked Vehicle,,MARSHALL ST,BROADWAY,Elijah Perry,618,2025-01-15,One-Way Trafficway,Dry,Dark - Lighted,Clear,Unknown,No,No Controls,2,0,Unknown,2,,41.81894,-71.43219
920433,2025-00003359,2025-01-14,2:28:00 PM,Vehicle - Vehicle,,BROADWAY,,Jason Clancy,999,2025-01-15,Unknown,Dry,Daylight,Clear,Rear End(Front-to-Rear),"Yes, M/V and Driver Left Scene",Unknown,3,0,Unknown,2,,,
920424,2025-00003421,2025-01-14,6:44:00 PM,Vehicle - Vehicle,,MANTON AVE,SALMON ST,Matthew LeClerc,180,2025-01-14,"Two-Way , Not Divided",Dry,Dark - Lighted,Clear,Angle (Front - to - Side) Right Angle (Includes Broadside),No,Traffic Control Signal,3,0,No Injury,3,2,41.82512,-71.45401
920363,2025-00003239,2025-01-14,7:55:00 AM,Vehicle - Parked Vehicle,,MAWNEY ST,BUCKLIN ST,Joshua Cascione,225,2025-01-14,"Two-Way , Not Divided",Dry,Daylight,Clear,"Sideswipe, Same Direction",No,No Controls,3,0,No Injury,2,,41.80356,-71.42657
920369,2025-00003241,2025-01-14,8:15:00 AM,Vehicle - Vehicle,,STATE HWY 146 S,BRANCH AVE,Ptlm. Castagliuolo,351,2025-01-14,One-Way Trafficway,Dry,Daylight,Clear,Rear End(Front-to-Rear),No,No Controls,4,0,No Injury,2,,41.85151,-71.42586
920370,2025-00003242,2025-01-14,8:33:00 AM,Vehicle - Vehicle,,OCEAN ST,SALISBURY ST,Joshua Cascione,225,2025-01-14,"Two-Way , Not Divided",Dry,Daylight,Clear,Angle (Front - to - Side) Right Angle (Includes Broadside),"Yes, M/V and Driver Left Scene",No Controls,1,1,Complains Of Pain,2,,41.80564,-71.41169
920371,2025-00003243,2025-01-14,8:39:00 AM,Vehicle - Pedestrian,Pedestrian,SMITHFIELD AVE,SMITHFIELD AVE,Ptlm. Castagliuolo,351,2025-01-14,"Two-Way, Divided, Positive Median Barrier",Dry,Daylight,Clear,Not a Collision Between Two Motor Vehicles in Transport,No,Traffic Control Signal,4,1,Non-Incapacitating,1,,41.85501,-71.40489
920400,2025-00003270,2025-01-14,10:32:00 AM,Vehicle - Vehicle,,PEARL STREET,PRAIRIE AVENUE,Flavio Tavares,371,2025-01-14,"Two-Way, Divided, Unprotected (painted>4feet) Medium",Dry,Daylight,Clear,"Sidwswipe, Opposite Direction","Yes, M/V and Driver Left Scene",No Controls,2,0,No Injury,2,,,
920401,2025-00003322,2025-01-14,1:25:00 PM,Vehicle - Parked Vehicle,,CLAVERICK ST,BROAD ST,Joshua Cascione,225,2025-01-14,"Two-Way , Not Divided",Dry,Daylight,Clear,Rear - to - Rear,No,No Controls,3,0,No Injury,2,,41.81914,-71.41461
920410,2025-00003304,2025-01-14,12:27:00 PM,Vehicle - Vehicle,,WATERMAN ST,GANO ST,Michael Cifuentes,330,2025-01-14,"Two-Way , Not Divided",Dry,Daylight,Clear,Rear End(Front-to-Rear),No,Traffic Control Signal,4,0,No Injury,2,,41.82818,-71.39075
920379,2025-00003250,2025-01-14,9:02:00 AM,Vehicle - Vehicle,,UNION AVE EXIT,HUNTINGTON AVE,Damaris Sanchez,566,2025-01-14,One-Way Trafficway,Dry,Daylight,Clear,Rear End(Front-to-Rear),No,Traffic Control Signal,3,2,Complains Of Pain,2,,41.80849,-71.44116
920421,2025-00003413,2025-01-14,6:27:00 PM,Vehicle - Pedestrian,Pedestrian,BROADWAY,SERVICE ROAD 7,Raymond Criner,340,2025-01-14,One-Way Trafficway,Dry,Dark - Not Lighted,Clear,Not a Collision Between Two Motor Vehicles in Transport,No,Pavement Markings,3,1,Complains Of Pain,1,,41.82178,-71.4208
920422,2025-00003404,2025-01-14,5:49:00 PM,Vehicle - Parked Vehicle,,DONELSON ST,MARCH ST,David Palumbo,106,2025-01-14,"Two-Way , Not Divided",Dry,Dark - Lighted,Clear,"Sidwswipe, Opposite Direction",No,No Controls,4,0,No Injury,2,,41.84147,-71.42659
920454,2025-00003548,2025-01-14,2:01:00 PM,Vehicle - Vehicle,,WILLARD AVE,BORINQUEN ST,Quincy Griffin,970,2025-01-15,"Two-Way , Not Divided",Dry,Daylight,Clear,Rear End(Front-to-Rear),No,No Controls,2,0,Unknown,2,,41.80942,-71.40741
920458,2025-00003422,2025-01-14,6:59:00 PM,Vehicle - Parked Vehicle,,BATH ST,JEWETT ST,Ryan Fernandes,125,2025-01-15,Unknown,Dry,Dark - Lighted,Clear,Unknown,"Yes, M/V and Driver Left Scene",No Controls,1,0,No Injury,2,,41.8324,-71.42496
920571,2025-00003266,2025-01-14,9:50:00 AM,Vehicle - Parked Vehicle,,PINE ST,SOMERSET ST,Victor Tavarez,564,2025-01-18,"Two-Way , Not Divided",Dry,Daylight,Clear,Unknown,"Yes, M/V and Driver Left Scene",No Controls,1,0,Unknown,2,,41.81243,-71.41962
920587,2025-00003105,2025-01-13,3:28:00 PM,Vehicle - Vehicle,,288 Kinsley Ave,,Brandon McDonnell,620,2025-01-18,One-Way Trafficway,Dry,Daylight,Clear,Rear End(Front-to-Rear),No,No Controls,2,0,No Injury,2,,,
920739,2025-00003122,2025-01-13,5:39:00 PM,Vehicle - Vehicle,,DEAN ST,RAYMOND ST,Saramarie Cerullo,151,2025-01-22,"Two-Way, Divided, Unprotected (painted>4feet) Medium",Dry,Dark - Lighted,Clear,Rear End(Front-to-Rear),No,Traffic Control Signal,2,0,No Injury,2,,41.83139,-71.42848
920791,2025-00004407,2025-01-13,5:17:00 PM,Vehicle - Vehicle,,ACADEMY AVE,REGENT AVE,Nathaniel Eastman,112,2025-01-24,"Two-Way , Not Divided",Wet,Dark - Lighted,Cloudy,Angle (Front - to - Side) Opposite Direction,No,Stop Signs,3,0,No Injury,2,,41.82929,-71.44403
920478,2025-00002982,2025-01-13,8:11:00 AM,Vehicle - Parked Vehicle,,Delanie St,Valley St,Luis Quinilla,572,2025-01-16,"Two-Way , Not Divided",Dry,Daylight,Clear,Rear End(Front-to-Rear),No,Stop Signs,4,0,No Injury,2,2,,
920480,2025-00003049,2025-01-13,12:50:00 PM,Vehicle - Vehicle,,Pocasset AVE,BANCROFT ST,Southavout Im,382,2025-01-16,"Two-Way , Not Divided",Dry,Daylight,Clear,Angle - Direction Not Specified,No,Traffic Control Signal,4,0,No Injury,2,,41.81334,-71.44837
920481,2025-00003009,2025-01-13,10:11:00 AM,Vehicle - Vehicle,,ATWELLS AVE,VALLEY ST,Southavout Im,382,2025-01-16,"Two-Way , Not Divided",Dry,Daylight,Clear,Rear End(Front-to-Rear),No,Traffic Control Signal,3,0,No Injury,2,,41.82456,-71.43948
920368,2025-00003056,2025-01-13,12:21:00 PM,Vehicle - Vehicle,,EDDY ST,,Jason Clancy,999,2025-01-14,Unknown,Dry,Daylight,Clear,Angle - Direction Not Specified,No,Unknown,3,0,Unknown,2,,,
920334,2025-00002945,2025-01-13,12:40:00 AM,Vehicle - Vehicle,,LENOX AVE,HAMILTON ST,Ralph Abenante,511,2025-01-13,"Two-Way , Not Divided",Dry,Dark - Lighted,Clear,Angle (Front - to - Side) Right Angle (Includes Broadside),No,Stop Signs,3,0,No Injury,2,,41.79675,-71.41978
920335,2025-00002946,2025-01-13,12:44:00 AM,Vehicle - Vehicle,,broad st,SACKETT ST,Hannabeth Mendez,675,2025-01-13,"Two-Way , Not Divided",Dry,Dark - Lighted,Clear,"Sideswipe, Same Direction",No,No Controls,7,0,No Injury,2,,41.79568,-71.41153