CrashReportId,ReportNumber,CrashDate,CrashTime,TypeOfCollision,Collision Type,StreetOrHighway,NearestIntersection,Officer,Badge,ReportDate,TypeOfRoadway,RoadSurfaceCondition,LightCondition,WeatherCondition,MannerofImpact,HitAndRun,TrafficControl,PersonCount,InjuryCount,MostSeriousInjury,NumberofVehicles,NumberOfLanes,Latitude,Longitude
920337,2025-00002964,2025-01-13,3:52:00 AM,Vehicle - Parked Vehicle,,MERCY ST,POCASSET AVE,Cesar Franco,668,2025-01-13,"Two-Way , Not Divided",Dry,Dark - Lighted,Clear,Rear End(Front-to-Rear),"Yes, Driver Left Scene",No Controls,1,0,No Injury,2,,41.80858,-71.45572
920338,2025-00002970,2025-01-13,6:21:00 AM,Vehicle - Vehicle,,BRANCH AVE,BRANCH AVE EXIT,Abdiel Mendez,652,2025-01-13,"Two-Way , Not Divided",Dry,Dawn,Clear,"Sideswipe, Same Direction",No,No Controls,5,0,No Injury,2,,41.85243,-71.42499
920343,2025-00002996,2025-01-13,9:25:00 AM,Vehicle - Vehicle,,POTTERS AVE,ELMWOOD AVE,Raleek Byfield,375,2025-01-13,"Two-Way, Divided, Unprotected (painted>4feet) Medium",Dry,Daylight,Clear,Angle (Front - to - Side) Opposite Direction,No,No Controls,4,0,No Injury,2,,41.80151,-71.42635
920344,2025-00003008,2025-01-13,9:51:00 AM,Vehicle - Vehicle,,BELOIT ST,NAPLES AVE,Igor Barbosa,114,2025-01-13,"Two-Way, Divided, Unprotected (painted>4feet) Medium",Dry,Daylight,Clear,Rear - to - Side,"Yes, M/V and Driver Left Scene",No Controls,1,0,No Injury,2,,41.84906,-71.44637
920347,2025-00003031,2025-01-13,11:31:00 AM,Vehicle - Object,,POPE ST,MANTON AVE,Joshua Cascione,225,2025-01-13,"Two-Way , Not Divided",Dry,Daylight,Cloudy,Not a Collision Between Two Motor Vehicles in Transport,"Yes, Driver Left Scene",No Controls,1,0,Unknown,1,,41.82213,-71.44875
920348,2025-00003013,2025-01-13,10:18:00 AM,Vehicle - Parked Vehicle,,Broad Street,CAHIR ST,Luis Fernandez,531,2025-01-13,"Two-Way , Not Divided",Dry,Daylight,Clear,Angle (Front - to - Side) Right Angle (Includes Broadside),No,Traffic Control Signal,4,2,Complains Of Pain,2,,41.81692,-71.41795
920349,2025-00003033,2025-01-13,11:38:00 AM,Vehicle - Parked Vehicle,,ADMIRAL ST,WAITE ST,Christopher Hines,537,2025-01-13,"Two-Way , Not Divided",Dry,Daylight,Clear,"Sideswipe, Same Direction",No,No Controls,2,0,No Injury,2,,41.85046,-71.44222
920354,2025-00003083,2025-01-13,3:10:00 PM,Vehicle - Vehicle,,BRANCH AVE,HAWKINS ST,Ptlm. Labutti,104,2025-01-13,"Two-Way , Not Divided",Dry,Daylight,Clear,Rear - to - Side,No,Traffic Control Signal,3,0,No Injury,2,,41.85082,-71.42124
920355,2025-00003095,2025-01-13,3:46:00 PM,Vehicle - Vehicle,,ATLANTIC AVE,ELMWOOD AVE,Casey Correia,521,2025-01-13,"Two-Way , Not Divided",Dry,Daylight,Clear,Angle (Front - to - Side) Right Angle (Includes Broadside),No,No Controls,4,0,No Injury,2,,41.7965,-71.42545
920356,2025-00003080,2025-01-13,3:07:00 PM,Vehicle - Vehicle,,CONGRESS AVENUE,NIAGARA ST,Manuel Tueros,621,2025-01-13,"Two-Way , Not Divided",Dry,Daylight,Clear,Rear - to - Rear,No,No Controls,2,0,No Injury,2,,41.80056,-71.41958
920357,2025-00003148,2025-01-13,8:23:00 PM,Vehicle - Parked Vehicle,,CRANSTON ST,FORD ST,Terrence Gibson,610,2025-01-13,"Two-Way , Not Divided",Dry,Dark - Lighted,Clear,Rear - to - Side,"Yes, M/V and Driver Left Scene",No Controls,1,0,No Injury,2,,41.81011,-71.43295
920358,2025-00003147,2025-01-13,8:05:00 PM,Vehicle - Vehicle,,CRANSTON STREET,ALTHEA ST,David Monteiro,613,2025-01-13,"Two-Way , Not Divided",Dry,Dark - Lighted,Clear,Angle (Front - to - Side) Right Angle (Includes Broadside),No,Stop Signs,2,0,No Injury,2,,41.80773,-71.43508
920359,2025-00003143,2025-01-13,7:45:00 PM,Vehicle - Vehicle,,CANAL ST,SMITH ST,Jared Guiot,608,2025-01-13,One-Way Trafficway,Dry,Dark - Lighted,Clear,Angle (Front - to - Side) Same Direction,No,No Controls,2,0,No Injury,2,,41.8314,-71.41134
920360,2025-00003158,2025-01-13,9:04:00 PM,Vehicle - Vehicle,,KINSLEY AVE EXIT 22C,KINSLEY AVE,Ian Quinn,102,2025-01-13,One-Way Trafficway,Dry,Dark - Lighted,Clear,Rear End(Front-to-Rear),No,Flashing Traffic Control Signal,4,1,Complains Of Pain,2,,41.82856,-71.4226
921389,2025-00003078,2025-01-13,3:00:00 PM,Vehicle - Vehicle,,50 Plainfield St,ATWOOD ST,Nathaniel Eastman,112,2025-02-14,Unknown,Dry,Daylight,Clear,Unknown,"Yes, M/V and Driver Left Scene",No Controls,1,0,No Injury,2,,41.81616,-71.44475
920336,2025-00002929,2025-01-12,10:33:00 PM,Vehicle - Vehicle,,KILLINGLY ST,HARTFORD AVE,Irving Liriano,631,2025-01-13,"Two-Way, Divided, Positive Median Barrier",Dry,Dark - Lighted,Clear,Rear - to - Side,"Yes, M/V and Driver Left Scene",Traffic Control Signal,5,1,Complains Of Pain,2,,41.82013,-71.46901
920313,2025-00002744,2025-01-12,12:50:00 AM,Vehicle - Vehicle,,clifford,E FRANKLIN ST,Domenic Schiavulli,653,2025-01-12,One-Way Trafficway,Ice/Frost,Dark - Lighted,Clear,Angle (Front - to - Side) Same Direction,"Yes, M/V and Driver Left Scene",Traffic Control Signal,4,0,No Injury,2,,,
920314,2025-00002765,2025-01-12,2:19:00 AM,Vehicle - Object,,Sayles Street,OCEAN ST,Jacob Coro,664,2025-01-12,"Two-Way , Not Divided",Snow,Dark - Lighted,Snow,Not a Collision Between Two Motor Vehicles in Transport,No,No Controls,2,0,No Injury,1,,41.80329,-71.41069
920315,2025-00002814,2025-01-12,11:23:00 AM,Vehicle - Object,,angell st,GOVERNOR ST,Louis Gianfrancesco,350,2025-01-12,One-Way Trafficway,Wet,Daylight,Clear,"Sideswipe, Same Direction",No,No Controls,1,0,No Injury,1,1,41.82894,-71.39434
920316,2025-00002803,2025-01-12,10:44:00 AM,Vehicle - Vehicle,,Hartford Ave,HARTFORD AVE,Southavout Im,382,2025-01-12,"Two-Way , Not Divided",Dry,Daylight,Clear,"Sideswipe, Same Direction","Yes, M/V and Driver Left Scene",Traffic Control Signal,4,0,No Injury,2,,41.81718,-71.44905
920317,2025-00002815,2025-01-12,11:35:00 AM,Vehicle - Vehicle,,SMITH ST,RUGGLES ST,Joshua Cascione,225,2025-01-12,"Two-Way , Not Divided",Dry,Daylight,Clear,Angle (Front - to - Side) Right Angle (Includes Broadside),No,Stop Signs,4,1,Complains Of Pain,2,,41.83613,-71.428
920320,2025-00002819,2025-01-12,11:56:00 AM,Vehicle - Pedestrian,Pedestrian,HEATH ST,HARTFORD AVE,Raleek Byfield,375,2025-01-12,"Two-Way , Not Divided",Dry,Daylight,Clear,Not a Collision Between Two Motor Vehicles in Transport,"Yes, M/V and Driver Left Scene",No Controls,4,2,Complains Of Pain,1,,41.81719,-71.44991
920322,2025-00002827,2025-01-12,12:52:00 PM,Vehicle - Vehicle,,ALBRO ST,ATWELLS AVE,Damaris Sanchez,566,2025-01-12,"Two-Way , Not Divided",Dry,Daylight,Clear,Angle (Front - to - Side) Right Angle (Includes Broadside),No,No Controls,4,0,No Injury,2,,41.82344,-71.42479
920323,2025-00002837,2025-01-12,1:41:00 PM,Vehicle - Vehicle,,THURBERS AVE,ALLENS AVE EXIT,Hansel Ventura,570,2025-01-12,One-Way Trafficway,Dry,Daylight,Clear,Rear End(Front-to-Rear),No,Yield Signs,2,0,No Injury,2,,41.80068,-71.40042
920324,2025-00002843,2025-01-12,1:57:00 PM,Vehicle - Vehicle,,Plainfield St,Dike St,Patrolwoman Rosso,514,2025-01-12,"Two-Way, Divided, Unprotected (painted>4feet) Medium",Dry,Daylight,Clear,Head-On (Front - to - Front),No,No Controls,2,0,No Injury,2,,41.81637,-71.44441
920326,2025-00002870,2025-01-12,5:14:00 PM,Vehicle - Parked Vehicle,,ROOSEVELT STREET,BANCROFT SREET,Marco Figueroa,110,2025-01-12,"Two-Way , Not Divided",Dry,Dark - Lighted,Clear,Rear - to - Side,No,No Controls,3,0,No Injury,2,,,
920328,2025-00002867,2025-01-12,4:03:00 PM,Vehicle - Pedestrian,Pedestrian,45 PLEASANT VALLEY PRKWY,,Ian Quinn,102,2025-01-12,Unknown,Unknown,Daylight,Clear,"Sidwswipe, Opposite Direction","Yes, M/V and Driver Left Scene",No Controls,3,0,Unknown,2,,,
920329,2025-00002859,2025-01-12,3:56:00 PM,Vehicle - Vehicle,,ACADEMY AVE,NEWARK ST,Cerullo,151,2025-01-12,"Two-Way, Divided, Unprotected (painted>4feet) Medium",Dry,Daylight,Clear,Angle (Front - to - Side) Same Direction,No,Stop Signs,2,1,Complains Of Pain,2,,41.82544,-71.4434
920330,2025-00002883,2025-01-12,6:57:00 PM,Vehicle - Vehicle,,BROAD ST.,PRAIRIE AVE,J Heeder,557,2025-01-12,"Two-Way , Not Divided",Dry,Dark - Lighted,Clear,Rear End(Front-to-Rear),"Yes, M/V and Driver Left Scene",Traffic Control Signal,6,0,No Injury,2,,41.79456,-71.41014
920331,2025-00002911,2025-01-12,9:10:00 AM,Vehicle - Pedestrian,Pedestrian,Allens Ave,ALLENS AVE,Tyler Calandra,418,2025-01-12,"Two-Way , Not Divided",Dry,Dark - Lighted,Clear,Not a Collision Between Two Motor Vehicles in Transport,No,No Controls,3,1,Complains Of Pain,1,,41.79296,-71.3973
920332,2025-00002900,2025-01-12,8:21:00 PM,Vehicle - Vehicle,,Broadway,SERVICE ROAD 7,David Monteiro,613,2025-01-12,"Two-Way , Not Divided",Dry,Dark - Lighted,Clear,Angle (Front - to - Side) Same Direction,No,Traffic Control Signal,4,0,No Injury,2,,41.82189,-71.42069
920333,2025-00002923,2025-01-12,10:34:00 PM,Vehicle - Vehicle,,MEETING ST,PROSPECT ST,Angel Garcia,656,2025-01-13,"Two-Way, Divided, Unprotected (painted>4feet) Medium",Dry,Dark - Lighted,Clear,Head-On (Front - to - Front),"Yes, M/V and Driver Left Scene",Stop Signs,1,0,No Injury,2,,41.82888,-71.40497
920346,2025-00002848,2025-01-12,1:40:00 AM,Vehicle - Vehicle,,CHALKSTONE AVE,,Jason Clancy,999,2025-01-13,"Two-Way, Divided, Positive Median Barrier",Dry,Dark - Unknown Lighting,Clear,Unknown,"Yes, M/V and Driver Left Scene",Unknown,1,0,Unknown,2,,,
920353,2025-00003004,2025-01-12,5:50:00 PM,Vehicle - Parked Vehicle,,CRANSTON ST,BELLEVUE AVE,Jason Clancy,999,2025-01-13,"Two-Way, Divided, Unprotected (painted>4feet) Medium",Dry,Dark - Unknown Lighting,Clear,"Sideswipe, Same Direction","Yes, M/V and Driver Left Scene",Unknown,1,0,Unknown,2,,41.80889,-71.43406
920680,2025-00004852,2025-01-12,2:00:00 AM,Vehicle - Parked Vehicle,,BAY ST,EDDY ST,Jason Clancy,999,2025-01-21,Unknown,Unknown,Dark - Unknown Lighting,Clear,Unknown,"Yes, M/V and Driver Left Scene",Unknown,1,0,Unknown,2,,41.80636,-71.40544
920419,2025-00002673,2025-01-11,5:05:00 PM,Vehicle - Vehicle,,PROMENADE ST,BATH ST,Ryan Fernandes,125,2025-01-14,One-Way Trafficway,Wet,Dark - Lighted,Clear,"Sideswipe, Same Direction",No,No Controls,4,1,Complains Of Pain,2,,41.82922,-71.42319
920473,2025-00002634,2025-01-11,12:56:00 PM,Vehicle - Vehicle,,ATWELLS AVE,DE PASQUALE AVE,Matthew Sandorse,508,2025-01-16,"Two-Way , Not Divided",Dry,Daylight,Clear,"Sideswipe, Same Direction",No,No Controls,3,0,No Injury,2,,41.8236,-71.42703
920303,2025-00002624,2025-01-11,12:11:00 PM,Vehicle - Vehicle,,Broadway,SERVICE ROAD 7,Eder Delgado,580,2025-01-11,One-Way Trafficway,Snow,Daylight,Snow,"Sideswipe, Same Direction","Yes, M/V and Driver Left Scene",Traffic Control Signal,2,0,No Injury,2,,41.82186,-71.42079
920304,2025-00002616,2025-01-11,11:36:00 AM,Vehicle - Vehicle,,BRANCH AVE,OPPER ST,Igor Barbosa,114,2025-01-11,"Two-Way, Divided, Unprotected (painted>4feet) Medium",Wet,Daylight,Snow,Angle (Front - to - Side) Same Direction,No,No Controls,2,0,No Injury,2,,41.85148,-71.4228
920319,2025-00002640,2025-01-11,1:24:00 PM,Vehicle - Vehicle,,200 UNION AVE,CUMERFORD ST,Southavout Im,382,2025-01-12,"Two-Way , Not Divided",Dry,Daylight,Clear,Rear End(Front-to-Rear),No,No Controls,2,0,No Injury,2,,41.8079,-71.44344
920342,2025-00002681,2025-01-11,5:00:00 PM,Vehicle - Parked Vehicle,,1 PROVIDENCE PL,,Jason Clancy,999,2025-01-13,Unknown,Dry,Dark - Unknown Lighting,Clear,"Sideswipe, Same Direction","Yes, M/V and Driver Left Scene",Unknown,1,0,Unknown,2,,,
920339,2025-00002676,2025-01-11,3:35:00 PM,Vehicle - Vehicle,,WESTMINSTER ST,MANTON AVE,Jason Clancy,999,2025-01-13,Unknown,Dry,Daylight,Clear,"Sideswipe, Same Direction","Yes, M/V and Driver Left Scene",Unknown,2,0,Unknown,2,,41.81676,-71.4432
920288,2025-00002561,2025-01-11,1:57:00 AM,Vehicle - Parked Vehicle,,GALLATIN ST,EMERSON ST,Adrian Francis,239,2025-01-11,"Two-Way , Not Divided",Dry,Dark - Lighted,Clear,"Sideswipe, Same Direction","Yes, M/V and Driver Left Scene",No Controls,1,0,Unknown,2,,41.7972,-71.41346
920289,2025-00002543,2025-01-11,1:07:00 AM,Vehicle - Vehicle,,25 BRIDGE ST,POINT ST,M. Suarez,689,2025-01-11,One-Way Trafficway,Dry,Dark - Lighted,Clear,Angle (Front - to - Side) Same Direction,No,No Controls,8,0,No Injury,4,,41.81835,-71.40229
920290,2025-00002580,2025-01-11,3:15:00 AM,Vehicle - Object,,PLENTY ST,PLENTY ST,Domenic Schiavulli,653,2025-01-11,"Two-Way , Not Divided",Dry,Dark - Lighted,Clear,Not a Collision Between Two Motor Vehicles in Transport,No,No Controls,3,0,No Injury,1,,41.80723,-71.42132
920294,2025-00002600,2025-01-11,9:47:00 AM,Vehicle - Parked Vehicle,,BROAD ST,EARLY ST,Hansel Ventura,570,2025-01-11,"Two-Way , Not Divided",Wet,Daylight,Snow,"Sideswipe, Same Direction",No,No Controls,3,0,No Injury,2,,41.79545,-71.41125
920296,2025-00002625,2025-01-11,12:14:00 PM,Vehicle - Parked Vehicle,,Doyle Ave,PROCTOR PL,Deanna Johnson,408,2025-01-11,"Two-Way , Not Divided",Wet,Daylight,Snow,Rear - to - Side,No,No Controls,3,0,No Injury,2,,41.83878,-71.40157
920300,2025-00002630,2025-01-11,12:29:00 PM,Vehicle - Parked Vehicle,,ABBOTT ST,TECUMSEH ST,Deanna Johnson,408,2025-01-11,"Two-Way , Not Divided",Wet,Daylight,Snow,Head-On (Front - to - Front),"Yes, M/V and Driver Left Scene",No Controls,1,0,Unknown,2,,41.84288,-71.40427
920301,2025-00002633,2025-01-11,12:34:00 PM,Vehicle - Parked Vehicle,,11 Harvest Street,HAROLD ST,Ybelis Gonzalez,376,2025-01-11,Unknown,Snow,Daylight,Snow,Not a Collision Between Two Motor Vehicles in Transport,"Yes, M/V and Driver Left Scene",No Controls,1,0,Unknown,2,,41.83049,-71.43849
920306,2025-00002662,2025-01-11,3:51:00 PM,Vehicle - Vehicle,,VALLEY ST,SAN SOUCI DR,Michael Pesola,117,2025-01-11,"Two-Way , Not Divided",Snow,Dark - Lighted,Snow,Rear End(Front-to-Rear),No,No Controls,2,0,No Injury,2,,41.81742,-71.4409
920307,2025-00002689,2025-01-11,6:18:00 PM,Vehicle - Vehicle,,CHALKSTONE AVE,FALLON AVE,Matthew Carlone,602,2025-01-11,"Two-Way , Not Divided",Snow,Dark - Lighted,Snow,"Sideswipe, Same Direction","Yes, M/V and Driver Left Scene",No Controls,1,0,No Injury,2,,41.83234,-71.44361
920308,2025-00002699,2025-01-11,7:48:00 PM,Vehicle - Parked Vehicle,,SPRINGFIELD ST,SPRINGFIELD ST,Terrence Gibson,610,2025-01-11,"Two-Way , Not Divided",Snow,Dark - Lighted,Snow,Angle - Direction Not Specified,"Yes, M/V and Driver Left Scene",No Controls,1,0,No Injury,2,,41.81479,-71.46359
920309,2025-00002705,2025-01-11,8:26:00 PM,Vehicle - Parked Vehicle,,IVES ST,WILLIAMS ST,Kelsey Woodbine,633,2025-01-11,"Two-Way , Not Divided",Ice/Frost,Dark - Lighted,"Sleet, Hail (Freezing Rain or Drizzle)",Rear End(Front-to-Rear),"Yes, M/V and Driver Left Scene",No Controls,1,0,Unknown,2,,41.82293,-71.39219
920310,2025-00002698,2025-01-11,7:40:00 PM,Vehicle - Vehicle,,ATWELLS AVE,EUTAW ST,Colby Berciano,671,2025-01-11,"Two-Way , Not Divided",Wet,Dark - Lighted,Snow,Rear End(Front-to-Rear),No,Traffic Control Signal,2,0,No Injury,2,,41.82353,-71.426
920311,2025-00002590,2025-01-11,5:29:00 AM,Vehicle - Object,,1339 westminister st,Dexter st,Alexis Rosales,682,2025-01-11,"Two-Way , Not Divided",Snow,Dark - Lighted,Snow,Not a Collision Between Two Motor Vehicles in Transport,No,No Controls,2,0,No Injury,1,2,,
920312,2025-00002719,2025-01-11,10:56:00 PM,Vehicle - Object,,WALDO ST,BRATTLE ST,Ralph Abenante,511,2025-01-11,"Two-Way , Not Divided",Snow,Dark - Lighted,Cloudy,Not a Collision Between Two Motor Vehicles in Transport,No,Stop Signs,4,0,No Injury,1,,41.80561,-71.43378
920302,2025-00002346,2025-01-10,11:33:00 AM,Vehicle - Parked Vehicle,,280 WASHINGTON ST,,Michael Baldassare,568,2025-01-11,"Two-Way , Not Divided",Dry,Daylight,Clear,Rear - to - Side,No,No Controls,4,0,No Injury,2,,41.82065,-71.41812
920295,2025-00002383,2025-01-10,1:50:00 PM,Vehicle - Parked Vehicle,,24 LEWIS STREET,,Joseph Madeira,552,2025-01-11,"Two-Way , Not Divided",Dry,Daylight,Clear,Unknown,"Yes, M/V and Driver Left Scene",No Controls,1,0,Unknown,2,2,41.82762,-71.41844
920293,2025-00002322,2025-01-10,9:40:00 AM,Vehicle - Object,,WOODWARD RD,BRANCH AVE,Christopher Hines,537,2025-01-11,"Two-Way , Not Divided",Dry,Daylight,Clear,Not a Collision Between Two Motor Vehicles in Transport,No,No Controls,2,0,No Injury,1,,41.85386,-71.42789
920291,2025-00002487,2025-01-10,9:08:00 PM,Vehicle - Parked Vehicle,,1 PROVIDENCE PL,,Raleek Byfield,375,2025-01-11,Unknown,Dry,Dark - Lighted,Clear,Other,"Yes, M/V and Driver Left Scene",Pavement Markings,2,0,Unknown,2,,,
920262,2025-00002367,2025-01-10,12:42:00 PM,Vehicle - Vehicle,,55 CORLISS STREET,CHARLES STREET,Joseph Madeira,552,2025-01-10,"Two-Way , Not Divided",Dry,Daylight,Clear,Angle (Front - to - Side) Right Angle (Includes Broadside),No,Stop Signs,2,0,No Injury,2,2,41.83618,-71.41545
920263,2025-00002305,2025-01-10,8:16:00 AM,Vehicle - Vehicle,,SMITH ST,ACADEMY AVE,Jason Dennis,392,2025-01-10,"Two-Way , Not Divided",Dry,Daylight,Clear,Rear End(Front-to-Rear),No,Unknown,2,0,No Injury,2,,41.8428,-71.44566
920267,2025-00002347,2025-01-10,11:40:00 AM,Vehicle - Parked Vehicle,,WESTMINSTER ST,CAHIR ST,Alexandre Santos,502,2025-01-10,"Two-Way , Not Divided",Dry,Daylight,Clear,Angle (Front - to - Side) Same Direction,No,No Controls,2,0,No Injury,2,,41.8183,-71.41999
920269,2025-00002349,2025-01-10,11:40:00 AM,Vehicle - Vehicle,,593 EDDY ST,,Raleek Byfield,375,2025-01-10,"Two-Way , Not Divided",Dry,Daylight,Clear,"Sideswipe, Same Direction",No,No Controls,3,0,No Injury,2,,,
920270,2025-00002306,2025-01-10,8:21:00 AM,Vehicle - Object,,70 Royal Little Dr.,BRANCH AVE,Ivan Tavarez,204,2025-01-10,Unknown,Dry,Daylight,Clear,Not a Collision Between Two Motor Vehicles in Transport,"Yes, M/V and Driver Left Scene",No Controls,2,0,No Injury,1,,41.84863,-71.41265
920271,2025-00002390,2025-01-10,2:26:00 PM,Vehicle - Vehicle,,PITMAN ST,BUTLER AVE,Jared Guiot,608,2025-01-10,"Two-Way , Not Divided",Dry,Daylight,Clear,Angle (Front - to - Side) Right Angle (Includes Broadside),No,Traffic Control Signal,2,0,No Injury,2,,41.8268,-71.38597
920272,2025-00002424,2025-01-10,4:26:00 PM,Vehicle - Vehicle,,FRUIT HILL AVE,ARDWICK ST,Jessenia Montano,149,2025-01-10,"Two-Way, Divided, Unprotected (painted>4feet) Medium",Dry,Daylight,Clear,Rear End(Front-to-Rear),No,No Controls,4,1,Complains Of Pain,2,,41.83752,-71.46846
920273,2025-00002421,2025-01-10,4:20:00 PM,Vehicle - Vehicle,,Willard Ave,CULVER ST,Gerry Kue,393,2025-01-10,"Two-Way , Not Divided",Dry,Daylight,Clear,Angle (Front - to - Side) Right Angle (Includes Broadside),No,No Controls,2,0,No Injury,2,,41.80928,-71.4083
920274,2025-00002426,2025-01-10,4:38:00 PM,Vehicle - Vehicle,,MASSACHUSETTS AVE,VIRGINIA AVE,J Heeder,557,2025-01-10,"Two-Way , Not Divided",Dry,Dark - Lighted,Clear,Rear End(Front-to-Rear),"Yes, M/V and Driver Left Scene",No Controls,3,2,Complains Of Pain,3,,41.78756,-71.39552
920276,2025-00002433,2025-01-10,5:29:00 PM,Vehicle - Vehicle,,BROWN ST,WATERMAN ST,David Palumbo,106,2025-01-10,"Two-Way , Not Divided",Dry,Dark - Lighted,Clear,Angle (Front - to - Side) Same Direction,No,Stop Signs,3,0,No Injury,2,,41.82708,-71.40305
920277,2025-00002401,2025-01-10,3:02:00 PM,Vehicle - Object,,SOUTH ST,PARSONAGE ST,Matthew Marwell,639,2025-01-10,"Two-Way , Not Divided",Dry,Daylight,Clear,"Sideswipe, Same Direction",Unknown,No Controls,1,0,No Injury,1,,41.81677,-71.40933
920278,2025-00002416,2025-01-10,4:38:00 PM,Vehicle - Pedestrian,Pedestrian,GREENWICH ST,BUCKLIN ST,J Heeder,557,2025-01-10,"Two-Way , Not Divided",Dry,Daylight,Clear,Rear End(Front-to-Rear),No,No Controls,3,1,Complains Of Pain,1,,41.80237,-71.4261
920279,2025-00002451,2025-01-10,6:29:00 PM,Vehicle - Vehicle,,EMPIRE ST,BROADWAY,Cassidy Simanski,132,2025-01-10,"Two-Way, Divided, Unprotected (painted>4feet) Medium",Dry,Dark - Lighted,Clear,"Sideswipe, Same Direction",No,Traffic Control Signal,7,1,Complains Of Pain,2,,41.8225,-71.41736
920280,2025-00002474,2025-01-10,8:05:00 PM,Vehicle - Parked Vehicle,,ADELAIDE AVE,BROAD ST,Casey Correia,521,2025-01-10,Unknown,Dry,Dark - Lighted,Clear,Unknown,"Yes, Driver Left Scene",No Controls,2,0,Unknown,2,,41.79885,-71.41547
920283,2025-00002438,2025-01-10,5:43:00 PM,Vehicle - Vehicle,,point st,e franklin st,Matthew Marwell,639,2025-01-10,"Two-Way , Not Divided",Dry,Dark - Lighted,Clear,Rear End(Front-to-Rear),No,No Controls,2,0,No Injury,2,,,
920285,2025-00002492,2025-01-10,9:23:00 PM,Vehicle - Vehicle,,VALLEY ST,DELAINE ST,Michael Pesola,117,2025-01-10,"Two-Way , Not Divided",Dry,Dark - Lighted,Clear,"Sideswipe, Same Direction",No,No Controls,5,0,No Injury,4,,41.81989,-71.44044
920286,2025-00002495,2025-01-10,9:24:00 PM,Vehicle - Vehicle,,BROAD ST,STANWOOD ST,Ptlwm. Teran,625,2025-01-10,"Two-Way, Divided, Positive Median Barrier",Dry,Dark - Lighted,Clear,Rear End(Front-to-Rear),No,No Controls,11,0,No Injury,5,,41.80375,-71.41915
920287,2025-00002494,2025-01-10,9:29:00 PM,Vehicle - Vehicle,,KILLINGLY ST,KILLINGLY ST,Ralph Abenante,511,2025-01-10,"Two-Way, Divided, Unprotected (painted>4feet) Medium",Dry,Dark - Lighted,Clear,Rear End(Front-to-Rear),No,Traffic Control Signal,3,1,Complains Of Pain,2,,41.82341,-71.47106
920340,2025-00002485,2025-01-10,7:45:00 PM,Vehicle - Parked Vehicle,,CRANSTON ST,,Jason Clancy,999,2025-01-13,"Two-Way, Divided, Unprotected (painted>4feet) Medium",Dry,Dark - Unknown Lighting,Clear,"Sideswipe, Same Direction","Yes, M/V and Driver Left Scene",Unknown,2,0,Unknown,2,,,
920305,2025-00002470,2025-01-10,7:05:00 PM,Vehicle - Parked Vehicle,,ACADEMY AVE,BELMONT AVE,Erik Soloman,108,2025-01-11,"Two-Way, Divided, Unprotected (painted>4feet) Medium",Dry,Dusk,Clear,"Sideswipe, Same Direction","Yes, M/V and Driver Left Scene",No Controls,1,0,Unknown,2,,41.83199,-71.44446
920399,2025-00003269,2025-01-10,2:17:00 PM,Vehicle - Parked Vehicle,,GARFIELD AVE,CHALKSTONE AVE,Quincy Griffin,970,2025-01-14,"Two-Way , Not Divided",Dry,Daylight,Clear,Rear End(Front-to-Rear),No,No Controls,3,0,Unknown,2,,41.83386,-71.43246
920352,2025-00003042,2025-01-10,3:30:00 PM,Vehicle - Parked Vehicle,,PAYTON ST,CACTUS ST,Jason Clancy,999,2025-01-13,Unknown,Dry,Daylight,Clear,Other,No,Unknown,3,0,Unknown,2,,41.78691,-71.40762
920376,2025-00003071,2025-01-10,5:00:00 PM,Vehicle - Parked Vehicle,,VALLEY ST,,Jason Clancy,999,2025-01-14,Unknown,Dry,Dark - Unknown Lighting,Clear,Unknown,No,Unknown,2,0,Unknown,2,,,
920377,2025-00003054,2025-01-10,12:00:00 AM,Vehicle - Parked Vehicle,,BROAD ST,WESLEYAN AVE,Jason Clancy,999,2025-01-14,Unknown,Dry,Dark - Unknown Lighting,Clear,Unknown,"Yes, M/V and Driver Left Scene",Unknown,2,0,Unknown,2,,41.80778,-71.42042
920253,2025-00002270,2025-01-10,1:53:00 AM,Vehicle - Vehicle,,DEAN ST,WASHINGTON ST,Tyler Calandra,418,2025-01-10,"Two-Way , Not Divided",Dry,Daylight,Clear,Rear End(Front-to-Rear),No,No Controls,4,0,No Injury,2,,41.81912,-71.42077
920254,2025-00002111,2025-01-10,2:08:00 AM,Vehicle - Vehicle,,RIVER AVE,ALLSTON STREET,Jessica Salmeron,356,2025-01-10,"Two-Way , Not Divided",Dry,Daylight,Clear,Angle (Front - to - Side) Right Angle (Includes Broadside),No,Stop Signs,2,0,No Injury,2,2,41.8298,-71.43651
920256,2025-00002329,2025-01-10,10:30:00 AM,Vehicle - Parked Vehicle,,CONDUIT ST,STEWART ST,Serge Bouyssou,105,2025-01-10,"Two-Way , Not Divided",Dry,Daylight,Clear,"Sideswipe, Same Direction",No,No Controls,3,0,No Injury,2,,41.81626,-71.4175