CrashReportId,ReportNumber,CrashDate,CrashTime,TypeOfCollision,Collision Type,StreetOrHighway,NearestIntersection,Officer,Badge,ReportDate,TypeOfRoadway,RoadSurfaceCondition,LightCondition,WeatherCondition,MannerofImpact,HitAndRun,TrafficControl,PersonCount,InjuryCount,MostSeriousInjury,NumberofVehicles,NumberOfLanes,Latitude,Longitude
921155,2025-00008756,2025-01-10,5:30:00 PM,Vehicle - Vehicle,,ATWELLS AVE,AMERICA ST,Quincy Griffin,970,2025-02-06,"Two-Way , Not Divided",Dry,Dusk,Clear,Angle (Front - to - Side) Opposite Direction,"Yes, M/V and Driver Left Scene",No Controls,2,0,Unknown,2,,41.82369,-71.42823
920241,2025-00002130,2025-01-09,3:25:00 PM,Vehicle - Vehicle,,OLNEYVILLE SQ,MANTON AVE,Matthew LeClerc,180,2025-01-09,"Two-Way, Not Divided With a Continuous Left Turn Lane",Dry,Daylight,Clear,Angle (Front - to - Side) Same Direction,"Yes, M/V and Driver Left Scene",Traffic Control Signal,5,0,No Injury,2,2,41.81675,-71.44355
920242,2025-00002122,2025-01-09,3:09:00 PM,Vehicle - Parked Vehicle,,CANTON ST,CHALKSTONE AVE,Erik Lane,109,2025-01-09,"Two-Way , Not Divided",Snow,Daylight,Clear,"Sideswipe, Same Direction","Yes, M/V and Driver Left Scene",No Controls,1,0,Unknown,2,,41.83224,-71.44249
920245,2025-00002128,2025-01-09,3:21:00 PM,Vehicle - Vehicle,,POWER ST,HOPE ST,D. Hernandez,148,2025-01-09,"Two-Way , Not Divided",Dry,Daylight,Clear,Angle (Front - to - Side) Opposite Direction,No,Stop Signs,2,0,Unknown,2,,41.82318,-71.39702
920246,2025-00002117,2025-01-09,2:22:00 PM,Vehicle - Parked Vehicle,,SACKETT ST,PRICE ST,Jose Cortorreal,604,2025-01-09,"Two-Way , Not Divided",Dry,Daylight,Clear,"Sideswipe, Same Direction",No,No Controls,3,0,No Injury,2,,41.79607,
920247,2025-00002143,2025-01-09,4:17:00 PM,Vehicle - Vehicle,,SMITHFIELD AVENUE,SMITHFIELD AVE,Ricardo Sanchez,632,2025-01-09,"Two-Way , Not Divided",Dry,Daylight,Clear,"Sideswipe, Same Direction",No,No Controls,2,0,No Injury,2,2,41.85534,-71.40605
920248,2025-00002129,2025-01-09,3:19:00 PM,Vehicle - Vehicle,,SMITHFIELD AVE,SILVER SPRING ST,David Palumbo,106,2025-01-09,"Two-Way , Not Divided",Dry,Daylight,Clear,Rear End(Front-to-Rear),No,No Controls,4,0,No Injury,2,,41.85666,-71.41057
920249,2025-00000212,2025-01-09,3:19:00 PM,Vehicle - Object,,SMITHFIELD AVE,SILVER SPRING ST,David Palumbo,106,2025-01-09,"Two-Way , Not Divided",Dry,Daylight,Clear,Rear End(Front-to-Rear),,No Controls,0,0,Unknown,1,,41.85666,-71.41057
920250,2025-00002125,2025-01-09,3:15:00 PM,Vehicle - Vehicle,,EDDY ST,BYFIELD ST,Jose Cortorreal,604,2025-01-09,"Two-Way , Not Divided",Dry,Daylight,Clear,Rear End(Front-to-Rear),No,No Controls,3,0,No Injury,2,,41.79715,-71.40507
920251,2025-00002112,2025-01-09,2:11:00 PM,Vehicle - Vehicle,,Washington St,EMPIRE ST,Alexander Wagoner,541,2025-01-09,"Two-Way , Not Divided",Dry,Daylight,Clear,Rear End(Front-to-Rear),No,Traffic Control Signal,4,0,No Injury,2,,41.82179,-71.41649
920252,2025-00002231,2025-01-09,10:39:00 PM,Vehicle - Vehicle,,KINSLEY AVE,ACORN ST,Tyler Calandra,418,2025-01-09,"Two-Way , Not Divided",Dry,Daylight,Clear,Angle (Front - to - Side) Same Direction,"Yes, Driver Left Scene",No Controls,6,4,Complains Of Pain,2,,41.82839,-71.42867
920214,2025-00002035,2025-01-09,7:49:00 AM,Vehicle - Vehicle,,W EXCHANGE ST,DEAN ST,Joshua Cascione,225,2025-01-09,"Two-Way , Not Divided",Dry,Daylight,Clear,Other,No,Traffic Control Signal,4,0,No Injury,2,,41.82551,-71.4251
920219,2025-00002036,2025-01-09,7:49:00 AM,Vehicle - Vehicle,,HARTFORD AVENUE,LAUREL HILL AVENUE,Mabel Addai,513,2025-01-09,"Two-Way, Divided, Unprotected (painted>4feet) Medium",Dry,Daylight,Clear,Rear End(Front-to-Rear),No,No Controls,5,0,No Injury,2,2,,
920224,2025-00002049,2025-01-09,9:04:00 AM,Vehicle - Vehicle,,Douglas Avenue,Chalkstoner Avenue,James Lanier,211,2025-01-09,"Two-Way, Divided, Unprotected (painted>4feet) Medium",Snow,Daylight,Snow,Rear End(Front-to-Rear),No,No Controls,4,0,No Injury,2,1,,
920225,2025-00002038,2025-01-09,8:05:00 AM,Vehicle - Vehicle,,Valley St,HELME ST,Patrolwoman Rosso,514,2025-01-09,"Two-Way, Divided, Unprotected (painted>4feet) Medium",Snow,Daylight,Blowing Snow,Rear End(Front-to-Rear),No,No Controls,4,0,No Injury,2,,41.82127,-71.4402
920228,2025-00002029,2025-01-09,7:06:00 AM,Vehicle - Vehicle,,WILLARD AVE,CULVER ST,Victor Tavarez,564,2025-01-09,"Two-Way , Not Divided",Dry,Daylight,Clear,Angle (Front - to - Side) Right Angle (Includes Broadside),No,No Controls,2,0,No Injury,2,,41.80912,-71.4094
920229,2025-00002059,2025-01-09,9:46:00 AM,Vehicle - Parked Vehicle,,BROOK STREET,BOWEN ST,George Pereira,421,2025-01-09,"Two-Way , Not Divided",Wet,Daylight,Snow,"Sideswipe, Same Direction",No,No Controls,2,0,No Injury,2,,41.83094,-71.39982
920233,2025-00002108,2025-01-09,1:46:00 PM,Vehicle - Parked Vehicle,,SUMMER ST,BROAD ST,Joshua Cascione,225,2025-01-09,One-Way Trafficway,Dry,Daylight,Clear,"Sideswipe, Same Direction","Yes, M/V and Driver Left Scene",Traffic Control Signal,3,0,No Injury,2,,41.81604,-71.41885
920210,2025-00002025,2025-01-09,6:01:00 AM,Vehicle - Parked Vehicle,,GESLER ST,COURTLAND ST,Brendan O'Brien,667,2025-01-09,Unknown,Dry,Dusk,Clear,Rear End(Front-to-Rear),No,No Controls,3,0,No Injury,2,,41.82264,-71.43219
920423,2025-00002149,2025-01-09,4:33:00 PM,Vehicle - Vehicle,,RICOM WAY,UNION AVE,Nathaniel Eastman,112,2025-01-14,"Two-Way , Not Divided",Dry,Dusk,Clear,Head-On (Front - to - Front),No,No Controls,2,1,Complains Of Pain,2,,41.80842,-71.44202
920496,2025-00002127,2025-01-09,3:16:00 PM,Vehicle - Parked Vehicle,,CARPENTER ST/ KNIGHT ST,KNIGHT ST,Andrew Mitura,605,2025-01-16,"Two-Way , Not Divided",Dry,Daylight,Clear,Rear - to - Side,"Yes, M/V and Driver Left Scene",No Controls,1,0,No Injury,2,,41.81833,-71.42731
920318,2025-00002080,2025-01-09,11:41:00 AM,Vehicle - Vehicle,,OXFORD ST,EDDY ST,Victor Tavarez,564,2025-01-12,"Two-Way, Divided, Unprotected (painted>4feet) Medium",Dry,Daylight,Clear,Other,No,Stop Signs,2,0,No Injury,2,,41.8031,-71.40669
920350,2025-00002987,2025-01-09,3:20:00 PM,Vehicle - Parked Vehicle,,BROAD ST,CYR ST,Jason Clancy,999,2025-01-13,Unknown,Dry,Daylight,Clear,Other,No,Unknown,5,0,Unknown,2,,41.78698,-71.40245
920528,2025-00003929,2025-01-09,6:38:00 PM,Vehicle - Vehicle,,ETHAN ST,UNION AVE,Jeffrey Gagnon,317,2025-01-17,"Two-Way , Not Divided",Dry,Dark - Lighted,Clear,Angle (Front - to - Side) Right Angle (Includes Broadside),No,Stop Signs,2,0,No Injury,2,2,41.80733,-71.45948
920501,2025-00001876,2025-01-08,3:12:00 PM,Vehicle - Vehicle,,CARPENTER ST,DEAN ST,Albert Pereira,111,2025-01-16,"Two-Way , Not Divided",Dry,Daylight,Clear,Angle (Front - to - Side) Right Angle (Includes Broadside),"Yes, M/V and Driver Left Scene",No Controls,2,0,No Injury,2,,41.82059,-71.42194
920420,2025-00001870,2025-01-08,3:20:00 PM,Vehicle - Parked Vehicle,,114 Progress Ave,WEBSTER AVE,Nathaniel Eastman,112,2025-01-14,"Two-Way , Not Divided",Dry,Daylight,Clear,Rear - to - Side,No,No Controls,3,0,No Injury,2,,41.80896,-71.44756
920212,2025-00001850,2025-01-08,1:00:00 PM,Vehicle - Vehicle,,ATWELLS AVENUE,CARELTON STREET,Giuseppe Scarcello,485,2025-01-09,"Two-Way , Not Divided",Dry,Daylight,Clear,Rear End(Front-to-Rear),No,No Controls,3,0,No Injury,2,,41.82579,-71.42449
920213,2025-00001825,2025-01-08,11:51:00 AM,Vehicle - Pedestrian,Pedestrian,WESTMINSTER ST,EMPIRE ST,Michael Baldassare,568,2025-01-09,"Two-Way , Not Divided",Dry,Daylight,Clear,Not a Collision Between Two Motor Vehicles in Transport,"Yes, M/V and Driver Left Scene",Traffic Control Signal,1,1,Incapacitating,1,,41.82097,-71.41532
920206,2025-00001917,2025-01-08,5:47:00 PM,Vehicle - Vehicle,,SMITHFIELD AVENUE,NELLIE STREET,Ian Quinn,102,2025-01-08,"Two-Way , Not Divided",Dry,Dark - Lighted,Clear,Angle (Front - to - Side) Right Angle (Includes Broadside),No,No Controls,3,0,No Injury,2,5,,
920202,2025-00001921,2025-01-08,6:17:00 PM,Vehicle - Vehicle,,BROAD ST,BROAD ST,Raymond Criner,340,2025-01-08,"Two-Way , Not Divided",Dry,Dark - Lighted,Clear,Angle (Front - to - Side) Right Angle (Includes Broadside),No,Stop Signs,3,1,Complains Of Pain,2,,41.79196,-71.40692
920203,2025-00001938,2025-01-08,7:27:00 PM,Vehicle - Object,,DOUGLAS AVE,damon street,Tyler Cargill,619,2025-01-08,"Two-Way , Not Divided",Dry,Dark - Lighted,Clear,Not a Collision Between Two Motor Vehicles in Transport,No,No Controls,1,0,No Injury,1,,41.85023,-71.43382
920204,2025-00001935,2025-01-08,7:20:00 PM,Vehicle - Parked Vehicle,,PROSPECT ST,CUSHING ST,Vincent Pazzetta,641,2025-01-08,"Two-Way , Not Divided",Dry,Dark - Lighted,Cloudy,"Sideswipe, Same Direction","Yes, M/V and Driver Left Scene",No Controls,1,0,Unknown,2,,41.82923,-71.4051
920184,2025-00001762,2025-01-08,7:44:00 AM,Vehicle - Vehicle,,BROADWAY,EMPIRE ST,John Manown,516,2025-01-08,One-Way Trafficway,Dry,Daylight,Clear,Rear End(Front-to-Rear),No,Traffic Control Signal,2,0,No Injury,2,,41.82301,-71.4174
920185,2025-00001755,2025-01-08,6:56:00 AM,Vehicle - Parked Vehicle,,WHITTIER AVENUE,GIFFORD STREET,Patrolwoman Addai,513,2025-01-08,"Two-Way , Not Divided",Dry,Daylight,Clear,Not a Collision Between Two Motor Vehicles in Transport,No,No Controls,5,0,No Injury,2,,,
920186,2025-00001761,2025-01-08,7:40:00 AM,Vehicle - Vehicle,,WESTMINSTER STREET,BRIDGHAM STREET,Alexandria O'Loughlin,676,2025-01-08,"Two-Way , Not Divided",Dry,Daylight,Clear,Angle (Front - to - Side) Same Direction,No,Traffic Control Signal,3,0,No Injury,2,,,
920190,2025-00001814,2025-01-08,11:34:00 AM,Vehicle - Vehicle,,Harris Ave,Delaine St,Patrolwoman Rosso,514,2025-01-08,"Two-Way, Divided, Unprotected (painted>4feet) Medium",Dry,Daylight,Clear,Head-On (Front - to - Front),No,No Controls,4,0,No Injury,2,,41.81919,-71.43881
920191,2025-00001829,2025-01-08,12:00:00 PM,Vehicle - Vehicle,,MEETING STREET,S COURT ST,George Pereira,421,2025-01-08,"Two-Way , Not Divided",Dry,Daylight,Clear,Rear End(Front-to-Rear),No,No Controls,3,0,No Injury,3,,41.82881,-71.4059
920195,2025-00001871,2025-01-08,3:08:00 PM,Vehicle - Vehicle,,BRANCH AVE,BRANCH AVE EXIT,Ian Quinn,102,2025-01-08,"Two-Way, Divided, Positive Median Barrier",Dry,Daylight,Clear,Rear End(Front-to-Rear),No,Traffic Control Signal,3,0,No Injury,2,4,41.84637,-71.4117
920196,2025-00001892,2025-01-08,4:05:00 PM,Vehicle - Vehicle,,CHARLES ST,ORMS ST,Patrick Hourahan,243,2025-01-08,"Two-Way , Not Divided",Dry,Daylight,Clear,"Sideswipe, Same Direction",No,Traffic Control Signal,4,0,No Injury,2,,41.83485,-71.41145
920197,2025-00001886,2025-01-08,3:24:00 PM,Vehicle - Parked Vehicle,,MILL ST,CANAL ST,Kelsey Woodbine,633,2025-01-08,Unknown,Dry,Daylight,Clear,Rear - to - Rear,No,Unknown,3,0,No Injury,2,,41.83239,-71.41098
920198,2025-00001906,2025-01-08,4:56:00 PM,Vehicle - Pedestrian,Bicycle,CANAL ST,MILL ST,Raymond Criner,340,2025-01-08,One-Way Trafficway,Dry,Dark - Lighted,Clear,Not a Collision Between Two Motor Vehicles in Transport,No,Pavement Markings,2,1,Complains Of Pain,1,,41.8323,-71.41095
920199,2025-00001869,2025-01-08,4:56:00 PM,Vehicle - Vehicle,,BLACKSTONE BLVD,HOPE ST,Ricardo Sanchez,632,2025-01-08,"Two-Way , Not Divided",Dry,Daylight,Clear,"Sidwswipe, Opposite Direction",No,No Controls,2,0,No Injury,2,2,41.85622,-71.39145
920200,2025-00001888,2025-01-08,3:49:00 PM,Vehicle - Vehicle,,HAYWARD ST,SOMERSET ST,Raymond Criner,340,2025-01-08,"Two-Way , Not Divided",Dry,Daylight,Clear,Angle - Direction Not Specified,"Yes, M/V and Driver Left Scene",No Controls,3,1,Complains Of Pain,2,,41.81291,-71.42116
920170,2025-00001552,2025-01-08,9:07:00 AM,Vehicle - Vehicle,,VALLEY ST,RIVER AVE,Ybelis Gonzalez,376,2025-01-07,"Two-Way , Not Divided",Dry,Daylight,Clear,Angle - Direction Not Specified,No,Traffic Control Signal,5,0,No Injury,2,,41.82796,-71.43516
920236,2025-00002087,2025-01-08,9:00:00 AM,Vehicle - Parked Vehicle,,CHALKSTONE AVE,,Jason Clancy,999,2025-01-09,Unknown,Dry,Daylight,Clear,Rear End(Front-to-Rear),No,Unknown,3,0,Unknown,2,,,
920223,2025-00001861,2025-01-08,11:30:00 AM,Vehicle - Pedestrian,Pedestrian,EMPIRE ST,,Jason Clancy,999,2025-01-09,"Two-Way, Divided, Unprotected (painted>4feet) Medium",Dry,Daylight,Clear,Unknown,No,Unknown,3,0,Unknown,1,,,
920226,2025-00001837,2025-01-08,12:09:00 PM,Vehicle - Object,,DUDLEY ST,GAY ST,Victor Tavarez,564,2025-01-09,"Two-Way, Divided, Unprotected (painted>4feet) Medium",Dry,Daylight,Clear,Head-On (Front - to - Front),No,No Controls,2,0,No Injury,1,,41.81009,-71.41237
920261,2025-00002357,2025-01-08,7:30:00 AM,Vehicle - Parked Vehicle,,BROAD ST,,Jason Clancy,999,2025-01-10,Unknown,Dry,Daylight,Clear,Unknown,"Yes, M/V and Driver Left Scene",Unknown,1,0,Unknown,2,,,
920258,2025-00001596,2025-01-07,12:30:00 PM,Vehicle - Vehicle,,Plainfield St,DUXBURY ST,Luis Quinilla,572,2025-01-10,"Two-Way , Not Divided",Dry,Daylight,Blowing Snow,Rear End(Front-to-Rear),No,Traffic Control Signal,3,0,No Injury,2,,41.81205,-71.46163
920221,2025-00001864,2025-01-07,7:00:00 PM,Vehicle - Object,,PLAINFIELD,,Jason Clancy,999,2025-01-09,Unknown,Ice/Frost,Dark - Unknown Lighting,Clear,Unknown,No,Unknown,2,0,Unknown,1,,,
920216,2025-00001821,2025-01-07,11:00:00 AM,Vehicle - Parked Vehicle,,HOPE,,Jason Clancy,999,2025-01-09,Unknown,Dry,Daylight,Clear,Unknown,No,Unknown,2,0,Unknown,2,,,
920208,2025-00001963,2025-01-07,3:05:00 PM,Vehicle - Pedestrian,Pedestrian,593 eddy st,,Jonathyn Pirolli,385,2025-01-08,"Two-Way , Not Divided",Dry,Daylight,Clear,"Sidwswipe, Opposite Direction","Yes, M/V and Driver Left Scene",No Controls,2,0,Unknown,2,,,
920230,2025-00001599,2025-01-07,12:40:00 PM,Vehicle - Parked Vehicle,,SMITH ST,SMITH ST,Lucas Ramalho,507,2025-01-09,Unknown,Dry,Daylight,Clear,Not a Collision Between Two Motor Vehicles in Transport,"Yes, M/V and Driver Left Scene",No Controls,1,0,Unknown,2,,41.8361,-71.42916
920171,2025-00001563,2025-01-07,10:04:00 AM,Vehicle - Vehicle,,WATERMAN ST,COOKE ST,Joshua Cascione,225,2025-01-07,One-Way Trafficway,Dry,Daylight,Cloudy,Rear End(Front-to-Rear),No,No Controls,2,0,No Injury,2,,41.8276,-71.39603
920167,2025-00001537,2025-01-07,7:24:00 AM,Vehicle - Vehicle,,DAMON ST,SUNBURY ST,Christopher Hines,537,2025-01-07,"Two-Way , Not Divided",Dry,Daylight,Clear,Angle (Front - to - Side) Right Angle (Includes Broadside),"Yes, Driver Left Scene",No Controls,3,0,No Injury,2,,41.84927,-71.43278
920168,2025-00001543,2025-01-07,7:54:00 AM,Vehicle - Parked Vehicle,,SMITH ST,SMITH ST,Lucas Ramalho,507,2025-01-07,"Two-Way , Not Divided",Dry,Daylight,Clear,Not a Collision Between Two Motor Vehicles in Transport,No,No Controls,3,0,No Injury,2,,41.83754,-71.43341
920175,2025-00001625,2025-01-07,2:50:00 PM,Vehicle - Vehicle,,PINE STREET,STEWART ST,Manuel Tueros,621,2025-01-07,One-Way Trafficway,Dry,Daylight,Clear,Not a Collision Between Two Motor Vehicles in Transport,No,Stop Signs,3,0,No Injury,2,,41.81559,-71.41662
920176,2025-00001627,2025-01-07,3:07:00 PM,Vehicle - Vehicle,,MANTON AVE,RUSHMORE AVE,Arthur Lima,126,2025-01-07,"Two-Way , Not Divided",Dry,Daylight,Clear,Angle (Front - to - Side) Same Direction,"Yes, M/V and Driver Left Scene",No Controls,1,0,No Injury,2,,41.82576,-71.45701
920178,2025-00001652,2025-01-07,4:49:00 PM,Vehicle - Vehicle,,WASHINGTON ST,DORRANCE ST,Cassidy Simanski,132,2025-01-07,"Two-Way, Not Divided With a Continuous Left Turn Lane",Dry,Dark - Lighted,Clear,Angle (Front - to - Side) Same Direction,No,No Controls,4,0,No Injury,2,,41.82442,-71.4128
920179,2025-00001643,2025-01-07,4:31:00 PM,Vehicle - Parked Vehicle,,Cranston St.,DODGE ST,J Heeder,557,2025-01-07,"Two-Way , Not Divided",Dry,Daylight,Clear,Rear End(Front-to-Rear),"Yes, M/V and Driver Left Scene",No Controls,3,0,No Injury,2,,41.81425,-71.42637
920180,2025-00001661,2025-01-07,5:13:00 PM,Vehicle - Vehicle,,DUDLEY STREET,DUDLEY ST EXIT 19,Manuel Tueros,621,2025-01-07,"Two-Way , Not Divided",Dry,Dark - Lighted,Clear,Rear End(Front-to-Rear),No,Traffic Control Signal,4,0,No Injury,3,,41.8108,-71.40729
920181,2025-00001639,2025-01-07,4:04:00 PM,Vehicle - Pedestrian,Pedestrian,WICKENDEN ST,BROOK ST,Raymond Criner,340,2025-01-07,"Two-Way , Not Divided",Dry,Daylight,Clear,Not a Collision Between Two Motor Vehicles in Transport,No,Pavement Markings,3,1,Complains Of Pain,1,,41.81948,-71.39826
920201,2025-00001707,2025-01-07,9:53:00 PM,Vehicle - Vehicle,,Elmwood Ave,Greenwich St,Brandon McDonnell,620,2025-01-08,"Two-Way , Not Divided",Dry,Dark - Lighted,Clear,Angle (Front - to - Side) Opposite Direction,No,Traffic Control Signal,3,0,No Injury,2,,,
920192,2025-00001617,2025-01-07,2:17:00 PM,Vehicle - Vehicle,,BRANCH AVE,OPPER ST,Albert Pereira,111,2025-01-08,"Two-Way , Not Divided",Dry,Daylight,Clear,Angle (Front - to - Side) Same Direction,No,No Controls,3,0,No Injury,2,,41.85155,-71.42296
920205,2025-00001633,2025-01-07,3:41:00 PM,Vehicle - Pedestrian,Pedestrian,PRAIRIE AVE,PAVILION AVE,Nicolas Lafazia,369,2025-01-08,"Two-Way, Divided, Unprotected (painted>4feet) Medium",Dry,Daylight,Clear,Unknown,"Yes, M/V and Driver Left Scene",No Controls,2,0,No Injury,2,,41.79534,-71.41045
920345,2025-00002596,2025-01-07,8:00:00 PM,Vehicle - Parked Vehicle,,EDDY ST,,Jason Clancy,999,2025-01-13,Unknown,Dry,Dark - Unknown Lighting,Clear,Unknown,"Yes, M/V and Driver Left Scene",Unknown,1,0,Unknown,2,,,
920292,2025-00001614,2025-01-07,1:46:00 PM,Vehicle - Parked Vehicle,,90 HEATH STREET,EASTWOOD AVE,Southavout Im,382,2025-01-11,"Two-Way , Not Divided",Dry,Daylight,Clear,"Sideswipe, Same Direction",No,No Controls,3,0,No Injury,2,,41.81671,-71.44998
921079,2025-00001688,2025-01-07,7:59:00 PM,Vehicle - Vehicle,,RAYMOND ST,CHALKSTONE AVE,Saramarie Cerullo,151,2025-02-03,"Two-Way, Divided, Unprotected (painted>4feet) Medium",Dry,Dark - Lighted,Clear,Rear End(Front-to-Rear),No,Traffic Control Signal,2,0,No Injury,2,,41.83414,-71.43022
920275,2025-00001420,2025-01-06,5:41:00 PM,Vehicle - Vehicle,,BRANCH AVE,W RIVER ST,Johansell Montilla,627,2025-01-10,"Two-Way, Divided, Unprotected (painted>4feet) Medium",Dry,Dark - Lighted,Clear,Rear End(Front-to-Rear),No,No Controls,3,0,No Injury,2,,41.84668,-71.41224
920193,2025-00001858,2025-01-06,12:20:00 PM,Vehicle - Parked Vehicle,,SOUTH MAIN ST,,Jason Clancy,999,2025-01-08,Unknown,Dry,Daylight,Clear,Other,"Yes, M/V and Driver Left Scene",Unknown,2,0,Unknown,2,,,
920177,2025-00001355,2025-01-06,,Vehicle - Parked Vehicle,,1 RESERVOIR AVE,ADELAIDE AVE,James Lewis,250,2025-01-07,"Two-Way , Not Divided",Dry,Daylight,Clear,Not a Collision Between Two Motor Vehicles in Transport,No,No Controls,2,0,No Injury,2,,41.79595,-71.42609
920173,2025-00001404,2025-01-06,1:15:00 PM,Vehicle - Vehicle,,CHAPIN AVE,MESSER ST,Jason Clancy,999,2025-01-07,Unknown,Dry,Daylight,Clear,"Sidwswipe, Opposite Direction",No,Unknown,1,0,Unknown,2,,41.81177,-71.43569
920162,2025-00001439,2025-01-06,6:51:00 PM,Vehicle - Vehicle,,Cranston Street,ANTHONY AVE,Colby Berciano,671,2025-01-06,"Two-Way , Not Divided",Dry,Dark - Lighted,Clear,Rear End(Front-to-Rear),"Yes, M/V and Driver Left Scene",Traffic Control Signal,2,0,No Injury,2,,41.80415,-71.43878
920164,2025-00001451,2025-01-06,8:07:00 PM,Vehicle - Vehicle,,BRANCH AVE EXIT,BRANCH AVE,Tyler Cargill,619,2025-01-06,"Two-Way , Not Divided",Dry,Dark - Lighted,Clear,"Sideswipe, Same Direction",No,Traffic Control Signal,3,0,No Injury,2,,41.85325,-71.42742
920165,2025-00001467,2025-01-06,9:34:00 PM,Vehicle - Vehicle,,MANTON AVE,CHALKSTONE AVE,Arthur Lima,126,2025-01-06,"Two-Way , Not Divided",Dry,Dark - Lighted,Clear,Rear End(Front-to-Rear),"Yes, M/V and Driver Left Scene",No Controls,1,0,No Injury,2,,41.83392,-71.46691
920166,2025-00001431,2025-01-06,6:24:00 PM,Vehicle - Vehicle,,POINT STREET,BEACON AVE,Manuel Tueros,621,2025-01-06,One-Way Trafficway,Dry,Dark - Lighted,Clear,Angle (Front - to - Side) Same Direction,No,No Controls,2,0,No Injury,2,,41.81475,-71.41432
920235,2025-00001364,2025-01-06,1:19:00 PM,Vehicle - Vehicle,,UNION AVE,MESSER ST,Jason Clancy,999,2025-01-09,Unknown,Dry,Daylight,Clear,"Sideswipe, Same Direction","Yes, M/V and Driver Left Scene",Unknown,2,0,Unknown,2,,41.81013,-71.43513
920227,2025-00001973,2025-01-06,6:48:00 AM,Vehicle - Vehicle,,ATWELLS AVE,DAVE GAVITT WAY,Jason Clancy,999,2025-01-09,Unknown,Dry,Dawn,Clear,"Sideswipe, Same Direction","Yes, M/V and Driver Left Scene",Unknown,1,0,Unknown,2,,41.82249,-71.41854
920239,2025-00001351,2025-01-06,1:19:00 PM,Vehicle - Vehicle,,BRANCH AVE,BRANCH AVE EXIT,Lucas Ramalho,507,2025-01-09,"Two-Way, Not Divided With a Continuous Left Turn Lane",Dry,Daylight,Clear,"Sideswipe, Same Direction",No,Traffic Control Signal,5,0,No Injury,2,,41.85291,-71.42609
920138,2025-00001252,2025-01-06,12:29:00 AM,Vehicle - Parked Vehicle,,CRANSTON ST,ANTHONY AVE,Antonio Valdez,659,2025-01-06,"Two-Way, Divided, Positive Median Barrier",Dry,Dark - Lighted,Clear,Rear End(Front-to-Rear),No,No Controls,2,1,Complains Of Pain,2,,41.80449,-71.43841
920142,2025-00001291,2025-01-06,7:31:00 AM,Vehicle - Parked Vehicle,,Plainfield St,ELDER PL,Patrolwoman Rosso,514,2025-01-06,"Two-Way , Not Divided",Dry,Daylight,Cloudy,"Sideswipe, Same Direction",No,No Controls,4,0,No Injury,2,,41.81293,-71.45742
920144,2025-00001298,2025-01-06,8:10:00 AM,Vehicle - Vehicle,,BRANCH AVE,FLORA ST,Albert Pereira,111,2025-01-06,"Two-Way , Not Divided",Dry,Daylight,Clear,Rear End(Front-to-Rear),No,No Controls,4,0,No Injury,2,,41.84831,-71.41573
920148,2025-00001315,2025-01-06,9:39:00 AM,Vehicle - Vehicle,,NARRAGANSETT BLVD,INDIANA AVE,Joshua Cascione,225,2025-01-06,"Two-Way , Not Divided",Dry,Daylight,Cloudy,"Sideswipe, Same Direction",No,No Controls,3,0,No Injury,2,,41.79023,-71.3964
920149,2025-00001308,2025-01-06,8:59:00 AM,Vehicle - Parked Vehicle,,Hartford Ave,Killingly St,Patrolwoman Rosso,514,2025-01-06,"Two-Way, Divided, Unprotected (painted>4feet) Medium",Dry,Daylight,Cloudy,Angle (Front - to - Side) Same Direction,No,No Controls,3,1,Complains Of Pain,2,,41.81999,-71.46891
920153,2025-00001304,2025-01-06,8:42:00 AM,Vehicle - Vehicle,,CHALKSTONE AVE,MOUNT PLEASANT AVE,Jason Dennis,392,2025-01-06,"Two-Way , Not Divided",Dry,Daylight,Cloudy,Rear End(Front-to-Rear),No,Traffic Control Signal,2,0,No Injury,2,,41.83272,-71.44956
920154,2025-00001322,2025-01-06,10:30:00 AM,Vehicle - Vehicle,,RIVER AVE,MOORLAND AVE,Jason Dennis,392,2025-01-06,"Two-Way , Not Divided",Dry,Daylight,Clear,Angle (Front - to - Side) Right Angle (Includes Broadside),No,Unknown,2,0,No Injury,2,,41.83752,-71.43973
920155,2025-00001378,2025-01-06,3:16:00 PM,Vehicle - Parked Vehicle,,MINTO ST,BOLTON AVE,Lane,109,2025-01-06,"Two-Way , Not Divided",Dry,Daylight,Clear,"Sideswipe, Same Direction",No,No Controls,2,0,No Injury,2,,41.83564,-71.44781
920156,2025-00001390,2025-01-06,3:30:00 PM,Vehicle - Parked Vehicle,,ACADEMY AVE,WHITFORD AVE,Lane,109,2025-01-06,Unknown,Dry,Daylight,Clear,Rear - to - Side,"Yes, M/V and Driver Left Scene",No Controls,1,0,Unknown,2,,41.83897,-71.44487
920157,2025-00001391,2025-01-06,4:04:00 PM,Vehicle - Vehicle,,BROAD ST,SERVICE ROAD 7,Raymond Criner,340,2025-01-06,"Two-Way , Not Divided",Dry,Daylight,Clear,Rear End(Front-to-Rear),No,Traffic Control Signal,3,2,Complains Of Pain,3,,41.81719,-71.41733