CrashReportId,ReportNumber,CrashDate,CrashTime,TypeOfCollision,Collision Type,StreetOrHighway,NearestIntersection,Officer,Badge,ReportDate,TypeOfRoadway,RoadSurfaceCondition,LightCondition,WeatherCondition,MannerofImpact,HitAndRun,TrafficControl,PersonCount,InjuryCount,MostSeriousInjury,NumberofVehicles,NumberOfLanes,Latitude,Longitude
920158,2025-00001416,2025-01-06,5:01:00 PM,Vehicle - Vehicle,,POCASSET AVENUE,DUNFORD ST,Marco Figueroa,110,2025-01-06,"Two-Way , Not Divided",Dry,Dark - Lighted,Clear,Rear End(Front-to-Rear),No,No Controls,2,0,No Injury,2,,41.81266,-71.44918
920159,2025-00001415,2025-01-06,5:01:00 PM,Vehicle - Vehicle,,WEBSTER AVENUE,DORA STREET,Marco Figueroa,110,2025-01-06,"Two-Way , Not Divided",Dry,Dark - Lighted,Clear,Angle (Front - to - Side) Right Angle (Includes Broadside),No,No Controls,2,0,No Injury,2,,,
920160,2025-00001417,2025-01-06,5:24:00 PM,Vehicle - Vehicle,,GEORGIA AVE,VIRGINIA AVE,J Heeder,557,2025-01-06,"Two-Way , Not Divided",Dry,Dark - Lighted,Clear,Head-On (Front - to - Front),No,No Controls,2,1,Complains Of Pain,2,,41.79213,-71.39704
920140,2025-00001244,2025-01-05,10:25:00 PM,Vehicle - Vehicle,,MEMORIAL BLVD,FRANCIS ST,Quincy Griffin,970,2025-01-06,One-Way Trafficway,Dry,Dark - Lighted,Clear,Rear End(Front-to-Rear),"Yes, M/V and Driver Left Scene",No Controls,2,0,Unknown,2,,41.82588,-71.41542
920123,2025-00000985,2025-01-05,6:31:00 PM,Vehicle - Parked Vehicle,,WHIPPLE ST,ORIENTAL ST,Erik Soloman,108,2025-01-04,Unknown,Dry,Dark - Lighted,Clear,Unknown,"Yes, M/V and Driver Left Scene",No Controls,1,0,Unknown,2,,41.83969,-71.41957
920126,2025-00001020,2025-01-05,10:41:00 PM,Vehicle - Vehicle,,25 EAGLE STREET,VALLEY ST,Ryan Whittemore,655,2025-01-05,"Two-Way , Not Divided",Dry,Dark - Lighted,Clear,Angle (Front - to - Side) Opposite Direction,"Yes, M/V and Driver Left Scene",No Controls,1,1,Complains Of Pain,2,,41.82733,-71.43634
920128,2025-00001112,2025-01-05,9:43:00 AM,Vehicle - Vehicle,,WATERMAN ST,WAYLAND AVE,Louis Gianfrancesco,350,2025-01-05,One-Way Trafficway,Dry,Daylight,Clear,"Sideswipe, Same Direction",No,No Controls,3,0,No Injury,2,2,41.82859,-71.38844
920129,2025-00001130,2025-01-05,12:02:00 PM,Vehicle - Vehicle,,NEW YORK AVE,ALLENS AVE,Waldorf Pognon,501,2025-01-05,"Two-Way , Not Divided",Dry,Daylight,Clear,Angle (Front - to - Side) Same Direction,No,No Controls,3,0,No Injury,2,2,,
920132,2025-00001175,2025-01-05,4:07:00 PM,Vehicle - Vehicle,,LLOYD AVE,WEYMOUTH ST,Jared Guiot,608,2025-01-05,"Two-Way , Not Divided",Dry,Dusk,Clear,"Sideswipe, Same Direction",No,No Controls,4,0,No Injury,2,,41.83285,-71.39639
920133,2025-00001179,2025-01-05,4:40:00 PM,Vehicle - Vehicle,,ADMIRAL ST,CRANDALL ST,John Palmer,101,2025-01-05,"Two-Way , Not Divided",Dry,Dark - Lighted,Clear,"Sideswipe, Same Direction",No,No Controls,4,0,No Injury,2,,41.84954,-71.43979
920134,2025-00001197,2025-01-05,6:25:00 PM,Vehicle - Pedestrian,Pedestrian,FOUNTAIN ST,FRANCIS ST,J Heeder,557,2025-01-05,"Two-Way , Not Divided",Dry,Daylight,Clear,Not a Collision Between Two Motor Vehicles in Transport,"Yes, M/V and Driver Left Scene",Traffic Control Signal,2,2,Complains Of Pain,1,,41.82491,-71.41471
920136,2025-00001204,2025-01-05,7:02:00 PM,Vehicle - Vehicle,,ELMWOOD AVE.,ADELAIDE AVE,Jenna Heeder,557,2025-01-05,"Two-Way , Not Divided",Dry,Dark - Lighted,Clear,Angle (Front - to - Side) Right Angle (Includes Broadside),No,Traffic Control Signal,3,1,Complains Of Pain,2,,41.79589,-71.425
920259,2025-00001174,2025-01-05,4:04:00 PM,Vehicle - Vehicle,,320 broad street,BROAD ST,Matthew Sandorse,508,2025-01-10,"Two-Way , Not Divided",Dry,Daylight,Clear,"Sideswipe, Same Direction",No,No Controls,2,0,No Injury,2,,41.81441,-71.42115
920163,2025-00001188,2025-01-05,5:24:00 PM,Vehicle - Vehicle,,MANTON AVE,DELAINE ST,Michael Pesola,117,2025-01-06,"Two-Way , Not Divided",Dry,Dark - Lighted,Clear,Angle (Front - to - Side) Right Angle (Includes Broadside),No,No Controls,2,0,No Injury,2,,41.81795,-71.44465
920169,2025-00001310,2025-01-05,5:15:00 PM,Vehicle - Pedestrian,Bicycle,PLAINFIELD ST,RALPH ST,Jason Clancy,999,2025-01-07,Unknown,Dry,Dark - Unknown Lighting,Clear,"Sidwswipe, Opposite Direction",No,Unknown,3,0,Unknown,1,,41.81345,-71.45352
920172,2025-00001385,2025-01-05,2:20:00 AM,Vehicle - Parked Vehicle,,PLAINFIELD ST,,Jason Clancy,999,2025-01-07,Unknown,Dry,Dark - Unknown Lighting,Clear,Rear End(Front-to-Rear),"Yes, M/V and Driver Left Scene",Unknown,3,0,Unknown,2,,,
920268,2025-00001168,2025-01-05,3:23:00 PM,Vehicle - Vehicle,,CHARLES ST,W RIVER ST,Erik Soloman,108,2025-01-10,"Two-Way, Divided, Unprotected (painted>4feet) Medium",Dry,Daylight,Clear,Rear End(Front-to-Rear),No,No Controls,2,0,No Injury,2,,41.83961,-71.41638
920378,2025-00003252,2025-01-04,4:30:00 AM,Vehicle - Parked Vehicle,,347 W FOUNTAIN ST,W FOUNTAIN ST,Joshua Cascione,225,2025-01-14,"Two-Way , Not Divided",Dry,Daylight,Clear,Angle (Front - to - Side) Right Angle (Includes Broadside),No,No Controls,2,0,No Injury,2,,,
920125,2025-00000999,2025-01-04,7:56:00 PM,Vehicle - Vehicle,,WESTMINSTER ST,SERVICE ROAD 8,Cassidy Simanski,132,2025-01-04,One-Way Trafficway,Dry,Dark - Lighted,Clear,Angle (Front - to - Side) Same Direction,No,No Controls,3,1,Complains Of Pain,2,,41.81923,-71.41782
920137,2025-00001032,2025-01-04,11:30:00 PM,Vehicle - Vehicle,,50 Plainfield Street,EDNA ST,Luis Boror,575,2025-01-06,"Two-Way , Not Divided",Dry,Dark - Lighted,Clear,"Sideswipe, Same Direction",No,No Controls,2,0,No Injury,2,,41.81567,-71.44554
920131,2025-00000952,2025-01-04,3:28:00 PM,Vehicle - Vehicle,,PLAINFIELD ST,LAWRENCE ST,Johansell Montilla,627,2025-01-05,"Two-Way, Divided, Unprotected (painted>4feet) Medium",Dry,Daylight,Clear,Head-On (Front - to - Front),No,Stop Signs,3,0,No Injury,2,,41.81306,-71.45662
920141,2025-00001010,2025-01-04,4:33:00 AM,Vehicle - Parked Vehicle,,ANTHONY AVE,AVON ST,Quincy Griffin,970,2025-01-06,"Two-Way , Not Divided",Dry,Dark - Lighted,Clear,"Sideswipe, Same Direction","Yes, M/V and Driver Left Scene",No Controls,2,0,Unknown,2,,41.80472,-71.43918
920139,2025-00000910,2025-01-04,,Vehicle - Parked Vehicle,,ORMS ST,SMITH ST,Quincy Griffin,970,2025-01-06,"Two-Way , Not Divided",Dry,Unknown,Clear,"Sideswipe, Same Direction","Yes, M/V and Driver Left Scene",No Controls,1,0,Unknown,2,,41.83376,-71.422
920161,2025-00001015,2025-01-04,10:03:00 PM,Vehicle - Parked Vehicle,,CHALKSTONE AVE,BERGEN ST,Saramarie Cerullo,151,2025-01-06,"Two-Way, Divided, Unprotected (painted>4feet) Medium",Dry,Dark - Lighted,Clear,Angle (Front - to - Side) Same Direction,"Yes, M/V and Driver Left Scene",No Controls,2,0,No Injury,2,,41.82965,-71.43959
920109,2025-00000834,2025-01-04,1:59:00 AM,Vehicle - Parked Vehicle,,1 turks head place,,Domenic Schiavulli,653,2025-01-04,"Two-Way , Not Divided",Dry,Dark - Lighted,Clear,Rear End(Front-to-Rear),No,No Controls,2,0,No Injury,2,,,
920110,2025-00000853,2025-01-04,4:46:00 AM,Vehicle - Parked Vehicle,,LEDGE ST,HAMPTON ST,Abdiel Mendez,652,2025-01-04,"Two-Way , Not Divided",Dry,Dark - Lighted,Clear,"Sideswipe, Same Direction","Yes, M/V and Driver Left Scene",No Controls,4,0,No Injury,2,,41.85348,-71.41423
920111,2025-00000855,2025-01-04,4:49:00 AM,Vehicle - Vehicle,,STONE ST,ASCHAM ST,Abdiel Mendez,652,2025-01-04,"Two-Way , Not Divided",Dry,Dark - Lighted,Clear,"Sideswipe, Same Direction","Yes, Driver Left Scene",No Controls,4,0,Unknown,3,,41.85055,-71.41802
920113,2025-00000599,2025-01-04,9:20:00 AM,Vehicle - Parked Vehicle,,LLOYD AVE,BROOK ST,George Pereira,421,2025-01-04,"Two-Way , Not Divided",Dry,Daylight,Clear,Unknown,"Yes, M/V and Driver Left Scene",No Controls,1,0,Unknown,2,,41.8315,-71.40038
920114,2025-00000892,2025-01-04,10:28:00 AM,Vehicle - Parked Vehicle,,WICKENDEN ST,BROOK ST,Raleek Byfield,375,2025-01-04,"Two-Way, Divided, Unprotected (painted>4feet) Medium",Dry,Daylight,Clear,"Sideswipe, Same Direction",No,Pavement Markings,3,0,No Injury,2,,41.81948,-71.39822
920115,2025-00000909,2025-01-04,11:47:00 AM,Vehicle - Vehicle,,Charles Street,BRANCH AVE,Igor Barbosa,114,2025-01-04,"Two-Way, Divided, Unprotected (painted>4feet) Medium",Dry,Daylight,Clear,Rear End(Front-to-Rear),No,Traffic Control Signal,2,0,No Injury,2,,41.85031,-71.41998
920116,2025-00000913,2025-01-04,11:54:00 AM,Vehicle - Vehicle,,SMITHFIELD AVE,95 S,Jessica Salmeron,356,2025-01-04,"Two-Way, Divided, Positive Median Barrier",Dry,Daylight,Clear,"Sideswipe, Same Direction",No,Traffic Control Signal,2,0,No Injury,2,2,41.85546,-71.4069
920117,2025-00000929,2025-01-04,12:54:00 PM,Vehicle - Vehicle,,Chalkstone Ave,CLAREMONT AVE,Ybelis Gonzalez,376,2025-01-04,"Two-Way , Not Divided",Dry,Daylight,Clear,Rear End(Front-to-Rear),No,Traffic Control Signal,2,0,No Injury,2,,41.83275,-71.44919
920118,2025-00000943,2025-01-04,2:15:00 PM,Vehicle - Parked Vehicle,,MEETING STREET,BROOK ST,George Pereira,421,2025-01-04,"Two-Way , Not Divided",Dry,Daylight,Clear,"Sideswipe, Same Direction",No,No Controls,2,0,No Injury,2,,41.8292,-71.40016
920119,2025-00000954,2025-01-04,3:35:00 PM,Vehicle - Vehicle,,W. RIVER ST.,CHARLES ST,J Heeder,557,2025-01-04,"Two-Way , Not Divided",Dry,Daylight,Clear,"Sidwswipe, Opposite Direction",No,Stop Signs,3,1,Complains Of Pain,2,,41.83962,-71.41637
920120,2025-00000961,2025-01-04,4:09:00 PM,Vehicle - Vehicle,,ANDERSON ST,CURTIS ST,J Heeder,557,2025-01-04,"Two-Way , Not Divided",Dry,Daylight,Clear,Angle (Front - to - Side) Right Angle (Includes Broadside),"Yes, M/V and Driver Left Scene",Stop Signs,2,1,Complains Of Pain,2,,41.82232,-71.45064
920090,2025-00000592,2025-01-03,8:47:00 AM,Vehicle - Vehicle,,RESERVOIR AVE,EXIT (RT ),Eduar Espinal,386,2025-01-03,One-Way Trafficway,Dry,Daylight,Clear,"Sideswipe, Same Direction",No,Traffic Control Signal,2,0,No Injury,2,,41.7878,-71.43204
920091,2025-00000595,2025-01-03,9:15:00 AM,Vehicle - Vehicle,,POTTERS AVE,BROAD ST,Alexandria O'Loughlin,676,2025-01-03,"Two-Way , Not Divided",Dry,Daylight,Clear,Head-On (Front - to - Front),No,Traffic Control Signal,5,0,No Injury,3,,41.80297,-71.41891
920093,2025-00000631,2025-01-03,10:45:00 AM,Vehicle - Vehicle,,335 HARTFORD AVE,HARTFORD AVE,Quincy Griffin,970,2025-01-03,Unknown,Dry,Daylight,Clear,Rear End(Front-to-Rear),No,No Controls,2,0,No Injury,2,,,
920094,2025-00000642,2025-01-03,1:25:00 PM,Vehicle - Vehicle,,ELMWOOD AVE,DEPEW ST,Joshua Cascione,225,2025-01-03,"Two-Way, Divided, Positive Median Barrier",Dry,Daylight,Clear,Angle (Front - to - Side) Same Direction,No,Traffic Control Signal,6,1,Complains Of Pain,3,,41.7832,-71.41898
920095,2025-00000587,2025-01-03,7:49:00 AM,Vehicle - Vehicle,,SMITHFIELD AVE,SMITHFIELD AVE,Lucas Ramalho,507,2025-01-03,"Two-Way , Not Divided",Dry,Daylight,Clear,Rear End(Front-to-Rear),No,No Controls,2,0,No Injury,2,,41.85643,-71.41003
920096,2025-00000651,2025-01-03,1:56:00 PM,Vehicle - Vehicle,,Angell st,BROOK ST,Michael Cifuentes,330,2025-01-03,"Two-Way , Not Divided",Dry,Daylight,Clear,Rear End(Front-to-Rear),No,Traffic Control Signal,3,1,Complains Of Pain,2,,41.82821,-71.39949
920097,2025-00000660,2025-01-03,2:51:00 PM,Vehicle - Object,,NEWARK ST,CUTLER ST,Raymond Criner,340,2025-01-03,"Two-Way , Not Divided",Dry,Daylight,Clear,Not a Collision Between Two Motor Vehicles in Transport,No,Stop Signs,1,1,Complains Of Pain,1,,41.82532,-71.44126
920098,2025-00000697,2025-01-03,4:29:00 PM,Vehicle - Vehicle,,HUNTINGTON AVE,MAGNAN RD,David Palumbo,106,2025-01-03,"Two-Way, Divided, Positive Median Barrier",Dry,Dusk,Clear,"Sideswipe, Same Direction",No,No Controls,3,0,No Injury,2,,41.8026,-71.43698
920099,2025-00000707,2025-01-03,4:58:00 PM,Vehicle - Vehicle,,575 Branch Ave,,Mark Roman,120,2025-01-03,"Two-Way , Not Divided",Dry,Daylight,Clear,Angle (Front - to - Side) Same Direction,No,No Controls,2,0,No Injury,2,,,
920100,2025-00000663,2025-01-03,2:57:00 PM,Vehicle - Vehicle,,NIANTIC AVE,CRANSTON ST,David Palumbo,106,2025-01-03,"Two-Way , Not Divided",Dry,Daylight,Clear,Rear End(Front-to-Rear),No,No Controls,3,0,No Injury,2,,41.80336,-71.43999
920101,2025-00000720,2025-01-03,5:48:00 PM,Vehicle - Vehicle,,SMITH ST,CHALKSTONE AVE,Erik Soloman,108,2025-01-03,"Two-Way, Divided, Unprotected (painted>4feet) Medium",Dry,Dark - Lighted,Clear,Head-On (Front - to - Front),No,Traffic Control Signal,6,0,No Injury,2,,41.83521,-71.42565
920102,2025-00000801,2025-01-03,11:22:00 PM,Vehicle - Vehicle,,ORMS ST,JEFFERSON ST,Aidan Pendergast,651,2025-01-03,"Two-Way , Not Divided",Dry,Dark - Lighted,Clear,Head-On (Front - to - Front),No,No Controls,2,1,Complains Of Pain,2,,41.83446,-71.41745
920124,2025-00000661,2025-01-03,2:34:00 PM,Vehicle - Vehicle,,JEWELL ST,PETTEYS AVE,Jeffrey Gagnon,317,2025-01-04,"Two-Way , Not Divided",Dry,Daylight,Clear,Angle (Front - to - Side) Right Angle (Includes Broadside),No,Stop Signs,2,0,No Injury,2,2,41.81357,-71.46015
920082,2025-00000574,2025-01-03,4:42:00 AM,Vehicle - Object,,HARRIS AVE,DEAN ST,B Johnson,622,2025-01-03,Unknown,"Mud, Dirt, Gravel",Dark - Not Lighted,Clear,Not a Collision Between Two Motor Vehicles in Transport,No,No Controls,2,0,No Injury,1,,41.82656,-71.42675
920238,2025-00002040,2025-01-03,12:37:00 PM,Vehicle - Parked Vehicle,,CHALKSTONE AVE,GENEVA STREET,Jessica Salmeron,356,2025-01-09,"Two-Way , Not Divided",Dry,Daylight,Clear,"Sideswipe, Same Direction","Yes, M/V and Driver Left Scene",No Controls,1,0,Unknown,2,,41.83225,-71.44093
920266,2025-00002376,2025-01-03,7:30:00 AM,Vehicle - Parked Vehicle,,N MAIN ST,,Jason Clancy,999,2025-01-10,Unknown,Dry,Daylight,Clear,Rear - to - Side,"Yes, M/V and Driver Left Scene",Unknown,2,0,Unknown,2,,,
920816,2025-00005514,2025-01-03,8:01:00 AM,Vehicle - Vehicle,,16 Grover St,Longo St,Luis Quinilla,572,2025-01-25,"Two-Way , Not Divided",Ice/Frost,Daylight,Clear,Head-On (Front - to - Front),No,No Controls,4,0,No Injury,4,2,,
920843,2025-00000343,2025-01-02,8:44:00 AM,Vehicle - Vehicle,,DUDLEY ST,GAY ST,D WILSON,123,2025-01-26,"Two-Way, Divided, Unprotected (painted>4feet) Medium",Dry,Daylight,Severe Crosswinds,Angle (Front - to - Side) Right Angle (Includes Broadside),No,Stop Signs,3,0,No Injury,2,,41.81005,-71.41275
920265,2025-00002386,2025-01-02,9:00:00 PM,Vehicle - Parked Vehicle,,HEREFORD ST,SUNBURY ST,Jason Clancy,999,2025-01-10,Unknown,Dry,Dark - Unknown Lighting,Clear,Unknown,"Yes, M/V and Driver Left Scene",Unknown,1,0,Unknown,2,,41.84922,-71.43437
920243,2025-00000449,2025-01-02,4:42:00 PM,Vehicle - Vehicle,,LONGFELLOW TER,CADILLAC DR,Kyle Ludovici,390,2025-01-09,"Two-Way , Not Divided",Dry,Dark - Lighted,Clear,Rear - to - Rear,No,No Controls,2,0,No Injury,2,,41.79037,-71.41982
920089,2025-00000385,2025-01-02,8:11:00 AM,Vehicle - Pedestrian,Pedestrian,TERMINAL ROAD,NEW YORK AVE,Jason Clancy,999,2025-01-03,Unknown,Dry,Daylight,Clear,Unknown,"Yes, M/V and Driver Left Scene",Unknown,3,0,No Injury,1,,41.79613,-71.39506
920060,2025-00000298,2025-01-02,1:41:00 AM,Vehicle - Vehicle,,Blackstone Street,EDDY ST,Jacob Coro,664,2025-01-02,"Two-Way , Not Divided",Dry,Dark - Lighted,Clear,Angle (Front - to - Side) Same Direction,No,Unknown,4,2,Complains Of Pain,2,,41.81013,-71.40722
920067,2025-00000342,2025-01-02,8:19:00 AM,Vehicle - Parked Vehicle,,EMERSON ST,WARRINGTON ST,Alexandria O'Loughlin,676,2025-01-02,"Two-Way , Not Divided",Wet,Unknown,Clear,Not a Collision Between Two Motor Vehicles in Transport,"Yes, M/V and Driver Left Scene",No Controls,1,0,Unknown,2,,41.79598,-71.41499
920108,2025-00000517,2025-01-02,11:14:00 PM,Vehicle - Pedestrian,Pedestrian,325 washington st,,Patrolwoman Viera,678,2025-01-04,"Two-Way , Not Divided",Dry,Dark - Lighted,Clear,Not a Collision Between Two Motor Vehicles in Transport,No,No Controls,3,1,Complains Of Pain,1,,,
920071,2025-00000348,2025-01-02,8:55:00 AM,Vehicle - Vehicle,,RESERVOIR AVENUE,RESERVOIR AVE,Eduar Espinal,386,2025-01-02,"Two-Way , Not Divided",Dry,Daylight,Clear,Angle (Front - to - Side) Opposite Direction,No,No Controls,2,0,No Injury,2,,41.79198,-71.42794
920072,2025-00000367,2025-01-02,10:47:00 AM,Vehicle - Parked Vehicle,,SACKETT ST,LYNN ST,Alexandria O'Loughlin,676,2025-01-02,"Two-Way , Not Divided",Unknown,Unknown,Clear,Not a Collision Between Two Motor Vehicles in Transport,"Yes, M/V and Driver Left Scene",No Controls,2,0,No Injury,2,,41.79589,-71.41298
920074,2025-00000413,2025-01-02,2:55:00 PM,Vehicle - Vehicle,,SMITH ST,CHALKSTONE AVE,Raymond Criner,340,2025-01-02,"Two-Way , Not Divided",Dry,Daylight,Clear,Angle (Front - to - Side) Right Angle (Includes Broadside),No,Pavement Markings,5,0,No Injury,2,,41.83546,-71.42624
920075,2025-00000416,2025-01-02,3:11:00 PM,Vehicle - Vehicle,,FRANCIS ST,MEMORIAL BLVD,Christian Main,145,2025-01-02,"Two-Way, Divided, Unprotected (painted>4feet) Medium",Dry,Daylight,Clear,Angle (Front - to - Side) Right Angle (Includes Broadside),No,Traffic Control Signal,3,1,Complains Of Pain,2,3,,
920076,2025-00000440,2025-01-02,4:26:00 PM,Vehicle - Vehicle,,SMITHFIELD AVE,SMITHFIELD AVE,David Palumbo,106,2025-01-02,"Two-Way , Not Divided",Dry,Dusk,Clear,Angle (Front - to - Side) Right Angle (Includes Broadside),No,No Controls,4,1,Complains Of Pain,2,,41.85736,-71.41083
920077,2025-00000466,2025-01-02,5:58:00 PM,Vehicle - Vehicle,,CHAFFEE ST,BAILEY CT,Matthew LeClerc,180,2025-01-02,"Two-Way , Not Divided",Dry,Dark - Lighted,Clear,Rear End(Front-to-Rear),No,No Controls,3,0,No Injury,2,,41.81941,-71.44422
920078,2025-00000471,2025-01-02,6:26:00 PM,Vehicle - Vehicle,,Broad St.,Babcock St.,Andrew Brodeur,158,2025-01-02,"Two-Way , Not Divided",Dry,Dark - Lighted,Clear,Rear End(Front-to-Rear),No,No Controls,2,0,No Injury,2,2,,
920079,2024-00106723,2025-01-02,7:20:00 PM,Vehicle - Vehicle,,EXIT 21 (RT ),ATWELLS AVE,Andrew Mitura,605,2025-01-02,One-Way Trafficway,Dry,Dark - Lighted,Clear,Rear End(Front-to-Rear),No,No Controls,3,1,Complains Of Pain,2,,41.8232,-71.42053
920080,2025-00000502,2025-01-02,9:29:00 PM,Vehicle - Vehicle,,744 Branch Ave,,Mark Roman,120,2025-01-02,"Two-Way , Not Divided",Dry,Dark - Not Lighted,Clear,Angle (Front - to - Side) Right Angle (Includes Broadside),No,No Controls,3,1,Complains Of Pain,2,,,
920081,2025-00000505,2025-01-02,10:03:00 PM,Vehicle - Vehicle,,ELMWOOD AVE,EXIT,Raymond Criner,340,2025-01-02,"Two-Way, Divided, Positive Median Barrier",Dry,Dark - Lighted,Clear,Head-On (Front - to - Front),No,Traffic Control Signal,5,1,Complains Of Pain,2,,41.78266,-71.41918
920028,2025-00000007,2025-01-01,12:21:00 AM,Vehicle - Vehicle,,dorchester ave,VIOLA ST,Cesar Franco,668,2025-01-01,"Two-Way , Not Divided",Wet,Dark - Not Lighted,Rain,"Sidwswipe, Opposite Direction",No,No Controls,2,0,No Injury,2,,41.81206,-71.45201
920030,2025-00000025,2025-01-01,12:59:00 AM,Vehicle - Parked Vehicle,,BURNETT ST,DEXTER ST,Pedro Saravia,611,2025-01-01,"Two-Way , Not Divided",Wet,Dark - Lighted,Rain,Unknown,"Yes, M/V and Driver Left Scene",No Controls,1,0,Unknown,2,,41.80288,-71.42967
920031,2025-00000003,2025-01-01,12:09:00 AM,Vehicle - Pedestrian,Pedestrian,PLAINFIELD ST,BARROWS ST,Dondre Dacosta,662,2025-01-01,"Two-Way , Not Divided",Wet,Daylight,Rain,Unknown,"Yes, Driver Left Scene",No Controls,1,0,Unknown,1,,41.81286,-71.45783
920035,2025-00000045,2025-01-01,2:17:00 AM,Vehicle - Vehicle,,S WATER ST,S WATER ST,Joel Ikuejamofo,143,2025-01-01,One-Way Trafficway,Wet,Dark - Lighted,Rain,Angle (Front - to - Side) Same Direction,No,Stop Signs,5,0,No Injury,2,,41.8237,-71.40718
920036,2025-00000058,2025-01-01,3:03:00 AM,Vehicle - Vehicle,,ALDRICH ST,EDDY ST,Tyler Houlihan,617,2025-01-01,"Two-Way, Divided, Unprotected (painted>4feet) Medium",Wet,Dark - Lighted,Rain,Angle (Front - to - Side) Right Angle (Includes Broadside),No,Stop Signs,5,1,Complains Of Pain,2,,41.79584,-71.4047
920037,2025-00000023,2025-01-01,1:02:00 AM,Vehicle - Vehicle,,MONTGOMERY AVE,F C GREENE MEMORIAL BLVD,Christopher Fernandez,623,2025-01-01,"Two-Way, Divided, Unprotected (painted>4feet) Medium",Wet,Dark - Lighted,Rain,"Sidwswipe, Opposite Direction",No,No Controls,5,0,No Injury,2,,41.78583,-71.4058
920039,2025-00000068,2025-01-01,3:24:00 AM,Vehicle - Parked Vehicle,,POCASSET AVE,WEBSTER AVE,Cesar Franco,668,2025-01-01,"Two-Way , Not Divided",Wet,Dark - Unknown Lighting,Rain,Not a Collision Between Two Motor Vehicles in Transport,"Yes, Driver Left Scene",No Controls,2,0,No Injury,2,,41.84266,-71.42765
920046,2025-00000080,2025-01-01,3:52:00 AM,Vehicle - Vehicle,,UNION AVE,UNION AVE EXIT,Dondre Dacosta,662,2025-01-01,One-Way Trafficway,Wet,Dark - Lighted,Rain,Rear End(Front-to-Rear),"Yes, M/V and Driver Left Scene",No Controls,2,0,No Injury,2,,41.8088,-71.44019
920047,2025-00000049,2025-01-01,2:35:00 AM,Vehicle - Vehicle,,VALLEY ST/AMHERST ST,GENNARO PL,Gabrielle O'Loughlin,680,2025-01-01,"Two-Way , Not Divided",Wet,Dark - Lighted,Rain,Head-On (Front - to - Front),"Yes, M/V and Driver Left Scene",No Controls,3,0,No Injury,2,,41.82226,-71.43999
920050,2025-00000113,2025-01-01,6:56:00 AM,Vehicle - Vehicle,,BURNSIDE ST,POTTERS AVE,Alexandria O'Loughlin,676,2025-01-01,"Two-Way , Not Divided",Wet,Dawn,Rain,Rear - to - Side,No,No Controls,2,0,No Injury,2,,41.8041,-71.41191
920053,2025-00000181,2025-01-01,2:38:00 PM,Vehicle - Pedestrian,Scooter,HAWKINS ST,APPIAN ST,Raymond Criner,340,2025-01-01,"Two-Way , Not Divided",Dry,Daylight,Clear,Not a Collision Between Two Motor Vehicles in Transport,No,Pavement Markings,2,1,Complains Of Pain,1,,41.84677,-71.42756
920058,2025-00000232,2025-01-01,6:58:00 PM,Vehicle - Vehicle,,GOVERNOR ST,WICKENDEN ST,Ptlw. Martinez,146,2025-01-01,"Two-Way , Not Divided",Wet,Dark - Lighted,Clear,Rear End(Front-to-Rear),No,No Controls,3,0,No Injury,3,,,
920059,2025-00000008,2025-01-01,12:22:00 AM,Vehicle - Vehicle,,DEAN ST,ATWELLS AVE,Hector Viruet,614,2025-01-02,"Two-Way , Not Divided",Wet,Dark - Lighted,Rain,Rear End(Front-to-Rear),No,No Controls,5,0,No Injury,2,,41.82331,-71.42412
920068,2025-00000176,2025-01-01,8:30:00 AM,Vehicle - Vehicle,,SERVICE ROAD 7,ATWELLS AVE,Quincy Griffin,970,2025-01-02,One-Way Trafficway,Dry,Daylight,Clear,"Sideswipe, Same Direction","Yes, M/V and Driver Left Scene",No Controls,2,0,Unknown,2,,41.82312,-71.42054
920061,2025-00000035,2025-01-01,1:45:00 AM,Vehicle - Vehicle,,ATWELLS AVE,EAGLE ST,Hector Viruet,614,2025-01-02,"Two-Way , Not Divided",Wet,Dark - Lighted,Rain,Angle (Front - to - Side) Same Direction,No,No Controls,2,0,No Injury,2,,41.82446,-71.43554
920145,2025-00000690,2025-01-01,,Vehicle - Parked Vehicle,,WAVERLY ST,UNION AVE,Quincy Griffin,970,2025-01-06,"Two-Way , Not Divided",Dry,Unknown,Clear,Unknown,No,No Controls,2,0,Unknown,2,,41.80965,-71.43727
920143,2025-00000900,2025-01-01,,Vehicle - Parked Vehicle,,LINWOOD AVE,SORRENTO ST,Quincy Griffin,970,2025-01-06,"Two-Way , Not Divided",Dry,Dark - Lighted,Clear,"Sideswipe, Same Direction","Yes, M/V and Driver Left Scene",No Controls,1,0,Unknown,2,,41.80796,-71.43757
920207,2025-00001875,2025-01-01,3:09:00 PM,Vehicle - Vehicle,,HARTFORD AVE,LAUREL HILL AVE,Jeffrey Gagnon,317,2025-01-08,"Two-Way , Not Divided",Dry,Daylight,Clear,"Sideswipe, Same Direction",No,No Controls,3,0,No Injury,2,2,41.81795,-71.45532